window,start_row,stop_row,n_rows,novel_prevalence,known_macro_f1,known_balanced_accuracy,known_mcc,all_class_exact_macro_f1,novel_auprc,novel_auroc,known_success_rate,novel_safe_or_correct_rate,resilience_score,false_unknown_rate,novel_non_rejection_rate,coverage,selective_risk,ece,drift_triggered,drift_reason,mean_shift_score,predicted_unknown_rate,labels_queried,cumulative_labels_queried,update_performed,source_holdout_macro_f1,source_forgetting
0,0,500,500,0.0,0.16481294236602628,0.163,,0.32962588473205257,,,0.978,,0.978,0.0,,1.0,0.022,0.6282381257411277,False,none,0.12344098692380093,0.0,0,0,False,0.3402745331018427,0.0
1,500,1000,500,0.0,0.16447146234380278,0.16233333333333333,,0.32894292468760555,,,0.974,,0.974,0.0,,1.0,0.026,0.6230985381277285,False,none,0.105286823325214,0.0,0,0,False,0.3402745331018427,0.0
2,1000,1500,500,0.0,0.16532258064516128,0.164,,0.33064516129032256,,,0.984,,0.984,0.0,,1.0,0.016,0.6295502028679719,False,none,0.1180800878917917,0.0,0,0,False,0.3402745331018427,0.0
3,1500,2000,500,0.0,0.16566063044936283,0.16466666666666666,,0.33132126089872566,,,0.988,,0.988,0.0,,1.0,0.012,0.646016723047722,False,none,0.12539569338618387,0.0,0,0,False,0.3402745331018427,0.0
4,2000,2500,500,0.0,0.16447146234380278,0.16233333333333333,,0.32894292468760555,,,0.974,,0.974,0.0,,1.0,0.026,0.6238791171578281,False,none,0.12214940330260823,0.0,0,0,False,0.3402745331018427,0.0
5,2500,3000,500,0.0,0.16309159005788218,0.15966666666666665,,0.32618318011576436,,,0.958,,0.958,0.0,,1.0,0.042,0.6053139235755701,False,none,0.12829606732230772,0.0,0,0,False,0.3402745331018427,0.0
6,3000,3500,500,0.0,0.1651530440632358,0.16366666666666665,,0.3303060881264716,,,0.982,,0.982,0.0,,1.0,0.018,0.6277309800087861,False,none,0.10408477996856448,0.0,0,0,False,0.3402745331018427,0.0
7,3500,4000,500,0.0,0.16481294236602628,0.163,,0.32962588473205257,,,0.978,,0.978,0.0,,1.0,0.022,0.6261492460261383,False,none,0.10340864520353514,0.0,0,0,False,0.3402745331018427,0.0
8,4000,4500,500,0.0,0.16566063044936283,0.16466666666666666,,0.4969818913480885,,,0.988,,0.988,0.0,,1.0,0.012,0.648317321495399,False,none,0.12873781701154832,0.0,0,0,False,0.3402745331018427,0.0
9,4500,5000,500,0.0,0.16633266533066132,0.166,,0.33266533066132264,,,0.996,,0.996,0.0,,1.0,0.004,0.6480084859275932,False,none,0.10971745013499669,0.0,0,0,False,0.3402745331018427,0.0
10,5000,5500,500,0.0,0.16464237516869096,0.16266666666666665,,0.3292847503373819,,,0.976,,0.976,0.0,,1.0,0.024,0.6319735114564612,False,none,0.1059554858015855,0.0,0,0,False,0.3402745331018427,0.0
11,5500,6000,500,0.0,0.16464237516869096,0.16266666666666665,,0.3292847503373819,,,0.976,,0.976,0.0,,1.0,0.024,0.6372121862410732,False,none,0.12102269774245877,0.0,0,0,False,0.3402745331018427,0.0
12,6000,6500,500,0.0,0.16361167684996605,0.16066666666666665,,0.3272233536999321,,,0.964,,0.964,0.0,,1.0,0.036,0.6278055141561647,False,none,0.10769674869214692,0.0,0,0,False,0.3402745331018427,0.0
13,6500,7000,500,0.0,0.16378433367243134,0.161,,0.3275686673448627,,,0.966,,0.966,0.0,,1.0,0.034,0.6285176553709139,False,none,0.1272246410879876,0.0,0,0,False,0.3402745331018427,0.0
14,7000,7500,500,0.0,0.16430020283975658,0.162,,0.32860040567951315,,,0.972,,0.972,0.0,,1.0,0.028,0.6236634926100355,False,none,0.10856951094751685,0.0,0,0,False,0.3402745331018427,0.0
15,7500,8000,500,0.0,0.16566063044936283,0.16466666666666666,,0.4969818913480885,,,0.988,,0.988,0.0,,1.0,0.012,0.6366414051119736,False,none,0.1326977461907752,0.0,0,0,False,0.3402745331018427,0.0
16,8000,8500,500,0.0,0.16616516215312604,0.16566666666666666,,0.49849548645937813,,,0.994,,0.994,0.0,,1.0,0.006,0.5957045891246212,False,none,0.11286178129894069,0.0,0,0,False,0.3402745331018427,0.0
17,8500,9000,500,0.0,0.1658291457286432,0.165,,0.3316582914572864,,,0.99,,0.99,0.0,,1.0,0.01,0.5821287462989633,False,none,0.10722840279778949,0.0,0,0,False,0.3402745331018427,0.0
18,9000,9500,500,0.0,0.16532258064516128,0.164,,0.33064516129032256,,,0.984,,0.984,0.0,,1.0,0.016,0.6232944063159923,False,none,0.123031965021906,0.0,0,0,False,0.3402745331018427,0.0
19,9500,10000,500,0.0,0.16566063044936283,0.16466666666666666,,0.33132126089872566,,,0.988,,0.988,0.0,,1.0,0.012,0.6476452258784808,False,none,0.1072227338695442,0.0,0,0,False,0.3402745331018427,0.0
20,10000,10500,500,0.0,0.16616516215312604,0.16566666666666666,,0.49849548645937813,,,0.994,,0.994,0.0,,1.0,0.006,0.6590320934352156,False,none,0.12825729559297855,0.0,0,0,False,0.3402745331018427,0.0
21,10500,11000,500,0.0,0.1651530440632358,0.16366666666666665,,0.3303060881264716,,,0.982,,0.982,0.0,,1.0,0.018,0.6425861477792266,False,none,0.1132721214308328,0.0,0,0,False,0.3402745331018427,0.0
22,11000,11500,500,0.0,0.16498316498316498,0.16333333333333333,,0.32996632996632996,,,0.98,,0.98,0.0,,1.0,0.02,0.6442998019894516,False,none,0.10617618372560203,0.0,0,0,False,0.3402745331018427,0.0
23,11500,12000,500,0.0,0.16481294236602628,0.163,,0.32962588473205257,,,0.978,,0.978,0.0,,1.0,0.022,0.5859061649096887,False,none,0.10287967445612031,0.0,0,0,False,0.3402745331018427,0.0
24,12000,12500,500,0.0,0.16599732262382863,0.16533333333333333,,0.33199464524765726,,,0.992,,0.992,0.0,,1.0,0.008,0.5927313184920784,False,none,0.10701722968534766,0.0,0,0,False,0.3402745331018427,0.0
25,12500,13000,500,0.0,0.16361167684996605,0.16066666666666665,,0.3272233536999321,,,0.964,,0.964,0.0,,1.0,0.036,0.589901741492299,False,none,0.10893385746644933,0.0,0,0,False,0.3402745331018427,0.0
26,13000,13500,500,0.0,0.16532258064516128,0.164,,0.33064516129032256,,,0.984,,0.984,0.0,,1.0,0.016,0.644414720573259,False,none,0.11382378991840307,0.0,0,0,False,0.3402745331018427,0.0
27,13500,14000,500,0.0,0.1629175187457396,0.15933333333333333,,0.3258350374914792,,,0.956,,0.956,0.0,,1.0,0.044,0.5988706728384535,False,none,0.10862706040986925,0.0,0,0,False,0.3402745331018427,0.0
28,14000,14500,500,0.0,0.1658291457286432,0.165,,0.3316582914572864,,,0.99,,0.99,0.0,,1.0,0.01,0.6241981795728251,False,none,0.1145204800063497,0.0,0,0,False,0.3402745331018427,0.0
29,14500,15000,500,0.0,0.16532258064516128,0.164,,0.33064516129032256,,,0.984,,0.984,0.0,,1.0,0.016,0.6351752093140934,False,none,0.10040243878868393,0.0,0,0,False,0.3402745331018427,0.0
30,15000,15500,500,0.0,0.16532258064516128,0.164,,0.33064516129032256,,,0.984,,0.984,0.0,,1.0,0.016,0.625444086033714,False,none,0.10863187370496225,0.0,0,0,False,0.3402745331018427,0.0
31,15500,16000,500,0.0,0.1658291457286432,0.165,,0.49748743718592964,,,0.99,,0.99,0.0,,1.0,0.01,0.6356413444797865,False,none,0.1104140083259209,0.0,0,0,False,0.3402745331018427,0.0
32,16000,16500,500,0.0,0.3530340070470222,0.37170675830469646,0.3410176633801868,0.42364080845642665,,,0.888,,0.888,0.0,,1.0,0.112,0.5034165366501782,False,none,0.4048831457440021,0.0,0,0,False,0.3402745331018427,0.0
33,16500,17000,500,0.0,0.25177675371223757,0.28082437275985667,0.4631081995312973,0.25177675371223757,,,0.928,,0.928,0.0,,1.0,0.072,0.5498995468543809,False,none,0.059785253477944236,0.0,0,0,False,0.3402745331018427,0.0
34,17000,17500,500,0.0,0.2989243658336604,0.33798399586990197,0.5377202006261764,0.2989243658336604,,,0.906,,0.906,0.0,,1.0,0.094,0.5492847856586164,False,none,0.07293577500772203,0.0,0,0,False,0.3402745331018427,0.0
35,17500,18000,500,0.0,0.30856531668256587,0.36331845238095245,0.5419287059799403,0.30856531668256587,,,0.902,,0.902,0.0,,1.0,0.098,0.5315194825598016,False,none,0.05410197506048533,0.0,0,0,False,0.3402745331018427,0.0
36,18000,18500,500,0.0,0.1651469098277609,0.1636546184738956,0.21074772594291735,0.24772036474164133,,,0.978,,0.978,0.0,,1.0,0.022,0.6201004152347724,False,none,0.11366941330174468,0.0,0,0,False,0.3402745331018427,0.0
37,18500,19000,500,0.0,0.1654917757636791,0.16433333333333333,,0.3309835515273582,,,0.986,,0.986,0.0,,1.0,0.014,0.6204185620909133,False,none,0.11407624342288618,0.0,0,0,False,0.3402745331018427,0.0
38,19000,19500,500,0.0,0.16395663956639567,0.16133333333333333,,0.32791327913279134,,,0.968,,0.968,0.0,,1.0,0.032,0.6237605459585899,False,none,0.10492037833810566,0.0,0,0,False,0.3402745331018427,0.0
39,19500,20000,500,0.0,0.16481294236602628,0.163,,0.32962588473205257,,,0.978,,0.978,0.0,,1.0,0.022,0.6429473031106678,False,none,0.11787298520609685,0.0,0,0,False,0.3402745331018427,0.0
40,20000,20500,500,0.0,0.3368969067537466,0.39718728162124384,0.43039411179610726,0.3368969067537466,,,0.936,,0.936,0.0,,1.0,0.064,0.5968364577456492,False,none,0.0818195757109346,0.0,0,0,False,0.3402745331018427,0.0
41,20500,21000,500,0.0,0.37243767788880566,0.42594562647754136,0.49518509484142154,0.37243767788880566,,,0.932,,0.932,0.0,,1.0,0.068,0.5884646384652402,False,none,0.08327817793151394,0.0,0,0,False,0.3402745331018427,0.0
42,21000,21500,500,0.0,0.3007392750158024,0.30921690250048456,0.5509159941112023,0.3007392750158024,,,0.942,,0.942,0.0,,1.0,0.058,0.5923743499728953,False,none,0.07320548558678619,0.0,0,0,False,0.3402745331018427,0.0
43,21500,22000,500,0.0,0.36096256684491984,0.34759804812996303,0.4740301268992137,0.36096256684491984,,,0.934,,0.934,0.0,,1.0,0.066,0.5882635076663483,False,none,0.066368839788304,0.0,0,0,False,0.3402745331018427,0.0
44,22000,22500,500,0.0,0.3145005865594101,0.3009259259259259,0.4976217989206172,0.3145005865594101,,,0.938,,0.938,0.0,,1.0,0.062,0.5776773881779487,False,none,0.07298827597937597,0.0,0,0,False,0.3402745331018427,0.0
45,22500,23000,500,0.0,0.2542201007053376,0.24038420817737297,0.45544374866522486,0.2542201007053376,,,0.918,,0.918,0.0,,1.0,0.082,0.5759182195133122,False,none,0.0635047671667429,0.0,0,0,False,0.3402745331018427,0.0
46,23000,23500,500,0.0,0.24998425630731688,0.31055354631304,0.373461530465047,0.24998425630731688,,,0.928,,0.928,0.0,,1.0,0.072,0.5734868508707264,False,none,0.07902853117104584,0.0,0,0,False,0.3402745331018427,0.0
47,23500,24000,500,0.0,0.3879812572936941,0.5020078288452453,0.5631617028980235,0.3879812572936941,,,0.908,,0.908,0.0,,1.0,0.092,0.548952948201062,False,none,0.07861911695257404,0.0,0,0,False,0.3402745331018427,0.0
48,24000,24500,500,0.0,0.2749585749792875,0.309856697051819,0.4108332348229616,0.2749585749792875,,,0.83,,0.83,0.0,,1.0,0.17,0.5115682325393798,False,none,0.09558488667651016,0.0,0,0,False,0.3402745331018427,0.0
49,24500,25000,500,0.0,0.16531153465057993,0.24340198321891685,0.2963105795154643,0.16531153465057993,,,0.758,,0.758,0.0,,1.0,0.242,0.4391024495627257,False,none,0.1017883031275946,0.0,0,0,False,0.3402745331018427,0.0
50,25000,25500,500,0.0,0.22549733340367217,0.3244047619047619,0.40846126646954506,0.22549733340367217,,,0.848,,0.848,0.0,,1.0,0.152,0.5108540308271083,False,none,0.07484585688710407,0.0,0,0,False,0.3402745331018427,0.0
51,25500,26000,500,0.0,0.39344083965300714,0.5457894158981115,0.584566802613751,0.39344083965300714,,,0.89,,0.89,0.0,,1.0,0.11,0.5412897274208396,False,none,0.07362792143720898,0.0,0,0,False,0.3402745331018427,0.0
52,26000,26500,500,0.0,0.41452601865170385,0.4577115522237474,0.5845796260561431,0.41452601865170385,,,0.91,,0.91,0.0,,1.0,0.09,0.5637174534316887,False,none,0.04368088983344534,0.0,0,0,False,0.3402745331018427,0.0
53,26500,27000,500,0.0,0.26946337415444965,0.3978174603174603,0.397565670223325,0.26946337415444965,,,0.856,,0.856,0.0,,1.0,0.144,0.518180010698869,False,none,0.058639310270279375,0.0,0,0,False,0.3402745331018427,0.0
54,27000,27500,500,0.0,0.3328963285123988,0.3867353735609577,0.44438253026519453,0.3328963285123988,,,0.854,,0.854,0.0,,1.0,0.146,0.5163094680639343,False,none,0.05325026472806298,0.0,0,0,False,0.3402745331018427,0.0
55,27500,28000,500,0.0,0.279711547375402,0.324114369809734,0.40254862339927056,0.279711547375402,,,0.852,,0.852,0.0,,1.0,0.148,0.5093177317649142,False,none,0.06992391229874571,0.0,0,0,False,0.3402745331018427,0.0
56,28000,28500,500,0.0,0.23074430921794006,0.4810357403355215,0.3135298651242016,0.23074430921794006,,,0.826,,0.826,0.0,,1.0,0.174,0.49157012489018337,False,none,0.10153923201405436,0.0,0,0,False,0.3402745331018427,0.0
57,28500,29000,500,0.0,0.24348952842402624,0.41588050314465413,0.2819405221251403,0.24348952842402624,,,0.878,,0.878,0.0,,1.0,0.122,0.5334366167250832,False,none,0.07415189090467415,0.0,0,0,False,0.3402745331018427,0.0
58,29000,29500,500,0.0,0.27300852295005135,0.42461191525068176,0.4225744430957763,0.27300852295005135,,,0.87,,0.87,0.0,,1.0,0.13,0.5185480804157073,False,none,0.08199971465388868,0.0,0,0,False,0.3402745331018427,0.0
59,29500,30000,500,0.0,0.4553159519168291,0.5072003160238455,0.616626287414769,0.4553159519168291,,,0.902,,0.902,0.0,,1.0,0.098,0.547073603196662,False,none,0.07283549266644218,0.0,0,0,False,0.3402745331018427,0.0
60,30000,30500,500,0.0,0.3520963888536269,0.3501037848461139,0.5714400398621513,0.3520963888536269,,,0.884,,0.884,0.0,,1.0,0.116,0.5249774130217807,False,none,0.0657281455830535,0.0,0,0,False,0.3402745331018427,0.0
61,30500,31000,500,0.0,0.3961731572164425,0.40327337249143413,0.604023990297064,0.3961731572164425,,,0.926,,0.926,0.0,,1.0,0.074,0.5802581649860116,False,none,0.07097868403527409,0.0,0,0,False,0.3402745331018427,0.0
62,31000,31500,500,0.0,0.3216574543942682,0.4221160651096956,0.4813624798347767,0.3216574543942682,,,0.928,,0.928,0.0,,1.0,0.072,0.5877887846931827,False,none,0.09596901885880478,0.0,0,0,False,0.3402745331018427,0.0
63,31500,32000,500,0.0,0.3822817020377996,0.38367827106813895,0.5571501793032845,0.3822817020377996,,,0.918,,0.918,0.0,,1.0,0.082,0.5812144825162668,False,none,0.11375985733977588,0.0,0,0,False,0.3402745331018427,0.0
64,32000,32500,500,0.0,0.3987259816207185,0.4209827103991864,0.5456563497810301,0.3987259816207185,,,0.924,,0.924,0.0,,1.0,0.076,0.5665965544256807,False,none,0.08023701577647006,0.0,0,0,False,0.3402745331018427,0.0
65,32500,33000,500,0.0,0.27421760311182175,0.47653655615439056,0.3806317787582963,0.27421760311182175,,,0.918,,0.918,0.0,,1.0,0.082,0.5620713270347825,False,none,0.13461722848625265,0.0,0,0,False,0.3402745331018427,0.0
66,33000,33500,500,0.0,0.2742620517179781,0.2934084434084434,0.4722044552998082,0.2742620517179781,,,0.932,,0.932,0.0,,1.0,0.068,0.5893050908261351,False,none,0.09132435981564656,0.0,0,0,False,0.3402745331018427,0.0
67,33500,34000,500,0.0,0.37780593958013314,0.37889370802084277,0.5388600253983139,0.37780593958013314,,,0.938,,0.938,0.0,,1.0,0.062,0.5955375069573501,False,none,0.10991452237485252,0.0,0,0,False,0.3402745331018427,0.0
68,34000,34500,500,0.0,0.26728772957146657,0.3018756031178391,0.49424716838566946,0.26728772957146657,,,0.874,,0.874,0.0,,1.0,0.126,0.5272913742901186,False,none,0.11102371143835509,0.0,0,0,False,0.3402745331018427,0.0
69,34500,35000,500,0.0,0.34186413372332725,0.5308759581205402,0.564587261612274,0.34186413372332725,,,0.9,,0.9,0.0,,1.0,0.1,0.5488475704640433,False,none,0.04455276908856414,0.0,0,0,False,0.3402745331018427,0.0
70,35000,35500,500,0.0,0.3737414599065085,0.5035766994970031,0.5626188503412624,0.3737414599065085,,,0.938,,0.938,0.0,,1.0,0.062,0.5843451031376964,False,none,0.06484515570823969,0.0,0,0,False,0.3402745331018427,0.0
71,35500,36000,500,0.0,0.3106732348111659,0.3173992673992674,0.5262182426416393,0.3106732348111659,,,0.91,,0.91,0.0,,1.0,0.09,0.5431684132286808,False,none,0.061499348660065456,0.0,0,0,False,0.3402745331018427,0.0
72,36000,36500,500,0.0,0.39369157554237194,0.4519038887941327,0.573479102756971,0.39369157554237194,,,0.904,,0.904,0.0,,1.0,0.096,0.5554163704641736,False,none,0.10863002161767733,0.0,0,0,False,0.3402745331018427,0.0
73,36500,37000,500,0.0,0.25237361139521475,0.39152538308433843,0.47733513301499414,0.25237361139521475,,,0.878,,0.878,0.0,,1.0,0.122,0.5262152925115848,False,none,0.031181657528746125,0.0,0,0,False,0.3402745331018427,0.0
74,37000,37500,500,0.0,0.3430584430584431,0.4622153209109731,0.5201820522181861,0.3430584430584431,,,0.964,,0.964,0.0,,1.0,0.036,0.5781802798953338,False,none,0.07930607847082828,0.0,0,0,False,0.3402745331018427,0.0
75,37500,38000,500,0.0,0.33936191238171437,0.45596002855103496,0.41448410582135276,0.33936191238171437,,,0.896,,0.896,0.0,,1.0,0.104,0.5283958906634417,False,none,0.06259379595963498,0.0,0,0,False,0.3402745331018427,0.0
76,38000,38500,500,0.0,0.3109423676012461,0.3392561983471074,0.5352100438618891,0.3109423676012461,,,0.966,,0.966,0.0,,1.0,0.034,0.6101896901209184,False,none,0.08321273063373542,0.0,0,0,False,0.3402745331018427,0.0
77,38500,39000,500,0.0,0.27094743094743096,0.28218828208029073,0.4003315878849258,0.27094743094743096,,,0.914,,0.914,0.0,,1.0,0.086,0.5401114253352315,False,none,0.06194695271202052,0.0,0,0,False,0.3402745331018427,0.0
78,39000,39500,500,0.0,0.2917083517083517,0.3346436058700209,0.2714514043084626,0.2917083517083517,,,0.892,,0.892,0.0,,1.0,0.108,0.5577824740789783,False,none,0.09608716083747666,0.0,0,0,False,0.3402745331018427,0.0
79,39500,40000,500,0.0,0.29101087812809034,0.3190643274853801,0.45689374556348644,0.29101087812809034,,,0.944,,0.944,0.0,,1.0,0.056,0.5990308647942165,False,none,0.07372145724810145,0.0,0,0,False,0.3402745331018427,0.0
80,40000,40500,500,0.0,0.28372652277170607,0.3047211242863417,0.47381888591059174,0.28372652277170607,,,0.924,,0.924,0.0,,1.0,0.076,0.5790206027682514,False,none,0.06976765414884073,0.0,0,0,False,0.3402745331018427,0.0
81,40500,41000,500,0.0,0.3382679089289872,0.30975877192982454,0.4160051315567065,0.3382679089289872,,,0.894,,0.894,0.0,,1.0,0.106,0.5683088460283484,False,none,0.07872789652542853,0.0,0,0,False,0.3402745331018427,0.0
82,41000,41500,500,0.0,0.3523348968531255,0.374315454193503,0.5560387294276594,0.3523348968531255,,,0.918,,0.918,0.0,,1.0,0.082,0.5578152591426989,False,none,0.05095182634130567,0.0,0,0,False,0.3402745331018427,0.0
83,41500,42000,500,0.0,0.27972094526893937,0.3066816816816817,0.44039672489429815,0.27972094526893937,,,0.848,,0.848,0.0,,1.0,0.152,0.518241253931814,False,none,0.08431038809774327,0.0,0,0,False,0.3402745331018427,0.0
84,42000,42500,500,0.0,0.2050436123016768,0.26600403341976375,0.3722495436307086,0.2050436123016768,,,0.832,,0.832,0.0,,1.0,0.168,0.49408602181184774,False,none,0.10422467195724273,0.0,0,0,False,0.3402745331018427,0.0
85,42500,43000,500,0.0,0.2732755791762003,0.28864226657506836,0.44013639148986133,0.2732755791762003,,,0.844,,0.844,0.0,,1.0,0.156,0.4881981754113052,False,none,0.05832363001261333,0.0,0,0,False,0.3402745331018427,0.0
86,43000,43500,500,0.0,0.2824034605790786,0.3009374281113411,0.4336935780214843,0.2824034605790786,,,0.88,,0.88,0.0,,1.0,0.12,0.5331712304049402,False,none,0.06849604438588362,0.0,0,0,False,0.3402745331018427,0.0
87,43500,44000,500,0.0,0.35530996365781303,0.4198662378333679,0.527147998345795,0.35530996365781303,,,0.89,,0.89,0.0,,1.0,0.11,0.5811953571638068,False,none,0.08470069293203042,0.0,0,0,False,0.3402745331018427,0.0
88,44000,44500,500,0.0,0.3789847294599569,0.45235507246376816,0.5408119148978805,0.3789847294599569,,,0.908,,0.908,0.0,,1.0,0.092,0.5559992807801644,False,none,0.09309143949697386,0.0,0,0,False,0.3402745331018427,0.0
89,44500,45000,500,0.0,0.41953341723162696,0.4595370370370371,0.5805806506772004,0.41953341723162696,,,0.906,,0.906,0.0,,1.0,0.094,0.5538286760442233,False,none,0.043124337578521084,0.0,0,0,False,0.3402745331018427,0.0
90,45000,45500,500,0.0,0.28637276837888687,0.3870317810715162,0.3796125666749972,0.28637276837888687,,,0.846,,0.846,0.0,,1.0,0.154,0.4941752577492887,False,none,0.07330745884694571,0.0,0,0,False,0.3402745331018427,0.0
91,45500,46000,500,0.0,0.231834698768646,0.424963924963925,0.33104577093793475,0.231834698768646,,,0.828,,0.828,0.0,,1.0,0.172,0.49522212249905057,False,none,0.09654995892264069,0.0,0,0,False,0.3402745331018427,0.0
92,46000,46500,500,0.0,0.34956646487577253,0.4166282548924471,0.4406581991413988,0.34956646487577253,,,0.87,,0.87,0.0,,1.0,0.13,0.5357779821543983,False,none,0.1311411479412518,0.0,0,0,False,0.3402745331018427,0.0
93,46500,47000,500,0.0,0.25553372275117153,0.29004046062869593,0.41762458838937006,0.25553372275117153,,,0.878,,0.878,0.0,,1.0,0.122,0.5280345312063175,False,none,0.0676267786450809,0.0,0,0,False,0.3402745331018427,0.0
94,47000,47500,500,0.0,0.3437008150725236,0.36147124766614325,0.5039116427399541,0.3437008150725236,,,0.866,,0.866,0.0,,1.0,0.134,0.5333435752291583,False,none,0.15009023683070613,0.0,0,0,False,0.3402745331018427,0.0
95,47500,48000,500,0.0,0.3509295200754073,0.37109306562948946,0.4989149197540139,0.3509295200754073,,,0.888,,0.888,0.0,,1.0,0.112,0.5351836291607929,False,none,0.05606224745006021,0.0,0,0,False,0.3402745331018427,0.0
96,48000,48500,500,0.0,0.2907822041291073,0.33230741540676745,0.44767466918346005,0.2907822041291073,,,0.898,,0.898,0.0,,1.0,0.102,0.5606359161951702,False,none,0.08570162712584976,0.0,0,0,False,0.3402745331018427,0.0
97,48500,49000,500,0.0,0.34885966318714856,0.39559897987317344,0.41946343621111254,0.34885966318714856,,,0.874,,0.874,0.0,,1.0,0.126,0.5472448904798086,False,none,0.06796635837866642,0.0,0,0,False,0.3402745331018427,0.0
98,49000,49500,500,0.0,0.28997789614275954,0.43664600048626306,0.43793416636111326,0.28997789614275954,,,0.876,,0.876,0.0,,1.0,0.124,0.5304152927984713,False,none,0.04036609837537408,0.0,0,0,False,0.3402745331018427,0.0
99,49500,50000,500,0.0,0.2673675530818388,0.32626405970776834,0.39975254248403336,0.2673675530818388,,,0.864,,0.864,0.0,,1.0,0.136,0.5173766268174692,False,none,0.08049056810280744,0.0,0,0,False,0.3402745331018427,0.0
100,50000,50500,500,0.0,0.19534956124302708,0.2359353023909986,0.2870938355645442,0.19534956124302708,,,0.874,,0.874,0.0,,1.0,0.126,0.539540485357138,False,none,0.11487344031773562,0.0,0,0,False,0.3402745331018427,0.0
101,50500,51000,500,0.0,0.22620822777174568,0.3506726750261233,0.3969705272285535,0.22620822777174568,,,0.908,,0.908,0.0,,1.0,0.092,0.5591673002874957,False,none,0.07747927392433496,0.0,0,0,False,0.3402745331018427,0.0
102,51000,51500,500,0.0,0.24838228299114695,0.32443297860905085,0.4854214230864652,0.24838228299114695,,,0.88,,0.88,0.0,,1.0,0.12,0.5414666291033996,False,none,0.06021851599822519,0.0,0,0,False,0.3402745331018427,0.0
103,51500,52000,500,0.0,0.3010952148890746,0.3353935109512913,0.5254975277411726,0.3010952148890746,,,0.878,,0.878,0.0,,1.0,0.122,0.5288914103387469,False,none,0.020142514270693614,0.0,0,0,False,0.3402745331018427,0.0
104,52000,52500,500,0.0,0.34855889003871066,0.4340334462285682,0.5831074542235436,0.34855889003871066,,,0.914,,0.914,0.0,,1.0,0.086,0.5648206189686511,False,none,0.09260548364771862,0.0,0,0,False,0.3402745331018427,0.0
105,52500,53000,500,0.0,0.37144598054275474,0.3863610478359909,0.604686104761911,0.37144598054275474,,,0.908,,0.908,0.0,,1.0,0.092,0.564145898979075,False,none,0.05992215593480567,0.0,0,0,False,0.3402745331018427,0.0
106,53000,53500,500,0.0,0.2943906752563617,0.3081352971296046,0.5499861661455074,0.2943906752563617,,,0.844,,0.844,0.0,,1.0,0.156,0.5005009258469388,False,none,0.10311713657739209,0.0,0,0,False,0.3402745331018427,0.0
107,53500,54000,500,0.0,0.32809926920971483,0.3948377330730272,0.4817719385146391,0.32809926920971483,,,0.864,,0.864,0.0,,1.0,0.136,0.5248619966641715,False,none,0.0429150657105587,0.0,0,0,False,0.3402745331018427,0.0
108,54000,54500,500,0.0,0.315504714040829,0.39517379777211903,0.543960946687341,0.315504714040829,,,0.93,,0.93,0.0,,1.0,0.07,0.5817924287475036,False,none,0.06545911747991223,0.0,0,0,False,0.3402745331018427,0.0
109,54500,55000,500,0.0,0.3880598691866297,0.447861221576425,0.4789202927115439,0.3880598691866297,,,0.922,,0.922,0.0,,1.0,0.078,0.5840466012309506,False,none,0.08236058197313334,0.0,0,0,False,0.3402745331018427,0.0
110,55000,55500,500,0.0,0.2751215068300649,0.3872856031765524,0.4131556261884185,0.33014580819607786,,,0.944,,0.944,0.0,,1.0,0.056,0.6042032437227765,False,none,0.10159104161213671,0.0,0,0,False,0.3402745331018427,0.0
111,55500,56000,500,0.0,0.2282504296835507,0.3436041083099906,0.3663615753133857,0.2282504296835507,,,0.928,,0.928,0.0,,1.0,0.072,0.569021400342005,False,none,0.1082611540254234,0.0,0,0,False,0.3402745331018427,0.0
112,56000,56500,500,0.0,0.32353440566414865,0.35345188284518825,0.43548885361803885,0.32353440566414865,,,0.94,,0.94,0.0,,1.0,0.06,0.5844183838653637,False,none,0.11347842383969667,0.0,0,0,False,0.3402745331018427,0.0
113,56500,57000,500,0.0,0.29844933606630425,0.2921338368936622,0.5154377109121853,0.29844933606630425,,,0.922,,0.922,0.0,,1.0,0.078,0.5767569073075778,False,none,0.07245623650530816,0.0,0,0,False,0.3402745331018427,0.0
114,57000,57500,500,0.0,0.29240314205831447,0.30302402911098564,0.5413445009093519,0.29240314205831447,,,0.934,,0.934,0.0,,1.0,0.066,0.5938277538599245,False,none,0.08058942073279796,0.0,0,0,False,0.3402745331018427,0.0
115,57500,58000,500,0.0,0.3737321287853202,0.4793179983857949,0.5033090831242613,0.3737321287853202,,,0.942,,0.942,0.0,,1.0,0.058,0.585305586885097,False,none,0.09535641924703586,0.0,0,0,False,0.3402745331018427,0.0
116,58000,58500,500,0.0,0.35861700995762846,0.4570588788562829,0.5423520469282355,0.35861700995762846,,,0.884,,0.884,0.0,,1.0,0.116,0.5455987195610807,False,none,0.07474936883516818,0.0,0,0,False,0.3402745331018427,0.0
117,58500,59000,500,0.0,0.23916106275818508,0.28111383442265797,0.36741319972846886,0.23916106275818508,,,0.8,,0.8,0.0,,1.0,0.2,0.46845746460700416,False,none,0.09627350796368762,0.0,0,0,False,0.3402745331018427,0.0
118,59000,59500,500,0.0,0.2439686086423093,0.32098884598884597,0.45328498356038177,0.2439686086423093,,,0.848,,0.848,0.0,,1.0,0.152,0.4970140628851085,False,none,0.08968716690762726,0.0,0,0,False,0.3402745331018427,0.0
119,59500,60000,500,0.0,0.2999635455140563,0.32374631268436577,0.46466266277095836,0.2999635455140563,,,0.878,,0.878,0.0,,1.0,0.122,0.5180460286135428,False,none,0.08431409623223701,0.0,0,0,False,0.3402745331018427,0.0
120,60000,60500,500,0.0,0.30761039084530745,0.43573559177586024,0.4407538324387567,0.30761039084530745,,,0.852,,0.852,0.0,,1.0,0.148,0.5169631400017316,False,none,0.0673976159570278,0.0,0,0,False,0.3402745331018427,0.0
121,60500,61000,500,0.0,0.3055835338444034,0.3722593831289483,0.4401459472911182,0.3055835338444034,,,0.87,,0.87,0.0,,1.0,0.13,0.527285407090041,False,none,0.08941060285267316,0.0,0,0,False,0.3402745331018427,0.0
122,61000,61500,500,0.0,0.25620391611421905,0.3472651144887839,0.3799667490352168,0.25620391611421905,,,0.83,,0.83,0.0,,1.0,0.17,0.4870143739504532,False,none,0.08600381855772224,0.0,0,0,False,0.3402745331018427,0.0
123,61500,62000,500,0.0,0.34830194533269826,0.440338860850757,0.44551498200417783,0.34830194533269826,,,0.846,,0.846,0.0,,1.0,0.154,0.5044927129347078,False,none,0.05885462818205436,0.0,0,0,False,0.3402745331018427,0.0
124,62000,62500,500,0.0,0.29083176866357646,0.3606744298884037,0.3911626724998622,0.29083176866357646,,,0.85,,0.85,0.0,,1.0,0.15,0.5219066761927547,False,none,0.05941803442725009,0.0,0,0,False,0.3402745331018427,0.0
125,62500,63000,500,0.0,0.2052417148944747,0.3810028248587571,0.2626218853609517,0.2052417148944747,,,0.866,,0.866,0.0,,1.0,0.134,0.5443462222426406,False,none,0.06801176213853405,0.0,0,0,False,0.3402745331018427,0.0
126,63000,63500,500,0.0,0.3815007350812978,0.6048387096774194,0.47443308681022384,0.3815007350812978,,,0.892,,0.892,0.0,,1.0,0.108,0.5401795852014069,False,none,0.04764891696333156,0.0,0,0,False,0.3402745331018427,0.0
127,63500,64000,500,0.0,0.25378060702432415,0.28455433455433454,0.43575601750572374,0.25378060702432415,,,0.876,,0.876,0.0,,1.0,0.124,0.5263390213768859,False,none,0.043933296772270834,0.0,0,0,False,0.3402745331018427,0.0
128,64000,64500,500,0.0,0.36783719433719436,0.3601181498240322,0.5953765198036827,0.36783719433719436,,,0.906,,0.906,0.0,,1.0,0.094,0.5581640008621501,False,none,0.05092249240542847,0.0,0,0,False,0.3402745331018427,0.0
129,64500,65000,500,0.0,0.3704288693374069,0.3858771929824561,0.5766060109656757,0.3704288693374069,,,0.908,,0.908,0.0,,1.0,0.092,0.5663233160387909,False,none,0.07570024191057446,0.0,0,0,False,0.3402745331018427,0.0
130,65000,65500,500,0.0,0.2840883742058205,0.3324074074074074,0.44958936756098694,0.2840883742058205,,,0.874,,0.874,0.0,,1.0,0.126,0.5247713637332962,False,none,0.08906216844943404,0.0,0,0,False,0.3402745331018427,0.0
131,65500,66000,500,0.0,0.32516191489515706,0.3878584229390681,0.42632559691094496,0.32516191489515706,,,0.89,,0.89,0.0,,1.0,0.11,0.5461577801135801,False,none,0.10289434398114267,0.0,0,0,False,0.3402745331018427,0.0
132,66000,66500,500,0.0,0.3009300073465571,0.34508547008547,0.4484636010247181,0.3009300073465571,,,0.914,,0.914,0.0,,1.0,0.086,0.5180690043681065,False,none,0.05847035274257661,0.0,0,0,False,0.3402745331018427,0.0
133,66500,67000,500,0.0,0.26049481957842086,0.31137005649717514,0.43222479045242707,0.26049481957842086,,,0.926,,0.926,0.0,,1.0,0.074,0.5491188286923875,False,none,0.06958101443263659,0.0,0,0,False,0.3402745331018427,0.0
134,67000,67500,500,0.0,0.19574642451159222,0.2597680097680098,0.43925224175347166,0.19574642451159222,,,0.928,,0.928,0.0,,1.0,0.072,0.5773537537532305,False,none,0.072457688162649,0.0,0,0,False,0.3402745331018427,0.0
135,67500,68000,500,0.0,0.23425981271169558,0.2454861111111111,0.29962916063382766,0.2811117752540347,,,0.94,,0.94,0.0,,1.0,0.06,0.5876813051654928,False,none,0.1006667585392483,0.0,0,0,False,0.3402745331018427,0.0
136,68000,68500,500,0.0,0.35344265704994626,0.4192542878448919,0.5939108107527613,0.35344265704994626,,,0.918,,0.918,0.0,,1.0,0.082,0.5882358266650998,False,none,0.11419189966954318,0.0,0,0,False,0.3402745331018427,0.0
137,68500,69000,500,0.0,0.3634987609671154,0.43745126705653026,0.5481271362857064,0.3634987609671154,,,0.888,,0.888,0.0,,1.0,0.112,0.5388145897153845,False,none,0.049566474304053226,0.0,0,0,False,0.3402745331018427,0.0
138,69000,69500,500,0.0,0.32440822830653343,0.3899096717338621,0.560374375154701,0.32440822830653343,,,0.904,,0.904,0.0,,1.0,0.096,0.5580070611458333,False,none,0.0549483666808992,0.0,0,0,False,0.3402745331018427,0.0
139,69500,70000,500,0.0,0.31894760117967214,0.38837621178225207,0.5058151902790983,0.31894760117967214,,,0.884,,0.884,0.0,,1.0,0.116,0.5602892504615418,False,none,0.06323703164680874,0.0,0,0,False,0.3402745331018427,0.0
140,70000,70500,500,0.0,0.3390758795192678,0.3689755329099591,0.5839610218002906,0.3390758795192678,,,0.88,,0.88,0.0,,1.0,0.12,0.5529091684788088,False,none,0.07029248074376662,0.0,0,0,False,0.3402745331018427,0.0
141,70500,71000,500,0.0,0.31927122700932226,0.3384819797375851,0.5792752050056029,0.31927122700932226,,,0.906,,0.906,0.0,,1.0,0.094,0.566889614018737,False,none,0.07089722689987625,0.0,0,0,False,0.3402745331018427,0.0
142,71000,71500,500,0.0,0.2484688366351122,0.3072640632264063,0.3706095205982568,0.2484688366351122,,,0.928,,0.928,0.0,,1.0,0.072,0.5903656794462137,False,none,0.15144853308659423,0.0,0,0,False,0.3402745331018427,0.0
143,71500,72000,500,0.0,0.31144736842105264,0.41526610644257705,0.5482320551385816,0.31144736842105264,,,0.956,,0.956,0.0,,1.0,0.044,0.6122685909436308,False,none,0.0806366430117232,0.0,0,0,False,0.3402745331018427,0.0
144,72000,72500,500,0.0,0.2831054131054131,0.3339302740123533,0.4556746400292789,0.2831054131054131,,,0.932,,0.932,0.0,,1.0,0.068,0.5779561393330525,False,none,0.09538625838188966,0.0,0,0,False,0.3402745331018427,0.0
145,72500,73000,500,0.0,0.31350265787564824,0.3387615930169121,0.5061915113131628,0.31350265787564824,,,0.936,,0.936,0.0,,1.0,0.064,0.5907579344245674,False,none,0.07040573630551045,0.0,0,0,False,0.3402745331018427,0.0
146,73000,73500,500,0.0,0.2558798429766172,0.24839520279434443,0.466517856956444,0.2558798429766172,,,0.928,,0.928,0.0,,1.0,0.072,0.5715661146835129,False,none,0.059338811335859894,0.0,0,0,False,0.3402745331018427,0.0
147,73500,74000,500,0.0,0.24354303295279736,0.235726604019287,0.4059945838797801,0.24354303295279736,,,0.88,,0.88,0.0,,1.0,0.12,0.5470984306625982,False,none,0.06528041981149511,0.0,0,0,False,0.3402745331018427,0.0
148,74000,74500,500,0.0,0.2636412969746303,0.29172771672771675,0.4051044732047082,0.2636412969746303,,,0.898,,0.898,0.0,,1.0,0.102,0.5456365971790537,False,none,0.06462977306047546,0.0,0,0,False,0.3402745331018427,0.0
149,74500,75000,500,0.0,0.2958318754406179,0.3088092463092463,0.5321197458417221,0.2958318754406179,,,0.936,,0.936,0.0,,1.0,0.064,0.5975018353319212,False,none,0.05838720007956676,0.0,0,0,False,0.3402745331018427,0.0
150,75000,75500,500,0.0,0.37064312907370084,0.5222204143616443,0.5479386583316709,0.37064312907370084,,,0.88,,0.88,0.0,,1.0,0.12,0.5392438524905315,False,none,0.0925679060159503,0.0,0,0,False,0.3402745331018427,0.0
151,75500,76000,500,0.0,0.24161616415620993,0.3744120623958085,0.39661452716199846,0.24161616415620993,,,0.828,,0.828,0.0,,1.0,0.172,0.48607253581588383,False,none,0.050854074500184365,0.0,0,0,False,0.3402745331018427,0.0
152,76000,76500,500,0.0,0.23324676920539011,0.29495661605206075,0.36558654580293637,0.23324676920539011,,,0.86,,0.86,0.0,,1.0,0.14,0.5140747106789619,False,none,0.06344475535655428,0.0,0,0,False,0.3402745331018427,0.0
153,76500,77000,500,0.0,0.3547890615049371,0.4014362127053593,0.5696502718978209,0.3547890615049371,,,0.912,,0.912,0.0,,1.0,0.088,0.5572368969567201,False,none,0.07704234048754861,0.0,0,0,False,0.3402745331018427,0.0
154,77000,77500,500,0.0,0.3038214270716356,0.4037155010452224,0.435028332114408,0.3038214270716356,,,0.858,,0.858,0.0,,1.0,0.142,0.5100659709989708,False,none,0.11064565569646068,0.0,0,0,False,0.3402745331018427,0.0
155,77500,78000,500,0.0,0.26877082848949857,0.2960573476702509,0.5192193101414793,0.26877082848949857,,,0.926,,0.926,0.0,,1.0,0.074,0.5543611907802891,False,none,0.06576501166199472,0.0,0,0,False,0.3402745331018427,0.0
156,78000,78500,500,0.0,0.35253731589315,0.3353217972070431,0.47325895602436413,0.35253731589315,,,0.86,,0.86,0.0,,1.0,0.14,0.4803771555612772,False,none,0.062287690394984226,0.0,0,0,False,0.3402745331018427,0.0
157,78500,79000,500,0.0,0.2325130433758494,0.3597685326807382,0.3638610111800784,0.2325130433758494,,,0.892,,0.892,0.0,,1.0,0.108,0.5178694617276716,False,none,0.07625192463011027,0.0,0,0,False,0.3402745331018427,0.0
158,79000,79500,500,0.0,0.27986366336266105,0.38256613756613755,0.4019786479654855,0.3358363960351932,,,0.858,,0.858,0.0,,1.0,0.142,0.492474467619506,False,none,0.09982085598107325,0.0,0,0,False,0.3402745331018427,0.0
159,79500,80000,500,0.0,0.26713518122452834,0.4346671846671846,0.27448699110034325,0.26713518122452834,,,0.816,,0.816,0.0,,1.0,0.184,0.4721273462084664,False,none,0.08708170130586242,0.0,0,0,False,0.3402745331018427,0.0
160,80000,80500,500,0.0,0.2735916209070571,0.3693726053639847,0.417918868776513,0.2735916209070571,,,0.878,,0.878,0.0,,1.0,0.122,0.5097062090869398,False,none,0.06483437196271415,0.0,0,0,False,0.3402745331018427,0.0
161,80500,81000,500,0.0,0.26504123028770915,0.4495056497175141,0.3695684273130316,0.26504123028770915,,,0.904,,0.904,0.0,,1.0,0.096,0.5367535042732311,False,none,0.09437172742863392,0.0,0,0,False,0.3402745331018427,0.0
162,81000,81500,500,0.0,0.35111059404039063,0.50989010989011,0.5243948302554934,0.35111059404039063,,,0.88,,0.88,0.0,,1.0,0.12,0.5242346733537895,False,none,0.05754370700566575,0.0,0,0,False,0.3402745331018427,0.0
163,81500,82000,500,0.0,0.3222463787976229,0.3966703603262085,0.4837390199853835,0.3222463787976229,,,0.83,,0.83,0.0,,1.0,0.17,0.480038164564094,False,none,0.10398387659435901,0.0,0,0,False,0.3402745331018427,0.0
164,82000,82500,500,0.0,0.2608826418082399,0.280982905982906,0.3899428890203164,0.2608826418082399,,,0.894,,0.894,0.0,,1.0,0.106,0.5478565084733541,False,none,0.09066381853393617,0.0,0,0,False,0.3402745331018427,0.0
165,82500,83000,500,0.0,0.37536965230224856,0.4232924523054675,0.49557941517417764,0.37536965230224856,,,0.902,,0.902,0.0,,1.0,0.098,0.5710645858719393,False,none,0.10144320156247803,0.0,0,0,False,0.3402745331018427,0.0
166,83000,83500,500,0.0,0.4015624753521682,0.47226507360354913,0.5018347666831063,0.4015624753521682,,,0.906,,0.906,0.0,,1.0,0.094,0.5646769431973934,False,none,0.13273617511225577,0.0,0,0,False,0.3402745331018427,0.0
167,83500,84000,500,0.0,0.3841367935968955,0.45700280112044817,0.5356276532059756,0.3841367935968955,,,0.89,,0.89,0.0,,1.0,0.11,0.5539612435155341,False,none,0.07648474911931034,0.0,0,0,False,0.3402745331018427,0.0
168,84000,84500,500,0.0,0.25168470007593013,0.2721448228414172,0.3625305237317541,0.25168470007593013,,,0.85,,0.85,0.0,,1.0,0.15,0.5188678375910044,False,none,0.09283201315690719,0.0,0,0,False,0.3402745331018427,0.0
169,84500,85000,500,0.0,0.22552160185317405,0.3250039996800256,0.3730724773231892,0.22552160185317405,,,0.87,,0.87,0.0,,1.0,0.13,0.5213147995474794,False,none,0.06530280864891172,0.0,0,0,False,0.3402745331018427,0.0
170,85000,85500,500,0.0,0.2469681666853701,0.23056573056573057,0.33198059310743433,0.2469681666853701,,,0.92,,0.92,0.0,,1.0,0.08,0.5808834662852025,False,none,0.10026173537392075,0.0,0,0,False,0.3402745331018427,0.0
171,85500,86000,500,0.0,0.3722891429027058,0.39737583205325144,0.6624186135333803,0.3722891429027058,,,0.954,,0.954,0.0,,1.0,0.046,0.5965846893282758,False,none,0.07606263753133131,0.0,0,0,False,0.3402745331018427,0.0
172,86000,86500,500,0.0,0.26748268642293443,0.3950685266764562,0.48833872658290306,0.26748268642293443,,,0.888,,0.888,0.0,,1.0,0.112,0.5344186174126094,False,none,0.08356563947560615,0.0,0,0,False,0.3402745331018427,0.0
173,86500,87000,500,0.0,0.28904047613897715,0.4551486199575372,0.5009740710214601,0.28904047613897715,,,0.936,,0.936,0.0,,1.0,0.064,0.5916684393240293,False,none,0.07821235663652841,0.0,0,0,False,0.3402745331018427,0.0
174,87000,87500,500,0.0,0.26517972134410495,0.3510943543481504,0.37753280706199,0.26517972134410495,,,0.848,,0.848,0.0,,1.0,0.152,0.5280065511301628,False,none,0.161217870625946,0.0,0,0,False,0.3402745331018427,0.0
175,87500,88000,500,0.0,0.349531827772237,0.37266378123155613,0.5538435890196154,0.349531827772237,,,0.896,,0.896,0.0,,1.0,0.104,0.5433112410385288,False,none,0.05367730554840826,0.0,0,0,False,0.3402745331018427,0.0
176,88000,88500,500,0.0,0.3716301612653689,0.3495214274234284,0.576200015555595,0.3716301612653689,,,0.878,,0.878,0.0,,1.0,0.122,0.5277415494334298,False,none,0.0570471654205367,0.0,0,0,False,0.3402745331018427,0.0
177,88500,89000,500,0.0,0.3219616160318887,0.33067708908776194,0.5403570103851142,0.3219616160318887,,,0.874,,0.874,0.0,,1.0,0.126,0.5191691558795876,False,none,0.05663344888863536,0.0,0,0,False,0.3402745331018427,0.0
178,89000,89500,500,0.0,0.3871479942091253,0.4919127988748242,0.4432676481544868,0.3871479942091253,,,0.924,,0.924,0.0,,1.0,0.076,0.5912809410067603,False,none,0.07831018476330359,0.0,0,0,False,0.3402745331018427,0.0
179,89500,90000,500,0.0,0.3451571507541657,0.48020833333333335,0.39182140882379374,0.3451571507541657,,,0.924,,0.924,0.0,,1.0,0.076,0.5658249971703887,False,none,0.11556750876519323,0.0,0,0,False,0.3402745331018427,0.0
180,90000,90500,500,0.0,0.43834018834018834,0.4715292215292215,0.5988870094592789,0.43834018834018834,,,0.97,,0.97,0.0,,1.0,0.03,0.6058643041751169,False,none,0.1026924431121358,0.0,0,0,False,0.3402745331018427,0.0
181,90500,91000,500,0.0,0.39944559944559943,0.43492063492063493,0.4565108301305113,0.39944559944559943,,,0.922,,0.922,0.0,,1.0,0.078,0.5578676370635652,False,none,0.06294464836830448,0.0,0,0,False,0.3402745331018427,0.0
182,91000,91500,500,0.0,0.24559526703946832,0.3866959064327486,0.4582184172322687,0.24559526703946832,,,0.91,,0.91,0.0,,1.0,0.09,0.5413339525214497,False,none,0.08219944085822203,0.0,0,0,False,0.3402745331018427,0.0
183,91500,92000,500,0.0,0.31788247213779125,0.3186761229314421,0.4661402362099327,0.31788247213779125,,,0.938,,0.938,0.0,,1.0,0.062,0.564007353886809,False,none,0.10085376269340879,0.0,0,0,False,0.3402745331018427,0.0
184,92000,92500,500,0.0,0.2696703880914407,0.2994314143567875,0.4737464237905952,0.2696703880914407,,,0.922,,0.922,0.0,,1.0,0.078,0.5854679168261504,False,none,0.07112819645376216,0.0,0,0,False,0.3402745331018427,0.0
185,92500,93000,500,0.0,0.23975382047671204,0.2703000723065799,0.4218052400006098,0.23975382047671204,,,0.904,,0.904,0.0,,1.0,0.096,0.5509051032454323,False,none,0.0772533978362955,0.0,0,0,False,0.3402745331018427,0.0
186,93000,93500,500,0.0,0.3635798053170934,0.4040599681260273,0.5197226805302874,0.3635798053170934,,,0.862,,0.862,0.0,,1.0,0.138,0.512565437189339,False,none,0.09574808002711623,0.0,0,0,False,0.3402745331018427,0.0
187,93500,94000,500,0.0,0.2213388237778482,0.2720915191203816,0.4469399699706962,0.2213388237778482,,,0.856,,0.856,0.0,,1.0,0.144,0.49233522290905757,False,none,0.07055547339016309,0.0,0,0,False,0.3402745331018427,0.0
188,94000,94500,500,0.0,0.21761817065684466,0.3250539956803456,0.4006245105145218,0.21761817065684466,,,0.89,,0.89,0.0,,1.0,0.11,0.5465966099889905,False,none,0.0671544886507907,0.0,0,0,False,0.3402745331018427,0.0
189,94500,95000,500,0.0,0.4146996130570741,0.4924603174603175,0.6094608455816438,0.4146996130570741,,,0.924,,0.924,0.0,,1.0,0.076,0.5833247890891406,False,none,0.07157904514898107,0.0,0,0,False,0.3402745331018427,0.0
190,95000,95500,500,0.0,0.49869584307371034,0.4999675121626341,0.6630583411480941,0.49869584307371034,,,0.932,,0.932,0.0,,1.0,0.068,0.5762410335601755,False,none,0.05580339189405775,0.0,0,0,False,0.3402745331018427,0.0
191,95500,96000,500,0.0,0.3453952975064342,0.3789331282752335,0.5321143331094231,0.3453952975064342,,,0.866,,0.866,0.0,,1.0,0.134,0.5154961148663094,False,none,0.049688838221596754,0.0,0,0,False,0.3402745331018427,0.0
192,96000,96500,500,0.0,0.3449881164587047,0.3994678932178932,0.5534270288335552,0.3449881164587047,,,0.874,,0.874,0.0,,1.0,0.126,0.527862835333129,False,none,0.05418493277418121,0.0,0,0,False,0.3402745331018427,0.0
193,96500,97000,500,0.0,0.2637929552882749,0.2782233251857356,0.4150437884742273,0.2637929552882749,,,0.85,,0.85,0.0,,1.0,0.15,0.4947547060085886,False,none,0.04364923030297835,0.0,0,0,False,0.3402745331018427,0.0
194,97000,97500,500,0.0,0.30018586807827274,0.5399470710249624,0.40973634874936066,0.30018586807827274,,,0.838,,0.838,0.0,,1.0,0.162,0.497997424636164,False,none,0.09844088146825664,0.0,0,0,False,0.3402745331018427,0.0
195,97500,98000,500,0.0,0.2149416349857838,0.27460317460317457,0.33374333164672415,0.2149416349857838,,,0.842,,0.842,0.0,,1.0,0.158,0.48006082774652054,False,none,0.09963862019036324,0.0,0,0,False,0.3402745331018427,0.0
196,98000,98500,500,0.0,0.31456742788596287,0.3523464458247067,0.49745874351204866,0.31456742788596287,,,0.904,,0.904,0.0,,1.0,0.096,0.5530472660650513,False,none,0.08453901770466833,0.0,0,0,False,0.3402745331018427,0.0
197,98500,99000,500,0.0,0.26837771969036883,0.408709717750758,0.5013900923390011,0.26837771969036883,,,0.85,,0.85,0.0,,1.0,0.15,0.493161151528521,False,none,0.06560642668175193,0.0,0,0,False,0.3402745331018427,0.0
198,99000,99500,500,0.0,0.3174364123159304,0.31304806304806304,0.5450407276710143,0.3174364123159304,,,0.924,,0.924,0.0,,1.0,0.076,0.5849135068223209,False,none,0.05507529046978031,0.0,0,0,False,0.3402745331018427,0.0
199,99500,100000,500,0.0,0.39316380909717147,0.4059333169089267,0.6141159066593699,0.39316380909717147,,,0.926,,0.926,0.0,,1.0,0.074,0.591562466178324,False,none,0.052712256901939585,0.0,0,0,False,0.3402745331018427,0.0
200,100000,100500,500,0.0,0.4363776008937299,0.5245726495726496,0.6611319855382408,0.4363776008937299,,,0.954,,0.954,0.0,,1.0,0.046,0.5352694382399588,False,none,0.08570319467273682,0.0,0,0,False,0.3402745331018427,0.0
201,100500,101000,500,0.0,0.3637979048538223,0.4180777734425803,0.5425694286953292,0.3637979048538223,,,0.93,,0.93,0.0,,1.0,0.07,0.5201980678722107,False,none,0.09085884776554544,0.0,0,0,False,0.3402745331018427,0.0
202,101000,101500,500,0.0,0.39218468468468465,0.572890192245031,0.5313141622445025,0.39218468468468465,,,0.932,,0.932,0.0,,1.0,0.068,0.5051886975903164,False,none,0.09515213994125944,0.0,0,0,False,0.3402745331018427,0.0
203,101500,102000,500,0.0,0.32002880217932955,0.5366188769414576,0.41333605142060986,0.32002880217932955,,,0.898,,0.898,0.0,,1.0,0.102,0.5098868146377471,False,none,0.08064840135566811,0.0,0,0,False,0.3402745331018427,0.0
204,102000,102500,500,0.0,0.26591889559965487,0.23905367231638416,0.377546666915053,0.26591889559965487,,,0.894,,0.894,0.0,,1.0,0.106,0.546284259421764,False,none,0.06781247332346431,0.0,0,0,False,0.3402745331018427,0.0
205,102500,103000,500,0.0,0.1976190476190476,0.20429292929292928,0.22239469465397776,0.23714285714285716,,,0.968,,0.968,0.0,,1.0,0.032,0.6170278775601574,False,none,0.1010333300377606,0.0,0,0,False,0.3402745331018427,0.0
206,103000,103500,500,0.0,0.26598778822206154,0.29990942028985507,0.5176251324049389,0.26598778822206154,,,0.928,,0.928,0.0,,1.0,0.072,0.5635364715355071,False,none,0.05248780809587375,0.0,0,0,False,0.3402745331018427,0.0
207,103500,104000,500,0.0,0.2997828195196616,0.3849120269944564,0.5072767789767815,0.2997828195196616,,,0.916,,0.916,0.0,,1.0,0.084,0.5723784226271126,False,none,0.0882948909482315,0.0,0,0,False,0.3402745331018427,0.0
208,104000,104500,500,0.0,0.32953518407255067,0.4748289175370197,0.5147946614658869,0.32953518407255067,,,0.856,,0.856,0.0,,1.0,0.144,0.4801606976899273,False,none,0.06335984956327305,0.0,0,0,False,0.3402745331018427,0.0
209,104500,105000,500,0.0,0.34761152678540225,0.4737130479102956,0.5829304602599963,0.34761152678540225,,,0.896,,0.896,0.0,,1.0,0.104,0.5241538340268557,False,none,0.06262315325270164,0.0,0,0,False,0.3402745331018427,0.0
210,105000,105500,500,0.0,0.3553113553113553,0.4120420597122876,0.581314928684821,0.3553113553113553,,,0.928,,0.928,0.0,,1.0,0.072,0.5680213166162742,False,none,0.10468295634680495,0.0,0,0,False,0.3402745331018427,0.0
211,105500,106000,500,0.0,0.3114990586517364,0.3990789692872862,0.5102504346336281,0.3114990586517364,,,0.866,,0.866,0.0,,1.0,0.134,0.5287418829547003,False,none,0.07403070426306407,0.0,0,0,False,0.3402745331018427,0.0
212,106000,106500,500,0.0,0.3414755742341949,0.4367746485724014,0.4848106639669687,0.3414755742341949,,,0.862,,0.862,0.0,,1.0,0.138,0.5178116099133544,False,none,0.06961279492738899,0.0,0,0,False,0.3402745331018427,0.0
213,106500,107000,500,0.0,0.27805831128747793,0.3450500339104508,0.40600004070647705,0.27805831128747793,,,0.882,,0.882,0.0,,1.0,0.118,0.534298132734746,False,none,0.07158729389092322,0.0,0,0,False,0.3402745331018427,0.0
214,107000,107500,500,0.0,0.3581856298837431,0.3924486461251167,0.5313409379026962,0.3581856298837431,,,0.958,,0.958,0.0,,1.0,0.042,0.6013072332068301,False,none,0.07985276323104191,0.0,0,0,False,0.3402745331018427,0.0
215,107500,108000,500,0.0,0.23176920403197776,0.33159722222222227,0.4520170628589296,0.23176920403197776,,,0.956,,0.956,0.0,,1.0,0.044,0.5965547327070916,False,none,0.10750785699649795,0.0,0,0,False,0.3402745331018427,0.0
216,108000,108500,500,0.0,0.418452236766886,0.47474685611628287,0.5308354159040416,0.418452236766886,,,0.94,,0.94,0.0,,1.0,0.06,0.587320155521996,False,none,0.08726649174993288,0.0,0,0,False,0.3402745331018427,0.0
217,108500,109000,500,0.0,0.31172547052375377,0.3164050652107977,0.3777036721752429,0.31172547052375377,,,0.918,,0.918,0.0,,1.0,0.082,0.5655710772769251,False,none,0.06360464328533512,0.0,0,0,False,0.3402745331018427,0.0
218,109000,109500,500,0.0,0.3608736942070276,0.39039710711870956,0.6340414204335615,0.3608736942070276,,,0.954,,0.954,0.0,,1.0,0.046,0.614351845259387,False,none,0.07425192622387138,0.0,0,0,False,0.3402745331018427,0.0
219,109500,110000,500,0.0,0.4979352027043247,0.5637631788342948,0.6248048242846699,0.4979352027043247,,,0.94,,0.94,0.0,,1.0,0.06,0.6005281342718369,False,none,0.08728869715391421,0.0,0,0,False,0.3402745331018427,0.0
220,110000,110500,500,0.0,0.39541296744686577,0.45761251758087207,0.5408207186777295,0.39541296744686577,,,0.95,,0.95,0.0,,1.0,0.05,0.6078593645410098,False,none,0.09658374541439128,0.0,0,0,False,0.3402745331018427,0.0
221,110500,111000,500,0.0,0.3182074253550899,0.4672767857142857,0.523545752070998,0.3182074253550899,,,0.886,,0.886,0.0,,1.0,0.114,0.5489154532017241,False,none,0.09084893960601066,0.0,0,0,False,0.3402745331018427,0.0
222,111000,111500,500,0.0,0.2005949015951329,0.22144249886934783,0.3108811168259024,0.2005949015951329,,,0.796,,0.796,0.0,,1.0,0.204,0.45444843276898533,False,none,0.07862992911810977,0.0,0,0,False,0.3402745331018427,0.0
223,111500,112000,500,0.0,0.17928591470258137,0.3307829498840735,0.3742032551864939,0.17928591470258137,,,0.838,,0.838,0.0,,1.0,0.162,0.4848760552035982,False,none,0.10191992474991574,0.0,0,0,False,0.3402745331018427,0.0
224,112000,112500,500,0.0,0.31977759522940247,0.34469877602924814,0.4856182947252752,0.31977759522940247,,,0.912,,0.912,0.0,,1.0,0.088,0.5674730984682013,False,none,0.055224274446922496,0.0,0,0,False,0.3402745331018427,0.0
225,112500,113000,500,0.0,0.35450779987393255,0.42246849617773535,0.5646275847426456,0.35450779987393255,,,0.908,,0.908,0.0,,1.0,0.092,0.5693300127928753,False,none,0.0851953702303182,0.0,0,0,False,0.3402745331018427,0.0
226,113000,113500,500,0.0,0.267881136330918,0.3123219373219373,0.44344432142148843,0.267881136330918,,,0.908,,0.908,0.0,,1.0,0.092,0.5554501024475904,False,none,0.1149349506278768,0.0,0,0,False,0.3402745331018427,0.0
227,113500,114000,500,0.0,0.34486025021808536,0.3641081871345029,0.5325655141395489,0.34486025021808536,,,0.884,,0.884,0.0,,1.0,0.116,0.5340501977690746,False,none,0.06858813917571052,0.0,0,0,False,0.3402745331018427,0.0
228,114000,114500,500,0.0,0.2799864994986946,0.33891815946610465,0.375908886722639,0.2799864994986946,,,0.84,,0.84,0.0,,1.0,0.16,0.5013153087748844,False,none,0.044576946949753685,0.0,0,0,False,0.3402745331018427,0.0
229,114500,115000,500,0.0,0.2958563191031583,0.4054944392796887,0.39107995550278707,0.2958563191031583,,,0.876,,0.876,0.0,,1.0,0.124,0.5275970644225785,False,none,0.08169006036164277,0.0,0,0,False,0.3402745331018427,0.0
230,115000,115500,500,0.0,0.33331511402620023,0.4870410109680496,0.37018087248488996,0.33331511402620023,,,0.866,,0.866,0.0,,1.0,0.134,0.5348466143517138,False,none,0.07078852823496741,0.0,0,0,False,0.3402745331018427,0.0
231,115500,116000,500,0.0,0.3172247590055809,0.4230439048319843,0.44255312733401325,0.3172247590055809,,,0.866,,0.866,0.0,,1.0,0.134,0.5270093173608986,False,none,0.09389251737761958,0.0,0,0,False,0.3402745331018427,0.0
232,116000,116500,500,0.0,0.2763148947867161,0.28093203093203095,0.42680717329835655,0.2763148947867161,,,0.896,,0.896,0.0,,1.0,0.104,0.5642799879753517,False,none,0.08805969058216227,0.0,0,0,False,0.3402745331018427,0.0
233,116500,117000,500,0.0,0.32337602572301144,0.33756613756613757,0.5337058144772449,0.32337602572301144,,,0.852,,0.852,0.0,,1.0,0.148,0.5168156623604934,False,none,0.12818053974501056,0.0,0,0,False,0.3402745331018427,0.0
234,117000,117500,500,0.0,0.3901676543354431,0.40083805083805085,0.5729201109730097,0.3901676543354431,,,0.892,,0.892,0.0,,1.0,0.108,0.5537776898286678,False,none,0.07606381500289008,0.0,0,0,False,0.3402745331018427,0.0
235,117500,118000,500,0.0,0.20546810619099776,0.20777000777000776,0.4210537670446301,0.20546810619099776,,,0.904,,0.904,0.0,,1.0,0.096,0.5273386466038703,False,none,0.06700808252209858,0.0,0,0,False,0.3402745331018427,0.0
236,118000,118500,500,0.0,0.26834978012708205,0.28445817748143326,0.47245040272904704,0.26834978012708205,,,0.932,,0.932,0.0,,1.0,0.068,0.5371318106793078,False,none,0.08887230166504462,0.0,0,0,False,0.3402745331018427,0.0
237,118500,119000,500,0.0,0.25009571595534597,0.3362884160756501,0.3967171478529538,0.25009571595534597,,,0.904,,0.904,0.0,,1.0,0.096,0.5392364261801569,False,none,0.10431936834023517,0.0,0,0,False,0.3402745331018427,0.0
238,119000,119500,500,0.0,0.18177679500520294,0.32226693494299125,0.18424348171234106,0.18177679500520294,,,0.93,,0.93,0.0,,1.0,0.07,0.6133008576896555,False,none,0.11136240290731453,0.0,0,0,False,0.3402745331018427,0.0
239,119500,120000,500,0.0,0.162217659137577,0.158,,0.2433264887063655,,,0.948,,0.948,0.0,,1.0,0.052,0.6146005596546269,False,none,0.10288572314296286,0.0,0,0,False,0.3402745331018427,0.0
