window,start_row,stop_row,n_rows,novel_prevalence,known_macro_f1,known_macro_f1_all_initial_labels,known_balanced_accuracy,known_mcc,all_class_exact_macro_f1,novel_auprc,novel_auroc,known_success_rate,novel_safe_or_correct_rate,novel_exact_recall,novel_rejection_rate,novel_harmful_acceptance_rate,resilience_score,acquisition_macro_f1,false_unknown_rate,novel_non_rejection_rate,coverage,selective_risk,ece,drift_triggered,drift_reason,mean_shift_score,predicted_unknown_rate,labels_queried,queried_label_counts,queried_target_row_indices,query_selection_sha256,cumulative_labels_queried,update_performed,source_holdout_macro_f1,source_forgetting
0,0,500,500,0.0,0.6466323421246191,0.14369607602769313,0.5676728334956184,0.40228762832839615,0.2155441140415397,,,0.904,,,,,0.6466323421246191,0.6466323421246191,0.062,,0.938,0.03624733475479744,0.5427534594773172,False,warmup,0.0636606236675757,0.062,0,{},[],,0,False,0.2314990793923254,0.0
1,500,1000,500,0.0,0.6325422677214207,0.14056494838253794,0.5631205673758866,0.4427783587218379,0.1807263622061202,,,0.912,,,,,0.6325422677214207,0.6325422677214207,0.06,,0.94,0.029787234042553193,0.5614130081011698,False,warmup,0.057796424323403116,0.06,0,{},[],,0,False,0.2314990793923254,0.0
2,1000,1500,500,0.0,0.710291636538925,0.15784258589753888,0.6195520581113801,0.4666355471034017,0.20294046758255,,,0.916,,,,,0.710291636538925,0.710291636538925,0.056,,0.944,0.029661016949152543,0.5745089393614035,False,warmup,0.04506858852018444,0.056,0,{},[],,0,False,0.2314990793923254,0.0
3,1500,2000,500,0.0,0.6640206640206641,0.14756014756014757,0.5837783337689981,0.5022395034691742,0.16600516600516602,,,0.864,,,,,0.6640206640206641,0.6640206640206641,0.082,,0.918,0.058823529411764705,0.546107410926085,False,warmup,0.07844437216864326,0.082,0,{},[],,0,False,0.2314990793923254,0.0
4,2000,2500,500,0.0,0.7848648648648648,0.1744144144144144,0.6872768581629342,0.5041408601164782,0.22424710424710423,,,0.924,,,,,0.7848648648648648,0.7848648648648648,0.05,,0.95,0.02736842105263158,0.563431560592357,False,warmup,0.05234875772689121,0.05,0,{},[],,0,False,0.2314990793923254,0.0
5,2500,3000,500,0.0,0.8312768919260947,0.1847281982057988,0.7350523695458175,0.5836909166128048,0.20781922298152367,,,0.9,,,,,0.8312768919260947,0.8312768919260947,0.068,,0.932,0.034334763948497854,0.565117050911824,False,warmup,0.045135366664199005,0.068,0,{},[],,0,False,0.2314990793923254,0.0
6,3000,3500,500,0.0,0.7772473820209438,0.17272164044909863,0.6787221330146758,0.5759384856452388,0.25908246067364793,,,0.882,,,,,0.7772473820209438,0.7772473820209438,0.086,,0.914,0.0350109409190372,0.554890519626505,False,warmup,0.0613473852164478,0.086,0,{},[],,0,False,0.2314990793923254,0.0
7,3500,4000,500,0.0,0.7846683893195521,0.1743707531821227,0.687799043062201,0.5517928281352622,0.26155612977318404,,,0.914,,,,,0.7846683893195521,0.7846683893195521,0.048,,0.952,0.03991596638655462,0.5718810290234561,False,warmup,0.0460222826284765,0.048,0,{},[],,0,False,0.2314990793923254,0.0
8,4000,4500,500,0.0,0.7403628117913832,0.16452506928697405,0.6437226997322812,0.5220580490987538,0.24678760393046106,,,0.89,,,,,0.7403628117913832,0.7403628117913832,0.04,,0.96,0.07291666666666667,0.5417070261266758,False,warmup,0.05849792878161275,0.04,0,{},[],,0,False,0.2314990793923254,0.0
9,4500,5000,500,0.0,0.8006328219905642,0.17791840488679203,0.70744851994852,0.6242625479177485,0.2287522348544469,,,0.91,,,,,0.8006328219905642,0.8006328219905642,0.042,,0.958,0.05010438413361169,0.5691020559541335,False,warmup,0.04491277573909357,0.042,0,{},[],,0,False,0.2314990793923254,0.0
10,5000,5500,500,0.0,0.7400385356454721,0.164453007921216,0.6437419562419562,0.5387145079534814,0.18500963391136802,,,0.88,,,,,0.7400385356454721,0.7400385356454721,0.07,,0.93,0.053763440860215055,0.5482224630060764,False,warmup,0.05096919531922516,0.07,0,{},[],,0,False,0.2314990793923254,0.0
11,5500,6000,500,0.0,0.8216657473800331,0.182592388306674,0.7327882681201738,0.6454632146841541,0.20541643684500827,,,0.948,,,,,0.8216657473800331,0.8216657473800331,0.026,,0.974,0.026694045174537988,0.5864575105761595,False,warmup,0.04861152693810157,0.026,0,{},[],,0,False,0.2314990793923254,0.0
12,6000,6500,500,0.0,0.713048213890638,0.158455158642364,0.6230254120879121,0.5280881807350377,0.20372806111161085,,,0.888,,,,,0.713048213890638,0.713048213890638,0.04,,0.96,0.075,0.5416831867742262,False,warmup,0.05540058549524184,0.04,0,{},[],,0,False,0.2314990793923254,0.0
13,6500,7000,500,0.0,0.6327432185706834,0.14060960412681853,0.5660218828186265,0.5026426626274038,0.15818580464267085,,,0.87,,,,,0.6327432185706834,0.6327432185706834,0.04,,0.96,0.09375,0.522163958925684,False,warmup,0.06212732263639891,0.04,0,{},[],,0,False,0.2314990793923254,0.0
14,7000,7500,500,0.0,0.583710407239819,0.1297134238310709,0.5289089286553004,0.43502063462484425,0.14592760180995476,,,0.872,,,,,0.583710407239819,0.583710407239819,0.058,,0.942,0.07430997876857749,0.5285688668611247,False,warmup,0.05570539719939961,0.058,0,{},[],,0,False,0.2314990793923254,0.0
15,7500,8000,500,0.0,0.6280232769594472,0.13956072821321047,0.5578401296060115,0.47532373932165756,0.17943522198841347,,,0.846,,,,,0.6280232769594472,0.6280232769594472,0.06,,0.94,0.1,0.5142107527640782,False,warmup,0.08111291418874664,0.06,0,{},[],,0,False,0.2314990793923254,0.0
16,8000,8500,500,0.0,0.6233822260569456,0.13852938356821012,0.5596285434995113,0.4999887292110539,0.1781092074448416,,,0.86,,,,,0.6233822260569456,0.6233822260569456,0.048,,0.952,0.09663865546218488,0.5180831080772759,False,warmup,0.06492169222573187,0.048,0,{},[],,0,False,0.2314990793923254,0.0
17,8500,9000,500,0.0,0.5895590998121277,0.13101313329158393,0.5266678223686111,0.4461118003980041,0.16844545708917935,,,0.798,,,,,0.5895590998121277,0.5895590998121277,0.086,,0.914,0.12691466083150985,0.4854921507904144,False,warmup,0.2544064945684449,0.086,0,{},[],,0,False,0.2314990793923254,0.0
18,9000,9500,500,0.0,0.5863447456956263,0.13029883237680584,0.5331387362637363,0.47769661922996937,0.1954482485652088,,,0.816,,,,,0.5863447456956263,0.5863447456956263,0.052,,0.948,0.13924050632911392,0.4892448924984315,False,warmup,0.08380871513825795,0.052,0,{},[],,0,False,0.2314990793923254,0.0
19,9500,10000,500,0.0,0.617828722456836,0.13729527165707467,0.5612668743509865,0.5225178066030952,0.20594290748561198,,,0.862,,,,,0.617828722456836,0.617828722456836,0.022,,0.978,0.11860940695296524,0.5180945381435746,False,warmup,0.06022894255858066,0.022,0,{},[],,0,False,0.2314990793923254,0.0
20,10000,10500,500,0.0,0.5489062991980145,0.12197917759955877,0.5055536338829317,0.4219504167100265,0.18296876639933815,,,0.84,,,,,0.5489062991980145,0.5489062991980145,0.066,,0.934,0.1006423982869379,0.5340696323230882,False,warmup,0.07018195488097145,0.066,0,{},[],,0,False,0.2314990793923254,0.0
21,10500,11000,500,0.0,0.5729411764705882,0.12732026143790848,0.5295571471804701,0.4791914639930928,0.16369747899159662,,,0.85,,,,,0.5729411764705882,0.5729411764705882,0.048,,0.952,0.10714285714285714,0.5202604048497664,False,warmup,0.06734824685154807,0.048,0,{},[],,0,False,0.2314990793923254,0.0
22,11000,11500,500,0.0,0.5338409854423293,0.11863133009829539,0.508665191740413,0.4536278113212154,0.1525259958406655,,,0.886,,,,,0.5338409854423293,0.5338409854423293,0.036,,0.964,0.08091286307053942,0.5259252840786032,False,warmup,0.39135356822951245,0.036,0,{},[],,0,False,0.2314990793923254,0.0
23,11500,12000,500,0.0,0.6064160971905846,0.13475913270901882,0.5470220758937994,0.4660373183645956,0.20213869906352822,,,0.874,,,,,0.6064160971905846,0.6064160971905846,0.048,,0.952,0.0819327731092437,0.5313212638703344,False,warmup,0.061307803068240393,0.048,0,{},[],,0,False,0.2314990793923254,0.0
24,12000,12500,500,0.0,0.50580997949419,0.11240221766537556,0.49242800397219466,0.44721495671924244,0.16860332649806334,,,0.826,,,,,0.50580997949419,0.50580997949419,0.052,,0.948,0.12869198312236288,0.5027180599445115,False,warmup,0.07408143005585183,0.052,0,{},[],,0,False,0.2314990793923254,0.0
25,12500,13000,500,0.0,0.6038720823240005,0.1341937960720001,0.5435143663843215,0.46260696652085576,0.20129069410800016,,,0.868,,,,,0.6038720823240005,0.6038720823240005,0.038,,0.962,0.09771309771309772,0.5271086276110429,False,warmup,0.09601784592193643,0.038,0,{},[],,0,False,0.2314990793923254,0.0
26,13000,13500,500,0.0,0.5885057471264368,0.13077905491698594,0.5286744505494505,0.42948480204627904,0.16814449917898194,,,0.856,,,,,0.5885057471264368,0.5885057471264368,0.04,,0.96,0.10833333333333334,0.5106022165312871,False,warmup,0.09637504761674304,0.04,0,{},[],,0,False,0.2314990793923254,0.0
27,13500,14000,500,0.0,0.4774436090225564,0.1060985797827903,0.4579326923076923,0.3781576469470714,0.15914786967418545,,,0.762,,,,,0.4774436090225564,0.4774436090225564,0.084,,0.916,0.16812227074235808,0.45473753195376104,False,warmup,0.11369482187239424,0.084,0,{},[],,0,False,0.2314990793923254,0.0
28,14000,14500,500,0.0,0.5165671047391478,0.11479268994203284,0.5012090598887665,0.46674155164695563,0.17218903491304927,,,0.806,,,,,0.5165671047391478,0.5165671047391478,0.02,,0.98,0.17755102040816326,0.46918249547936286,False,warmup,0.12055227495989394,0.02,0,{},[],,0,False,0.2314990793923254,0.0
29,14500,15000,500,0.0,0.5060945747401644,0.11246546105336987,0.4830623306233062,0.41508104128318946,0.1265236436850411,,,0.778,,,,,0.5060945747401644,0.5060945747401644,0.04,,0.96,0.18958333333333333,0.476129829821921,False,warmup,0.10599990565456528,0.04,0,{},[],,0,False,0.2314990793923254,0.0
30,15000,15500,500,0.0,0.565914965683216,0.12575888126293688,0.5212121212121212,0.4468334414882912,0.16168999019520455,,,0.854,,,,,0.565914965683216,0.565914965683216,0.04,,0.96,0.11041666666666666,0.5238799824945001,False,warmup,0.06343960831324286,0.04,0,{},[],,0,False,0.2314990793923254,0.0
31,15500,16000,500,0.0,0.48933649289099523,0.10874144286466561,0.4791183294663573,0.42033799391299664,0.13981042654028436,,,0.826,,,,,0.48933649289099523,0.48933649289099523,0.014,,0.986,0.16227180527383367,0.49250377604813506,False,warmup,0.08254334643011632,0.014,0,{},[],,0,False,0.2314990793923254,0.0
32,16000,16500,500,0.0,0.4839506172839506,0.1075445816186557,0.47002398081534774,0.4016355633829256,0.1382716049382716,,,0.784,,,,,0.4839506172839506,0.4839506172839506,0.056,,0.944,0.1694915254237288,0.47155313217320355,False,warmup,0.1018962658209607,0.056,0,{},[],,0,False,0.2314990793923254,0.0
33,16500,17000,500,0.0,0.4876847290640394,0.10837438423645321,0.4782608695652174,0.417782456197716,0.13933849401829698,,,0.792,,,,,0.4876847290640394,0.4876847290640394,0.036,,0.964,0.17842323651452283,0.4614309898584614,False,warmup,0.09345206383870451,0.036,0,{},[],,0,False,0.2314990793923254,0.0
34,17000,17500,500,0.0,0.4807692307692308,0.10683760683760685,0.46403712296983757,0.37839993720444604,0.13736263736263737,,,0.8,,,,,0.4807692307692308,0.4807692307692308,0.064,,0.936,0.1452991452991453,0.4696515142769079,False,warmup,0.07527174865679541,0.064,0,{},[],,0,False,0.2314990793923254,0.0
35,17500,18000,500,0.0,0.4892601431980907,0.10872447626624238,0.4812206572769953,0.42100955549792113,0.13978861234231163,,,0.82,,,,,0.4892601431980907,0.4892601431980907,0.032,,0.968,0.15289256198347106,0.4911616212758378,False,warmup,0.08914183821616334,0.032,0,{},[],,0,False,0.2314990793923254,0.0
36,18000,18500,500,0.0,0.49883615202764137,0.11085247822836475,0.4768491972477064,0.39286729768341305,0.1425246148650404,,,0.82,,,,,0.49883615202764137,0.49883615202764137,0.052,,0.948,0.1350210970464135,0.5028178723927719,False,warmup,0.0856622444858364,0.052,0,{},[],,0,False,0.2314990793923254,0.0
37,18500,19000,500,0.0,0.49042553191489363,0.10898345153664303,0.48526315789473684,0.34164785929712627,0.14012158054711246,,,0.922,,,,,0.49042553191489363,0.49042553191489363,0.012,,0.988,0.06680161943319839,0.5625243769610772,False,warmup,0.06400974476823772,0.012,0,{},[],,0,False,0.2314990793923254,0.0
38,19000,19500,500,0.0,0.46008869179600886,0.10224193151022419,0.42783505154639173,0.16141073206394746,0.13145391194171682,,,0.83,,,,,0.46008869179600886,0.46008869179600886,0.04,,0.96,0.13541666666666666,0.4994625878119287,False,warmup,0.07565376242461375,0.04,0,{},[],,0,False,0.2314990793923254,0.0
39,19500,20000,500,0.0,0.3212508884150675,0.10708362947168917,0.3100137174211248,0.2558644158821101,0.12046908315565032,,,0.904,,,,,0.3212508884150675,0.3212508884150675,0.024,,0.976,0.07377049180327869,0.4990259730454184,False,warmup,0.14685492194836847,0.024,0,{},[],,0,False,0.2314990793923254,0.0
40,20000,20500,500,0.012,0.3226989365603227,0.10756631218677423,0.31339031339031337,0.3188141297879039,0.10756631218677423,0.014609928143641279,0.47638326585695007,0.8906882591093117,0.0,0.0,0.0,1.0,0.16134946828016136,0.24202420242024203,0.048582995951417005,1.0,0.952,0.07563025210084033,0.5608301542493284,False,none,0.09219727513228733,0.048,0,{},[],,0,False,0.2314990793923254,0.0
41,20500,21000,500,0.028,0.32716049382716045,0.21810699588477364,0.3224101479915433,0.22455738892174398,0.19629629629629627,0.7350730129493395,0.8716931216931217,0.911522633744856,0.7142857142857143,0.0,0.7142857142857143,0.2857142857142857,0.5207231040564374,0.2804232804232804,0.06995884773662552,0.2857142857142857,0.912,0.02850877192982456,0.5582629202159175,False,persistence_pending,0.22567032916916308,0.088,0,{},[],,0,False,0.2314990793923254,0.0
42,21000,21500,500,0.018,0.4118692253020611,0.18305298902313827,0.4921052631578947,0.3195829252792694,0.18305298902313827,0.03151358865059745,0.6139398053858339,0.9389002036659878,0.0,0.0,0.0,1.0,0.20593461265103055,0.32949538024164887,0.034623217922606926,1.0,0.966,0.045548654244306416,0.594856170809826,False,none,0.07237396490122674,0.034,0,{},[],,0,False,0.2314990793923254,0.0
43,21500,22000,500,0.01,0.24498416050686378,0.10888184911416168,0.2401656314699793,0.30151493594815254,0.09799366420274551,0.012052069664517282,0.44161616161616163,0.9373737373737374,0.0,0.0,0.0,1.0,0.12249208025343189,0.19598732840549102,0.044444444444444446,1.0,0.956,0.029288702928870293,0.599182477283503,False,none,0.08638393525152956,0.044,0,{},[],,0,False,0.2314990793923254,0.0
44,22000,22500,500,0.008,0.32901367890568756,0.1827853771698264,0.3919491525423729,0.3634663339853681,0.1827853771698264,0.022915238329060283,0.7172379032258065,0.9153225806451613,0.0,0.0,0.0,1.0,0.16450683945284378,0.27417806575473963,0.04838709677419355,1.0,0.952,0.046218487394957986,0.5648128821030155,False,none,0.06793181167146516,0.048,0,{},[],,0,False,0.2314990793923254,0.0
45,22500,23000,500,0.002,0.2188730853391685,0.12159615852176027,0.21829305598042215,0.33279339904658933,0.10870124855193719,0.003105590062111801,0.35671342685370744,0.8897795591182365,0.0,0.0,0.0,1.0,0.10943654266958425,0.18116874758656198,0.06212424849699399,1.0,0.938,0.053304904051172705,0.5555464730858104,False,none,0.06645970835890752,0.062,0,{},[],,0,False,0.2314990793923254,0.0
46,23000,23500,500,0.012,0.24694801141430356,0.21950934347938095,0.25828941589811155,0.429238908525633,0.17800178986401127,0.013580207880607653,0.48380566801619435,0.7955465587044535,0.0,0.0,0.0,1.0,0.12347400570715178,0.2175577431671249,0.18016194331983806,1.0,0.822,0.043795620437956206,0.5073979091996952,False,persistence_pending,0.26167508359296426,0.178,0,{},[],,0,False,0.2314990793923254,0.0
47,23500,24000,500,0.006,0.193058568329718,0.10725476018317666,0.18816067653276955,0.2756777141882466,0.10725476018317666,0.01605503476007073,0.7129443326626426,0.8953722334004024,0.0,0.0,0.0,1.0,0.096529284164859,0.160882140274765,0.06438631790744467,1.0,0.936,0.049145299145299144,0.5532145643572032,True,persistent_mean_shift,0.7878239913146391,0.064,50,"{'Benign': 42, 'Exploits': 4, 'Generic': 2, 'Shellcode': 1, 'DoS': 1}","[23514, 23527, 23530, 23531, 23546, 23549, 23564, 23567, 23569, 23571, 23590, 23591, 23619, 23620, 23644, 23652, 23693, 23695, 23705, 23706, 23738, 23741, 23758, 23772, 23773, 23782, 23784, 23785, 23793, 23795, 23835, 23873, 23880, 23882, 23883, 23890, 23896, 23912, 23914, 23915, 23928, 23932, 23933, 23935, 23943, 23951, 23962, 23977, 23980, 23989]",da5a81f10746ba18bdbdb277b61a99382fb0e15d7bc95e8d12d7d22bb033e03d,50,True,0.2313948314612271,0.00010424793109828356
48,24000,24500,500,0.012,0.19487179487179487,0.10826210826210826,0.192,0.2644716315469473,0.10826210826210826,0.018880886580200373,0.5560053981106612,0.9230769230769231,0.0,0.0,0.0,1.0,0.09743589743589744,0.1623931623931624,0.04251012145748988,1.0,0.958,0.04801670146137787,0.5795739191462541,False,latched,0.06178404038097824,0.042,0,{},[],,50,False,0.2313948314612271,0.00010424793109828356
49,24500,25000,500,0.002,0.24232804232804234,0.1077013521457966,0.23804573804573806,0.22315055721570173,0.09693121693121694,0.002824858757062147,0.2925851703406813,0.9178356713426854,0.0,0.0,0.0,1.0,0.12116402116402117,0.19386243386243387,0.050100200400801605,1.0,0.95,0.035789473684210524,0.5773557866697863,False,latched,0.06475793729038705,0.05,0,{},[],,50,False,0.2313948314612271,0.00010424793109828356
50,25000,25500,500,0.002,0.2024839634229562,0.11249109079053121,0.19026164079822616,0.3406452918225335,0.10107391448458733,0.0026595744680851063,0.24849699398797598,0.8256513026052105,0.0,0.0,0.0,1.0,0.1012419817114781,0.1684565241409789,0.0841683366733467,1.0,0.916,0.10043668122270742,0.5212168243315117,False,latched,0.06617093323602777,0.084,0,{},[],,50,False,0.2313948314612271,0.00010424793109828356
51,25500,26000,500,0.014,0.3252204585537919,0.10840681951793063,0.31815044858523117,0.2460476061837244,0.12195767195767196,0.020792896090341163,0.594610257896262,0.9350912778904665,0.0,0.0,0.0,1.0,0.16261022927689595,0.24391534391534392,0.04462474645030426,1.0,0.956,0.03556485355648536,0.5724128551482875,False,latched,0.06057290797737654,0.044,0,{},[],,50,False,0.2313948314612271,0.00010424793109828356
52,26000,26500,500,0.01,0.27350649350649353,0.15194805194805194,0.3878151260504202,0.3017508274431119,0.13675324675324677,0.02276394275014256,0.7107070707070707,0.9050505050505051,0.0,0.0,0.0,1.0,0.13675324675324677,0.22792207792207794,0.050505050505050504,1.0,0.95,0.056842105263157895,0.5620880491399988,False,latched,0.0585044383971934,0.05,0,{},[],,50,False,0.2313948314612271,0.00010424793109828356
53,26500,27000,500,0.004,0.19430979978925184,0.10794988877180658,0.19089026915113871,0.21406746314002306,0.08832263626784174,0.010430045617609282,0.5973895582329317,0.9257028112449799,0.0,0.0,0.0,1.0,0.09715489989462592,0.16192483315770986,0.04618473895582329,1.0,0.954,0.033542976939203356,0.5781584356340744,False,latched,0.06675550009153754,0.046,0,{},[],,50,False,0.2313948314612271,0.00010424793109828356
54,27000,27500,500,0.006,0.19393939393939394,0.10774410774410775,0.18823529411764706,0.3111167064184981,0.09696969696969697,0.00680742936756804,0.3782696177062374,0.9014084507042254,0.0,0.0,0.0,1.0,0.09696969696969697,0.16161616161616163,0.05835010060362173,1.0,0.942,0.04883227176220807,0.5914080307792567,False,latched,0.07041871950020072,0.058,0,{},[],,50,False,0.2313948314612271,0.00010424793109828356
55,27500,28000,500,0.01,0.32725973561986427,0.10908657853995475,0.3220815752461322,0.35148932610121936,0.10908657853995475,0.010200316366770783,0.3995959595959596,0.9252525252525252,0.0,0.0,0.0,1.0,0.16362986780993213,0.2454448017148982,0.04040404040404041,1.0,0.96,0.04583333333333333,0.5800522635081475,False,latched,0.06510684761546655,0.04,0,{},[],,50,False,0.2313948314612271,0.00010424793109828356
56,28000,28500,500,0.012,0.4947257383966245,0.21987810595405533,0.4896694214876033,0.3380298567201396,0.21987810595405533,0.013198932683298048,0.44197031039136303,0.9433198380566802,0.0,0.0,0.0,1.0,0.24736286919831224,0.3957805907172996,0.032388663967611336,1.0,0.968,0.0371900826446281,0.5824887217622893,False,latched,0.05939824144486688,0.032,0,{},[],,50,False,0.2313948314612271,0.00010424793109828356
57,28500,29000,500,0.008,0.3261955745895789,0.10873185819652628,0.3207017543859649,0.32794933934033765,0.12232334047109207,0.006914717343187598,0.282258064516129,0.9213709677419355,0.0,0.0,0.0,1.0,0.16309778729478944,0.24464668094218414,0.036290322580645164,1.0,0.964,0.05186721991701245,0.5792693401766189,False,latched,0.06069337726690498,0.036,0,{},[],,50,False,0.2313948314612271,0.00010424793109828356
58,29000,29500,500,0.012,0.24226254002134473,0.10767224000948655,0.23596673596673598,0.2342085204629779,0.10767224000948655,0.010914607655040985,0.37921727395411603,0.9190283400809717,0.0,0.0,0.0,1.0,0.12113127001067236,0.19381003201707578,0.05465587044534413,1.0,0.946,0.040169133192389,0.5762176513348017,False,latched,0.06774500529508072,0.054,0,{},[],,50,False,0.2313948314612271,0.00010424793109828356
59,29500,30000,500,0.014,0.32191291934332616,0.10730430644777539,0.3125433125433125,0.21503217095219426,0.10730430644777539,0.015498575267979774,0.49290060851926976,0.9148073022312373,0.0,0.0,0.0,1.0,0.16095645967166308,0.24143468950749464,0.060851926977687626,1.0,0.94,0.04042553191489362,0.5742619790580091,False,latched,0.06367731922742194,0.06,0,{},[],,50,False,0.2313948314612271,0.00010424793109828356
60,30000,30500,500,0.006,0.3308385308385308,0.1837991837991838,0.3962809917355372,0.3413160449589247,0.1837991837991838,0.01541379888235872,0.664654594232059,0.9577464788732394,0.0,0.0,0.0,1.0,0.1654192654192654,0.2756987756987757,0.018108651911468814,1.0,0.982,0.03054989816700611,0.5985337223150317,False,latched,0.06194947194989007,0.018,0,{},[],,50,False,0.2313948314612271,0.00010424793109828356
61,30500,31000,500,0.006,0.37695092518101364,0.2094171806561187,0.3656521739130435,0.5919433837057538,0.18267275466013935,0.005991193414820187,0.35546613011401745,0.9275653923541247,0.0,0.0,0.0,1.0,0.18847546259050682,0.30445459110023226,0.0482897384305835,1.0,0.952,0.031512605042016806,0.5885927866656551,False,latched,0.05537326409682767,0.048,0,{},[],,50,False,0.2313948314612271,0.00010424793109828356
62,31000,31500,500,0.006,0.45016184842058266,0.20007193263137008,0.4816666666666667,0.5702775294442295,0.251705388037568,0.006363811622728333,0.39369550637156275,0.8913480885311871,0.0,0.0,0.0,1.0,0.22508092421029133,0.35238754325259514,0.07042253521126761,1.0,0.93,0.047311827956989246,0.5390701749660813,False,latched,0.06358953418150995,0.07,0,{},[],,50,False,0.2313948314612271,0.00010424793109828356
63,31500,32000,500,0.012,0.4421762380841665,0.1965227724818518,0.4941737288135593,0.5443510024945214,0.22954084455098656,0.022080868353191327,0.6582321187584346,0.951417004048583,0.0,0.0,0.0,1.0,0.22108811904208325,0.32135718237138117,0.024291497975708502,1.0,0.976,0.036885245901639344,0.5978169221355506,False,latched,0.05794563859096281,0.024,0,{},[],,50,False,0.2313948314612271,0.00010424793109828356
64,32000,32500,500,0.01,0.2455026455026455,0.10911228689006466,0.24166666666666667,0.3193976666662885,0.10911228689006466,0.014812522310627345,0.5002020202020202,0.9373737373737374,0.0,0.0,0.0,1.0,0.12275132275132275,0.1964021164021164,0.03232323232323232,1.0,0.968,0.04132231404958678,0.6025698799702215,False,latched,0.06772946899727783,0.032,0,{},[],,50,False,0.2313948314612271,0.00010424793109828356
65,32500,33000,500,0.052,0.39584699453551914,0.2199149969641773,0.3939393939393939,0.2414452629326275,0.11846572160185846,0.044830913284773136,0.44896137617656606,0.9472573839662447,0.0,0.0,0.0,1.0,0.19792349726775957,0.17769858240278769,0.02531645569620253,1.0,0.976,0.07991803278688525,0.5433143557773658,False,latched,0.05656798383481921,0.024,0,{},[],,50,False,0.2313948314612271,0.00010424793109828356
66,33000,33500,500,0.024,0.19460625674217907,0.10811458707898837,0.19069767441860466,0.2519921041176377,0.09730312837108954,0.021836982547528236,0.4468920765027322,0.9241803278688525,0.0,0.0,0.0,1.0,0.09730312837108954,0.16217188061848256,0.04918032786885246,1.0,0.952,0.052521008403361345,0.5733862775081069,False,latched,0.06591591922046837,0.048,0,{},[],,50,False,0.2313948314612271,0.00010424793109828356
67,33500,34000,500,0.046,0.3174657103309425,0.17636983907274584,0.45737463126843664,0.383044928404069,0.19062474104355992,0.034748464066800114,0.36359493209370153,0.9077568134171907,0.0,0.0,0.0,1.0,0.15873285516547125,0.2541663213914132,0.04612159329140461,1.0,0.956,0.09414225941422594,0.5415824334938586,False,latched,0.06257547319769327,0.044,0,{},[],,50,False,0.2313948314612271,0.00010424793109828356
68,34000,34500,500,0.008,0.4934141201264489,0.21929516450064396,0.4876543209876543,0.32130287065393764,0.24670706006322446,0.01915560408073666,0.6098790322580645,0.9375,0.0,0.0,0.0,1.0,0.24670706006322446,0.39473129610115915,0.034274193548387094,1.0,0.966,0.037267080745341616,0.5736822111132852,False,latched,0.0667074357144398,0.034,0,{},[],,50,False,0.2313948314612271,0.00010424793109828356
69,34500,35000,500,0.012,0.32451499118165783,0.10817166372721927,0.3161512027491409,0.2478358371327121,0.12169312169312169,0.02069218262824146,0.6056005398110661,0.9311740890688259,0.0,0.0,0.0,1.0,0.16225749559082892,0.24338624338624337,0.048582995951417005,1.0,0.952,0.03361344537815126,0.5720182300217779,False,latched,0.059797093692466254,0.048,0,{},[],,50,False,0.2313948314612271,0.00010424793109828356
70,35000,35500,500,0.042,0.19411764705882353,0.10784313725490197,0.18898678414096917,0.3253086213012952,0.1213235294117647,0.30901088711663965,0.8514762898896511,0.8956158663883089,0.7142857142857143,0.0,0.7142857142857143,0.2857142857142857,0.4542016806722689,0.16176470588235295,0.07724425887265135,0.2857142857142857,0.896,0.04241071428571429,0.5359102384852034,False,latched,0.11960966412426248,0.104,0,{},[],,50,False,0.2313948314612271,0.00010424793109828356
71,35500,36000,500,0.032,0.3959090909090909,0.21994949494949495,0.3919821826280624,0.4000130756739686,0.2474431818181818,0.30545242255234506,0.8507231404958677,0.8925619834710744,0.75,0.0,0.75,0.25,0.5729545454545455,0.3299242424242424,0.08677685950413223,0.25,0.892,0.03139013452914798,0.5397826048826424,False,latched,0.1497400619579249,0.108,0,{},[],,50,False,0.2313948314612271,0.00010424793109828356
72,36000,36500,500,0.038,0.24168514412416853,0.10741561961074157,0.2349137931034483,0.2614501129741154,0.12084257206208426,0.4017999703748193,0.8055585950322793,0.9064449064449065,0.631578947368421,0.0,0.631578947368421,0.3684210526315789,0.4366320457462948,0.19334811529933482,0.06860706860706861,0.3684210526315789,0.91,0.041758241758241756,0.5664148047161569,False,latched,0.07213798861620287,0.09,0,{},[],,50,False,0.2313948314612271,0.00010424793109828356
73,36500,37000,500,0.008,0.48783068783068784,0.10840681951793063,0.4772256728778468,0.2747171509702408,0.16261022927689595,0.026235950636709388,0.7948588709677419,0.9294354838709677,0.0,0.0,0.0,1.0,0.24391534391534392,0.3252204585537919,0.04233870967741935,1.0,0.958,0.037578288100208766,0.5648127725561924,False,latched,0.0659051468439719,0.042,0,{},[],,50,False,0.2313948314612271,0.00010424793109828356
74,37000,37500,500,0.01,0.24444444444444444,0.10864197530864197,0.24112734864300625,0.26596030658286235,0.09777777777777777,0.017147422841864768,0.5907070707070707,0.9333333333333333,0.0,0.0,0.0,1.0,0.12222222222222222,0.19555555555555554,0.03636363636363636,1.0,0.964,0.04149377593360996,0.6058854012613984,False,latched,0.07265818780015486,0.036,0,{},[],,50,False,0.2313948314612271,0.00010424793109828356
75,37500,38000,500,0.01,0.3230823612583952,0.10769412041946506,0.31538992408557626,0.20684713866019924,0.10769412041946506,0.009027190777171557,0.3676767676767677,0.9232323232323232,0.0,0.0,0.0,1.0,0.1615411806291976,0.24231177094379638,0.052525252525252523,1.0,0.948,0.035864978902953586,0.5754787373228437,False,latched,0.06165968663569175,0.052,0,{},[],,50,False,0.2313948314612271,0.00010424793109828356
76,38000,38500,500,0.014,0.24279615795090714,0.10790940353373651,0.23648648648648649,0.2494505896004904,0.10790940353373651,0.014400878491858943,0.420747609388583,0.922920892494929,0.0,0.0,0.0,1.0,0.12139807897545357,0.1942369263607257,0.05273833671399594,1.0,0.948,0.04008438818565401,0.5798860987320146,False,latched,0.063170295872257,0.052,0,{},[],,50,False,0.2313948314612271,0.00010424793109828356
77,38500,39000,500,0.008,0.2745147679324894,0.15250820440693857,0.39010309278350513,0.2517347644064754,0.14510079699953116,0.017955104053502223,0.6960685483870968,0.9314516129032258,0.0,0.0,0.0,1.0,0.1372573839662447,0.21765119549929676,0.04838709677419355,1.0,0.952,0.029411764705882353,0.5655971035891034,False,latched,0.07269918616338805,0.048,0,{},[],,50,False,0.2313948314612271,0.00010424793109828356
78,39000,39500,500,0.006,0.24682875264270612,0.10970166784120272,0.24578947368421053,0.36672989884769497,0.10970166784120272,0.019903704322173053,0.6908115358819584,0.9396378269617707,0.0,0.0,0.0,1.0,0.12341437632135306,0.1974630021141649,0.03420523138832998,1.0,0.966,0.033126293995859216,0.5892005886962096,False,latched,0.0702667262790003,0.034,0,{},[],,50,False,0.2313948314612271,0.00010424793109828356
79,39500,40000,500,0.008,0.5452081793545208,0.18173605978484028,0.481962481962482,0.47298589502183563,0.2241368387709851,0.008003847589513884,0.3911290322580645,0.905241935483871,0.0,0.0,0.0,1.0,0.2726040896772604,0.3922394678492239,0.05846774193548387,1.0,0.942,0.04670912951167728,0.5555981498821301,False,latched,0.06710772945759329,0.058,0,{},[],,50,False,0.2313948314612271,0.00010424793109828356
80,40000,40500,500,0.008,0.37807945277558536,0.21004414043088074,0.3851859956236324,0.6312096895866722,0.18300798035604665,0.06030982905982906,0.8976814516129032,0.9375,0.25,0.0,0.25,0.75,0.31403972638779265,0.3050133005934111,0.028225806451612902,0.75,0.97,0.041237113402061855,0.5854870135042011,False,latched,0.061993439128135853,0.03,0,{},[],,50,False,0.2313948314612271,0.00010424793109828356
81,40500,41000,500,0.008,0.37657396678254157,0.25104931118836105,0.48769574944071586,0.531422353726,0.2450229458399618,0.012375214001037024,0.53125,0.8810483870967742,0.0,0.0,0.0,1.0,0.18828698339127078,0.31502950179423655,0.05846774193548387,1.0,0.942,0.07218683651804671,0.5586397824498961,False,latched,0.06008672210619447,0.058,0,{},[],,50,False,0.2313948314612271,0.00010424793109828356
82,41000,41500,500,0.006,0.2822226792815028,0.1881484528543352,0.30455840455840455,0.49929554368399204,0.1646914412246077,0.009086651258885737,0.4969818913480885,0.8913480885311871,0.0,0.0,0.0,1.0,0.1411113396407514,0.23527348746372526,0.05030181086519115,1.0,0.95,0.06736842105263158,0.5573513683898216,False,latched,0.057701450339426384,0.05,0,{},[],,50,False,0.2313948314612271,0.00010424793109828356
83,41500,42000,500,0.014,0.4594594594594595,0.2042042042042042,0.4378854625550661,0.5331149559145828,0.21253071253071254,0.030495820860569678,0.6867574616053318,0.9087221095334685,0.0,0.0,0.0,1.0,0.22972972972972974,0.34004914004914005,0.04665314401622718,1.0,0.954,0.06079664570230608,0.5688734924816634,False,latched,0.06172074462526289,0.046,0,{},[],,50,False,0.2313948314612271,0.00010424793109828356
84,42000,42500,500,0.01,0.32716593245227604,0.18175885136237557,0.3658119658119658,0.43702992906667554,0.16898745928063869,0.01307929262076243,0.4739393939393939,0.9050505050505051,0.0,0.0,0.0,1.0,0.16358296622613802,0.253481188920958,0.06262626262626263,1.0,0.938,0.04477611940298507,0.5805613972469983,False,latched,0.07403651492130944,0.062,0,{},[],,50,False,0.2313948314612271,0.00010424793109828356
85,42500,43000,500,0.016,0.44253731343283587,0.19668325041459372,0.40217391304347827,0.29352732077862576,0.22126865671641793,0.031389069923006996,0.6890243902439024,0.9288617886178862,0.0,0.0,0.0,1.0,0.22126865671641793,0.3540298507462687,0.05894308943089431,1.0,0.942,0.029723991507430998,0.5812167707609193,False,latched,0.06574436471148874,0.058,0,{},[],,50,False,0.2313948314612271,0.00010424793109828356
86,43000,43500,500,0.01,0.23976293103448276,0.10656130268199233,0.23274058577405857,0.1988059122853702,0.10656130268199233,0.009994290170853707,0.40121212121212124,0.898989898989899,0.0,0.0,0.0,1.0,0.11988146551724138,0.19181034482758622,0.06868686868686869,1.0,0.932,0.045064377682403435,0.5712423673668128,False,latched,0.07942769656963672,0.068,0,{},[],,50,False,0.2313948314612271,0.00010424793109828356
87,43500,44000,500,0.01,0.1957173447537473,0.10873185819652628,0.1920168067226891,0.3255731537879866,0.09785867237687365,0.01993693029681628,0.6468686868686868,0.9232323232323232,0.0,0.0,0.0,1.0,0.09785867237687365,0.16309778729478944,0.03636363636363636,1.0,0.964,0.05186721991701245,0.5732492935034218,False,latched,0.06765962763981022,0.036,0,{},[],,50,False,0.2313948314612271,0.00010424793109828356
88,44000,44500,500,0.008,0.19141630901287554,0.10634239389604197,0.18467908902691513,0.18652680322616463,0.09570815450643777,0.009604125026722254,0.4879032258064516,0.8991935483870968,0.0,0.0,0.0,1.0,0.09570815450643777,0.15951359084406294,0.07459677419354839,1.0,0.926,0.0367170626349892,0.5639701060690144,False,latched,0.0688570694160987,0.074,0,{},[],,50,False,0.2313948314612271,0.00010424793109828356
89,44500,45000,500,0.01,0.3226723525230988,0.10755745084103292,0.31331953071083507,0.23840002441566693,0.12100213219616204,0.008951200953534926,0.34464646464646465,0.9171717171717172,0.0,0.0,0.0,1.0,0.1613361762615494,0.2420042643923241,0.046464646464646465,1.0,0.954,0.04821802935010482,0.5591731554451331,False,latched,0.05412186424772434,0.046,0,{},[],,50,False,0.2313948314612271,0.00010424793109828356
90,45000,45500,500,0.004,0.2391304347826087,0.10628019323671498,0.23060796645702306,0.2456689227555283,0.11956521739130435,0.016465494620834426,0.8253012048192772,0.8835341365461847,0.0,0.0,0.0,1.0,0.11956521739130435,0.19130434782608696,0.0783132530120482,1.0,0.922,0.0455531453362256,0.5497362187847957,False,latched,0.06511603152849378,0.078,0,{},[],,50,False,0.2313948314612271,0.00010424793109828356
91,45500,46000,500,0.008,0.24281150159744408,0.10791622293219737,0.23700623700623702,0.25913444874030706,0.10791622293219737,0.02750463327054032,0.8311491935483871,0.9193548387096774,0.0,0.0,0.0,1.0,0.12140575079872204,0.19424920127795525,0.05443548387096774,1.0,0.946,0.035940803382663845,0.5666398986839558,False,latched,0.06890163367088373,0.054,0,{},[],,50,False,0.2313948314612271,0.00010424793109828356
92,46000,46500,500,0.006,0.24197002141327623,0.10754223173923388,0.23739495798319327,0.24467676678439026,0.10754223173923388,0.015860036342684927,0.6827632461435278,0.9094567404426559,0.0,0.0,0.0,1.0,0.12098501070663811,0.19357601713062098,0.04426559356136821,1.0,0.956,0.05439330543933055,0.5644414404853809,False,latched,0.06390829763295396,0.044,0,{},[],,50,False,0.2313948314612271,0.00010424793109828356
93,46500,47000,500,0.01,0.3195050946142649,0.10650169820475497,0.30677847658979734,0.2667159572947025,0.11981441048034934,0.03496021903871884,0.7684848484848485,0.8868686868686869,0.0,0.0,0.0,1.0,0.15975254730713245,0.23962882096069868,0.04040404040404041,1.0,0.96,0.08541666666666667,0.5377609446341169,False,latched,0.05382337950386839,0.04,0,{},[],,50,False,0.2313948314612271,0.00010424793109828356
94,47000,47500,500,0.094,0.24282296650717702,0.10792131844763424,0.2365967365967366,0.3303698161168795,0.13875598086124402,0.6318404874536014,0.9529378610680569,0.8962472406181016,0.9361702127659575,0.0,0.9361702127659575,0.06382978723404255,0.5894965896365673,0.19425837320574163,0.09050772626931568,0.06382978723404255,0.83,0.021686746987951807,0.5196309086587889,False,latched,0.23999281563521527,0.17,0,{},[],,50,False,0.2313948314612271,0.00010424793109828356
95,47500,48000,500,0.208,0.19279038718291056,0.10710577065717253,0.18608247422680413,0.22713823078013637,0.1204939919893191,0.7783383381335257,0.9723436285936286,0.9116161616161617,0.9711538461538461,0.0,0.9711538461538461,0.028846153846153848,0.5819721166683783,0.1606586559857588,0.05303030303030303,0.028846153846153848,0.756,0.04497354497354497,0.4382043869154669,False,latched,0.3589853205724707,0.244,0,{},[],,50,False,0.2313948314612271,0.00010424793109828356
96,48000,48500,500,0.128,0.31567099567099566,0.17537277537277537,0.26794258373205737,0.20330960374314866,0.15783549783549783,0.5910252913995238,0.9570670871559633,0.8073394495412844,0.96875,0.0,0.96875,0.03125,0.6422104978354979,0.26305916305916305,0.09174311926605505,0.03125,0.796,0.11557788944723618,0.42843897855962915,False,latched,0.23295638548147096,0.204,0,{},[],,50,False,0.2313948314612271,0.00010424793109828356
97,48500,49000,500,0.02,0.24273412271259417,0.10788183231670852,0.23637316561844865,0.2574467259251318,0.10788183231670852,0.382784054126336,0.9179591836734694,0.9204081632653062,0.8,0.0,0.8,0.2,0.5213670613562971,0.19418729817007535,0.04897959183673469,0.2,0.936,0.03632478632478633,0.5590704493085049,False,latched,0.061034729198610055,0.064,0,{},[],,50,False,0.2313948314612271,0.00010424793109828356
98,49000,49500,500,0.008,0.2727194860813705,0.15151082560076137,0.38789144050104385,0.229935722568807,0.15151082560076137,0.009039531725400313,0.44455645161290325,0.9092741935483871,0.0,0.0,0.0,1.0,0.13635974304068524,0.22726623840114205,0.06451612903225806,1.0,0.936,0.03632478632478633,0.5738841590354445,False,latched,0.06877010914486234,0.064,0,{},[],,50,False,0.2313948314612271,0.00010424793109828356
99,49500,50000,500,0.012,0.23959445037353255,0.10648642238823669,0.23144329896907218,0.1408250604956741,0.09583778014941302,0.013487739389509604,0.5077597840755735,0.9089068825910931,0.0,0.0,0.0,1.0,0.11979722518676628,0.19167556029882604,0.0708502024291498,1.0,0.93,0.034408602150537634,0.5489773873136294,False,latched,0.06335635117679429,0.07,0,{},[],,50,False,0.2313948314612271,0.00010424793109828356
100,50000,50500,500,0.008,0.48331539289558667,0.1074034206434637,0.46868475991649267,0.2719302202804808,0.16110513096519555,0.010774915675993618,0.4954637096774194,0.905241935483871,0.0,0.0,0.0,1.0,0.24165769644779334,0.3222102619303911,0.056451612903225805,1.0,0.944,0.048728813559322036,0.546163043400093,False,latched,0.06459815200326048,0.056,0,{},[],,50,False,0.2313948314612271,0.00010424793109828356
101,50500,51000,500,0.004,0.4947478991596639,0.21988795518207283,0.490702479338843,0.30683885944496453,0.24737394957983194,0.009554920375663536,0.6124497991967871,0.9377510040160643,0.0,0.0,0.0,1.0,0.24737394957983194,0.39579831932773113,0.03413654618473896,1.0,0.966,0.033126293995859216,0.5769367026991653,False,latched,0.06874504192573998,0.034,0,{},[],,50,False,0.2313948314612271,0.00010424793109828356
102,51000,51500,500,0.008,0.5282916988073341,0.23479631058103737,0.461082059533387,0.4635704625210858,0.24812754276751142,0.01971494887263081,0.7132056451612903,0.8891129032258065,0.0,0.0,0.0,1.0,0.26414584940366703,0.3970040684280183,0.046370967741935484,1.0,0.954,0.07547169811320754,0.5558512889067578,False,latched,0.06431081780007097,0.046,0,{},[],,50,False,0.2313948314612271,0.00010424793109828356
103,51500,52000,500,0.004,0.3850463262227968,0.21391462567933153,0.39111111111111113,0.5575370553196258,0.20910462086932674,0.008113219056914537,0.5662650602409639,0.9036144578313253,0.0,0.0,0.0,1.0,0.1925231631113984,0.31365693130399014,0.05823293172690763,1.0,0.942,0.044585987261146494,0.5670843594025219,False,latched,0.0660725833057766,0.058,0,{},[],,50,False,0.2313948314612271,0.00010424793109828356
104,52000,52500,500,0.0,0.16275764036958065,0.10850509357972044,0.16002795248078266,0.31785105368345756,0.0976545842217484,,,0.916,,,,,0.16275764036958065,0.16275764036958065,0.034,,0.966,0.051759834368530024,0.5572516679390098,False,latched,0.08595253366527905,0.034,0,{},[],,50,False,0.2313948314612271,0.00010424793109828356
105,52500,53000,500,0.008,0.3248045486851457,0.10826818289504857,0.3173611111111111,0.2918876690706695,0.13920194943649103,0.019318305237471665,0.6688508064516129,0.9213709677419355,0.0,0.0,0.0,1.0,0.16240227434257284,0.24360341151385928,0.038306451612903226,1.0,0.962,0.0498960498960499,0.547847252565217,False,latched,0.06965605735516839,0.038,0,{},[],,50,False,0.2313948314612271,0.00010424793109828356
106,53000,53500,500,0.01,0.24268689057421453,0.10786084025520645,0.23578947368421052,0.3115533805339661,0.10786084025520645,0.012186244965607027,0.501010101010101,0.9050505050505051,0.0,0.0,0.0,1.0,0.12134344528710726,0.19414951245937162,0.050505050505050504,1.0,0.95,0.056842105263157895,0.5493919169573943,False,latched,0.06537351933725354,0.05,0,{},[],,50,False,0.2313948314612271,0.00010424793109828356
107,53500,54000,500,0.012,0.2448869752421959,0.10883865566319818,0.2409957627118644,0.33843411942381463,0.12244348762109795,0.019635267728206417,0.6072874493927125,0.9210526315789473,0.0,0.0,0.0,1.0,0.12244348762109795,0.19590958019375673,0.05668016194331984,1.0,0.944,0.036016949152542374,0.5737292190963756,False,latched,0.06164851264919962,0.056,0,{},[],,50,False,0.2313948314612271,0.00010424793109828356
108,54000,54500,500,0.006,0.24183006535947713,0.1074800290486565,0.2346723044397463,0.30713641596075913,0.1074800290486565,0.008790977864948165,0.4929577464788732,0.8933601609657947,0.0,0.0,0.0,1.0,0.12091503267973856,0.1934640522875817,0.05835010060362173,1.0,0.942,0.05732484076433121,0.5487648281781152,False,latched,0.06662549681812582,0.058,0,{},[],,50,False,0.2313948314612271,0.00010424793109828356
109,54500,55000,500,0.008,0.32409381663113007,0.10803127221037669,0.3153526970954357,0.2843529649559085,0.12153518123667377,0.011436826560627953,0.5141129032258064,0.9193548387096774,0.0,0.0,0.0,1.0,0.16204690831556504,0.24307036247334754,0.05443548387096774,1.0,0.946,0.035940803382663845,0.5614094815785834,False,latched,0.06352651438110671,0.054,0,{},[],,50,False,0.2313948314612271,0.00010424793109828356
110,55000,55500,500,0.006,0.24302575107296137,0.10801144492131616,0.23692468619246862,0.299988862758102,0.10801144492131616,0.00613479262672811,0.3561368209255533,0.9114688128772636,0.0,0.0,0.0,1.0,0.12151287553648069,0.1944206008583691,0.03822937625754527,1.0,0.962,0.058212058212058215,0.5569356295852746,False,latched,0.06651108780891558,0.038,0,{},[],,50,False,0.2313948314612271,0.00010424793109828356
111,55500,56000,500,0.004,0.2172276511038726,0.12068202839104034,0.3902542372881356,0.3621923492050326,0.11944746048980577,0.009646432030997739,0.5993975903614458,0.9036144578313253,0.0,0.0,0.0,1.0,0.1086138255519363,0.17917119073470866,0.04618473895582329,1.0,0.954,0.05660377358490566,0.5527267470261611,False,latched,0.052545428504202935,0.046,0,{},[],,50,False,0.2313948314612271,0.00010424793109828356
112,56000,56500,500,0.026,0.23220035778175313,0.12900019876764063,0.25962732919254655,0.28111437933136046,0.10881272949816401,0.026308424412840023,0.5086084346864634,0.8275154004106776,0.0,0.0,0.0,1.0,0.11610017889087657,0.1813545491636067,0.10677618069815195,1.0,0.896,0.10044642857142858,0.46562624197167635,False,latched,0.12837485588315767,0.104,0,{},[],,50,False,0.2313948314612271,0.00010424793109828356
113,56500,57000,500,0.038,0.31047950502706884,0.20698633668471256,0.3217488789237668,0.524888401662004,0.17478294685420406,0.04299852629896571,0.5730386256702046,0.9002079002079002,0.0,0.0,0.0,1.0,0.15523975251353442,0.22472093166969095,0.062370062370062374,1.0,0.94,0.07872340425531915,0.5226910307719831,False,latched,0.0720578958931635,0.06,0,{},[],,50,False,0.2313948314612271,0.00010424793109828356
114,57000,57500,500,0.01,0.2922611670219622,0.16236731501220122,0.3779697624190065,0.32643745309819977,0.15201534813849524,0.014116026946006003,0.564040404040404,0.8444444444444444,0.0,0.0,0.0,1.0,0.1461305835109811,0.22802302220774284,0.07676767676767676,1.0,0.924,0.09523809523809523,0.4907538682703241,False,latched,0.06493137534214337,0.076,0,{},[],,50,False,0.2313948314612271,0.00010424793109828356
115,57500,58000,500,0.004,0.20930957683741647,0.11628309824300914,0.38085106382978723,0.2690069447824439,0.11527299723290814,0.00978281668580176,0.6967871485943775,0.8554216867469879,0.0,0.0,0.0,1.0,0.10465478841870823,0.17290949584936222,0.09036144578313253,1.0,0.91,0.06373626373626373,0.5097730873672135,False,latched,0.10336200915155952,0.09,0,{},[],,50,False,0.2313948314612271,0.00010424793109828356
116,58000,58500,500,0.008,0.32242432854909764,0.1791246269717209,0.3872068230277185,0.4524913281484821,0.1709321026501643,0.01211110185169402,0.5272177419354839,0.905241935483871,0.0,0.0,0.0,1.0,0.16121216427454882,0.25639815397524646,0.04032258064516129,1.0,0.96,0.06458333333333334,0.5367850798864142,False,latched,0.0558066817308695,0.04,0,{},[],,50,False,0.2313948314612271,0.00010424793109828356
117,58500,59000,500,0.01,0.36775104484355586,0.2043061360241977,0.3880085653104925,0.5358374693051073,0.19329862501668668,0.01224041799014336,0.5139393939393939,0.9212121212121213,0.0,0.0,0.0,1.0,0.18387552242177793,0.28994793752503,0.05454545454545454,1.0,0.946,0.035940803382663845,0.5632916473411281,False,latched,0.06733813487094305,0.054,0,{},[],,50,False,0.2313948314612271,0.00010424793109828356
118,59000,59500,500,0.012,0.30514402292708986,0.23733424005440323,0.3345110087045571,0.466213748579689,0.21076857204024835,0.08359317815839554,0.8890013495276653,0.868421052631579,0.5,0.0,0.5,0.5,0.40257201146354493,0.26346071505031043,0.10931174089068826,0.5,0.886,0.03160270880361174,0.5375343446251347,False,latched,0.08419136520936325,0.114,0,{},[],,50,False,0.2313948314612271,0.00010424793109828356
119,59500,60000,500,0.008,0.37895701387953107,0.21053167437751727,0.38838709677419353,0.55899275020156,0.2013778050610463,0.030194848975188777,0.8457661290322581,0.9213709677419355,0.0,0.0,0.0,1.0,0.18947850693976553,0.30206670759156945,0.05443548387096774,1.0,0.946,0.03382663847780127,0.5753331573425782,False,latched,0.07543333283896493,0.054,0,{},[],,50,False,0.2313948314612271,0.00010424793109828356
120,60000,60500,500,0.01,0.26940090516249454,0.20953403734860687,0.2771305947271613,0.5336127699422228,0.17764112267423526,0.014973373157111983,0.5511111111111111,0.9191919191919192,0.0,0.0,0.0,1.0,0.13470045258124727,0.22205140334279408,0.05454545454545454,1.0,0.946,0.03805496828752643,0.5593846975163582,False,latched,0.05802468279042096,0.054,0,{},[],,50,False,0.2313948314612271,0.00010424793109828356
121,60500,61000,500,0.002,0.485200845665962,0.16173361522198734,0.6383265856950068,0.1887847237048009,0.2259337561663143,0.005319148936170213,0.625250501002004,0.9078156312625251,0.0,0.0,0.0,1.0,0.242600422832981,0.3389006342494715,0.008016032064128256,1.0,0.992,0.08669354838709678,0.48992169327457424,False,latched,0.16398648264978208,0.008,0,{},[],,50,False,0.2313948314612271,0.00010424793109828356
122,61000,61500,500,0.004,0.39280261723009813,0.21822367623894343,0.386892177589852,0.30733095209638495,0.19640130861504906,0.004636082075106466,0.357429718875502,0.8895582329317269,0.0,0.0,0.0,1.0,0.19640130861504906,0.3273355143584151,0.0642570281124498,1.0,0.936,0.053418803418803416,0.5505326251596414,False,latched,0.10588220437335479,0.064,0,{},[],,50,False,0.2313948314612271,0.00010424793109828356
123,61500,62000,500,0.01,0.31376811594202897,0.10458937198067633,0.29698216735253774,0.1558164228217721,0.10458937198067633,0.027872139781502436,0.694949494949495,0.8747474747474747,0.0,0.0,0.0,1.0,0.15688405797101448,0.23532608695652174,0.020202020202020204,1.0,0.98,0.11632653061224489,0.500701656846416,False,latched,0.11872385826449268,0.02,0,{},[],,50,False,0.2313948314612271,0.00010424793109828356
124,62000,62500,500,0.008,0.32117863720073664,0.17843257622263145,0.3774530271398747,0.22685400000115252,0.16058931860036832,0.014527345761862688,0.610383064516129,0.8588709677419355,0.0,0.0,0.0,1.0,0.16058931860036832,0.2676488643339472,0.04435483870967742,1.0,0.956,0.1087866108786611,0.5150076348787899,False,latched,0.09699362224059331,0.044,0,{},[],,50,False,0.2313948314612271,0.00010424793109828356
125,62500,63000,500,0.01,0.22819055944055947,0.12677253302253302,0.21329365079365079,0.36914553226470254,0.11409527972027973,0.011215498729041425,0.47595959595959597,0.8080808080808081,0.0,0.0,0.0,1.0,0.11409527972027973,0.19015879953379955,0.07474747474747474,1.0,0.926,0.13606911447084233,0.47038451199949205,False,latched,0.10136594341017008,0.074,0,{},[],,50,False,0.2313948314612271,0.00010424793109828356
126,63000,63500,500,0.004,0.15883264793676416,0.12353650395081657,0.17397122783539645,0.39093729275122224,0.10059432093330399,0.014238667183262301,0.7971887550200804,0.8072289156626506,0.0,0.0,0.0,1.0,0.07941632396838208,0.13831719128329298,0.06224899598393574,1.0,0.938,0.14285714285714285,0.4777110226156943,False,latched,0.09883789331815246,0.062,0,{},[],,50,False,0.2313948314612271,0.00010424793109828356
127,63500,64000,500,0.006,0.1986713851120631,0.13244759007470874,0.21305818364641893,0.40226977977101436,0.1179440898084966,0.008046299979405931,0.5043594902749832,0.8108651911468813,0.0,0.0,0.0,1.0,0.09933569255603154,0.16849155686928086,0.09054325955734406,1.0,0.91,0.11428571428571428,0.5060661768098793,False,latched,0.11720262032826728,0.09,0,{},[],,50,False,0.2313948314612271,0.00010424793109828356
128,64000,64500,500,0.016,0.20202707813327284,0.13468471875551524,0.24513496547394853,0.3972244742006474,0.11779744346116028,0.02274112593216877,0.5988313008130082,0.7784552845528455,0.0,0.0,0.0,1.0,0.10101353906663642,0.16828206208737181,0.13211382113821138,1.0,0.87,0.11954022988505747,0.4773961806639437,False,latched,0.15164950497512908,0.13,0,{},[],,50,False,0.2313948314612271,0.00010424793109828356
129,64500,65000,500,0.022,0.2832822878962651,0.1259032390650067,0.4100467289719626,0.34684497245272305,0.12065802532254669,0.0225986820174299,0.5114333519241495,0.7852760736196319,0.0,0.0,0.0,1.0,0.14164114394813254,0.21718444558058403,0.147239263803681,1.0,0.856,0.102803738317757,0.47849750155449283,False,latched,0.1996970364223444,0.144,0,{},[],,50,False,0.2313948314612271,0.00010424793109828356
130,65000,65500,500,0.018,0.30516666666666664,0.16953703703703704,0.4786729857819905,0.36853697939268815,0.16515107212475633,0.01767931329250589,0.47386286490156143,0.7780040733197556,0.0,0.0,0.0,1.0,0.15258333333333332,0.24772660818713452,0.12627291242362526,1.0,0.876,0.1278538812785388,0.45412476722245704,False,latched,0.23805018058935018,0.124,0,{},[],,50,False,0.2313948314612271,0.00010424793109828356
131,65500,66000,500,0.004,0.16808533633770342,0.13073303937376932,0.16825998075998075,0.38138951748379235,0.10621491620055633,0.007452485476196735,0.5431726907630522,0.7971887550200804,0.0,0.0,0.0,1.0,0.08404266816885171,0.14604550977576494,0.11646586345381527,1.0,0.884,0.10180995475113122,0.47860691153967017,False,latched,0.2812062761662735,0.116,0,{},[],,50,False,0.2313948314612271,0.00010424793109828356
132,66000,66500,500,0.008,0.29111937216026434,0.19407958144017623,0.33607843137254906,0.3708150071460431,0.1584013779720699,0.011490092340149452,0.5589717741935484,0.780241935483871,0.0,0.0,0.0,1.0,0.14555968608013217,0.24891645109896698,0.14516129032258066,1.0,0.856,0.09579439252336448,0.48611389129841015,False,latched,0.4169579796558711,0.144,0,{},[],,50,False,0.2313948314612271,0.00010424793109828356
133,66500,67000,500,0.01,0.13378684807256236,0.10405643738977072,0.1257995735607676,0.3400206267851648,0.08513708513708514,0.016121568821550924,0.599191919191919,0.7151515151515152,0.2,0.0,0.2,0.8,0.16689342403628118,0.11706349206349206,0.20404040404040405,0.8,0.796,0.11055276381909548,0.4589497543826444,False,latched,0.9601581162481693,0.204,0,{},[],,50,False,0.2313948314612271,0.00010424793109828356
134,67000,67500,500,0.03,0.23996913580246915,0.15997942386831276,0.2255555555555556,0.44714797447691007,0.14066091954022988,0.18393814006626408,0.8793127147766323,0.8329896907216495,0.7333333333333333,0.0,0.7333333333333333,0.26666666666666666,0.4866512345679012,0.20094417077175697,0.10927835051546392,0.26666666666666666,0.872,0.07339449541284404,0.5215994609867891,False,latched,0.36926664636472106,0.128,0,{},[],,50,False,0.2313948314612271,0.00010424793109828356
135,67500,68000,500,0.024,0.3070365118752215,0.17057583993067862,0.321375970947241,0.41204138814503083,0.1494706368899917,0.12591431753231702,0.7692964480874317,0.8012295081967213,0.5833333333333334,0.0,0.5833333333333334,0.4166666666666667,0.44518492260427744,0.2491177281499862,0.13114754098360656,0.4166666666666667,0.858,0.08857808857808858,0.4932228942843262,False,latched,0.1398594295893865,0.142,0,{},[],,50,False,0.2313948314612271,0.00010424793109828356
136,68000,68500,500,0.022,0.15634920634920635,0.10423280423280423,0.14756554307116104,0.29451023119096126,0.10423280423280423,0.12864320374874838,0.8609406952965235,0.8057259713701431,0.6363636363636364,0.0,0.6363636363636364,0.36363636363636365,0.39635642135642135,0.13401360544217686,0.11042944785276074,0.36363636363636365,0.878,0.10250569476082004,0.47952194420504485,False,latched,0.08973693264554816,0.122,0,{},[],,50,False,0.2313948314612271,0.00010424793109828356
137,68500,69000,500,0.02,0.18017135862913097,0.1000951992384061,0.16391982182628062,0.24591781659258258,0.11260709914320685,0.3370932077340687,0.8228571428571428,0.7510204081632653,0.6,0.0,0.6,0.4,0.3900856793145655,0.15014279885760914,0.06326530612244897,0.4,0.926,0.20518358531317496,0.4188876299045691,False,latched,0.09381859131818508,0.074,0,{},[],,50,False,0.2313948314612271,0.00010424793109828356
138,69000,69500,500,0.006,0.3037471234423169,0.16874840191239826,0.3324890829694323,0.3381231249775459,0.15187356172115846,0.111002886002886,0.7505030181086518,0.8108651911468813,0.6666666666666666,0.0,0.6666666666666666,0.3333333333333333,0.48520689505449177,0.2531226028685974,0.0744466800804829,0.3333333333333333,0.922,0.12581344902386118,0.5013213850890039,False,latched,0.09971907137497275,0.078,0,{},[],,50,False,0.2313948314612271,0.00010424793109828356
139,69500,70000,500,0.006,0.3610345661107083,0.20057475895039348,0.4890022172949002,0.3016976399720001,0.1774869800250511,0.006670739654610622,0.4104627766599597,0.7062374245472837,0.0,0.0,0.0,1.0,0.18051728305535414,0.29581163337508515,0.11468812877263582,1.0,0.886,0.2076749435665914,0.41939855650250174,False,latched,0.11591304151928737,0.114,0,{},[],,50,False,0.2313948314612271,0.00010424793109828356
140,70000,70500,500,0.006,0.3092523364485981,0.17180685358255451,0.32999999999999996,0.4112517962054317,0.18805015214083895,0.01846259854487972,0.7907444668008048,0.8390342052313883,0.0,0.0,0.0,1.0,0.15462616822429906,0.25073353618778527,0.10261569416498995,1.0,0.898,0.07126948775055679,0.5331898239986809,False,latched,0.11578480045370085,0.102,0,{},[],,50,False,0.2313948314612271,0.00010424793109828356
141,70500,71000,500,0.01,0.34780658425226285,0.19322588014014602,0.36923823386705484,0.46393613946417267,0.1656668580176043,0.01782003172825025,0.6254545454545455,0.8686868686868687,0.0,0.0,0.0,1.0,0.17390329212613143,0.2761114300293405,0.07272727272727272,1.0,0.928,0.07327586206896551,0.5230666138645745,False,latched,0.10257789378863373,0.072,0,{},[],,50,False,0.2313948314612271,0.00010424793109828356
142,71000,71500,500,0.008,0.23316053039921003,0.15544035359947336,0.4738200589970501,0.2931132516760505,0.13636690647482014,0.008404000516083691,0.43145161290322576,0.7762096774193549,0.0,0.0,0.0,1.0,0.11658026519960502,0.1948098663926002,0.13911290322580644,1.0,0.862,0.10672853828306264,0.4895370864365347,False,latched,0.1968562971848143,0.138,0,{},[],,50,False,0.2313948314612271,0.00010424793109828356
143,71500,72000,500,0.01,0.22126081582200247,0.09833814036533443,0.1984478935698448,0.23951012492833143,0.09833814036533443,0.011845538216800563,0.49171717171717166,0.7232323232323232,0.0,0.0,0.0,1.0,0.11063040791100123,0.17700865265760196,0.18787878787878787,1.0,0.814,0.12039312039312039,0.45758519719641977,False,latched,0.2952768048415675,0.186,0,{},[],,50,False,0.2313948314612271,0.00010424793109828356
144,72000,72500,500,0.004,0.21830985915492956,0.09702660406885759,0.19419134396355353,0.24686106422964502,0.08732394366197183,0.0035644142622378223,0.16365461847389562,0.6847389558232931,0.0,0.0,0.0,1.0,0.10915492957746478,0.17464788732394365,0.19879518072289157,1.0,0.802,0.14962593516209477,0.4466876637517284,False,latched,0.35025258631649314,0.198,0,{},[],,50,False,0.2313948314612271,0.00010424793109828356
145,72500,73000,500,0.008,0.22263222632226323,0.0989476561432281,0.2011111111111111,0.24008625160865493,0.0989476561432281,0.01411863116347098,0.6481854838709677,0.7298387096774194,0.0,0.0,0.0,1.0,0.11131611316113162,0.17810578105781058,0.1431451612903226,1.0,0.858,0.1561771561771562,0.4420051779397521,False,latched,0.26128834672122614,0.142,0,{},[],,50,False,0.2313948314612271,0.00010424793109828356
146,73000,73500,500,0.006,0.29013854930725347,0.0967128497690845,0.257411424439624,0.2006730907785141,0.10880195599022005,0.0062747865345746815,0.3594902749832327,0.716297786720322,0.0,0.0,0.0,1.0,0.14506927465362673,0.2176039119804401,0.13480885311871227,1.0,0.866,0.17782909930715934,0.43249705437221664,False,latched,0.2330402922313836,0.134,0,{},[],,50,False,0.2313948314612271,0.00010424793109828356
147,73500,74000,500,0.004,0.22269938650306748,0.09897750511247444,0.20077433628318583,0.24658354689156103,0.11134969325153374,0.0039796854661460004,0.25,0.7289156626506024,0.0,0.0,0.0,1.0,0.11134969325153374,0.178159509202454,0.17269076305220885,1.0,0.828,0.12318840579710146,0.4509318539048575,False,latched,0.25342686206910064,0.172,0,{},[],,50,False,0.2313948314612271,0.00010424793109828356
148,74000,74500,500,0.028,0.23103438116842942,0.1796934075754451,0.26607142857142857,0.4948590807981725,0.1435889482197062,0.3760766086444516,0.8228982951205174,0.7839506172839507,0.5714285714285714,0.0,0.5714285714285714,0.42857142857142855,0.4012314762985004,0.19743480380209602,0.11522633744855967,0.42857142857142855,0.872,0.12614678899082568,0.4810180546602959,False,latched,0.18777624094566245,0.128,0,{},[],,50,False,0.2313948314612271,0.00010424793109828356
149,74500,75000,500,0.018,0.39974358974358976,0.2220797720797721,0.5744271988174428,0.5345049607079858,0.21991175039955527,0.23990823890173088,0.8782529984159313,0.8207739307535642,0.6666666666666666,0.0,0.6666666666666666,0.3333333333333333,0.5332051282051282,0.3298676255993329,0.109979633401222,0.3333333333333333,0.88,0.08409090909090909,0.5140478130576904,False,latched,0.15351231614830604,0.12,0,{},[],,50,False,0.2313948314612271,0.00010424793109828356
150,75000,75500,500,0.008,0.2727884615384616,0.15154914529914532,0.38607888631090487,0.4613204856020926,0.14897265576613405,0.0174291716148261,0.6975806451612903,0.8346774193548387,0.0,0.0,0.0,1.0,0.1363942307692308,0.22345898364920105,0.0625,1.0,0.938,0.11727078891257996,0.4945710961641085,False,latched,0.1045442436990243,0.062,0,{},[],,50,False,0.2313948314612271,0.00010424793109828356
151,75500,76000,500,0.01,0.2905950307142202,0.16144168373012235,0.38486238532110095,0.47577860114926834,0.17722628980078325,0.013031835161077854,0.5163636363636364,0.8464646464646465,0.0,0.0,0.0,1.0,0.1452975153571101,0.23630171973437766,0.0707070707070707,1.0,0.93,0.0989247311827957,0.5163681116415985,False,latched,0.08647222629875394,0.07,0,{},[],,50,False,0.2313948314612271,0.00010424793109828356
152,76000,76500,500,0.028,0.3577267357920987,0.19873707544005484,0.3570048309178744,0.6230172429558006,0.17104381902386892,0.021126542788807434,0.3368606701940035,0.8786008230452675,0.0,0.0,0.0,1.0,0.17886336789604934,0.2850730317064482,0.05761316872427984,1.0,0.944,0.09533898305084745,0.5352245303836068,False,latched,0.10161826663554291,0.056,0,{},[],,50,False,0.2313948314612271,0.00010424793109828356
153,76500,77000,500,0.012,0.35674208144796377,0.19819004524886877,0.38202247191011235,0.546123050064968,0.1577772611020693,0.010059857518440598,0.3356950067476383,0.8744939271255061,0.0,0.0,0.0,1.0,0.17837104072398188,0.2892583120204604,0.08097165991902834,1.0,0.92,0.06086956521739131,0.5420003180172961,False,latched,0.2308719172269408,0.08,0,{},[],,50,False,0.2313948314612271,0.00010424793109828356
154,77000,77500,500,0.01,0.366750208855472,0.20375011603081777,0.3795238095238095,0.610717928527299,0.19937996416804055,0.014409038211783291,0.5454545454545454,0.8585858585858586,0.0,0.0,0.0,1.0,0.183375104427736,0.2990699462520608,0.08888888888888889,1.0,0.912,0.06798245614035088,0.5580655051186042,False,latched,0.12266695084226668,0.088,0,{},[],,50,False,0.2313948314612271,0.00010424793109828356
155,77500,78000,500,0.014,0.3734947573235326,0.20749708740196254,0.38443935926773454,0.5727585485040781,0.17917162108600873,0.02269633360807973,0.6169226311214141,0.8782961460446247,0.0,0.0,0.0,1.0,0.1867473786617663,0.2986193684766812,0.07707910750507099,1.0,0.924,0.06277056277056277,0.5421282412226109,False,latched,20.7132376552263,0.076,0,{},[],,50,False,0.2313948314612271,0.00010424793109828356
156,78000,78500,500,0.008,0.3468769026963398,0.19270939038685544,0.5404059355278867,0.3667524188559757,0.18658296320779671,0.014020725043316008,0.6612903225806451,0.8044354838709677,0.0,0.0,0.0,1.0,0.1734384513481699,0.27987444481169504,0.1310483870967742,1.0,0.87,0.08275862068965517,0.5080744692895529,False,latched,0.18403198759652506,0.13,0,{},[],,50,False,0.2313948314612271,0.00010424793109828356
157,78500,79000,500,0.008,0.2273201251303441,0.17680454176804541,0.2656755009696186,0.4009743296016354,0.15399588246303575,0.006346076579424475,0.2157258064516129,0.7983870967741935,0.0,0.0,0.0,1.0,0.11366006256517205,0.1924948530787947,0.10483870967741936,1.0,0.896,0.11607142857142858,0.5101466941963363,False,latched,0.15000058735377006,0.104,0,{},[],,50,False,0.2313948314612271,0.00010424793109828356
158,79000,79500,500,0.006,0.2550657385924207,0.17004382572828047,0.31227305737109656,0.34455457102185044,0.14758489770090696,0.01098091723091723,0.6049631120053656,0.8249496981891348,0.0,0.0,0.0,1.0,0.12753286929621035,0.2108355681441528,0.1006036217303823,1.0,0.9,0.08888888888888889,0.5111733048953873,False,latched,0.14194612047956312,0.1,0,{},[],,50,False,0.2313948314612271,0.00010424793109828356
159,79500,80000,500,0.008,0.4238688187427345,0.18838614166343756,0.4720357941834452,0.4638890073700991,0.20531408497547185,0.006834159723002149,0.2772177419354839,0.8407258064516129,0.0,0.0,0.0,1.0,0.21193440937136726,0.32850253596075496,0.10685483870967742,1.0,0.894,0.06711409395973154,0.5223107936877591,False,latched,0.1253911739885548,0.106,0,{},[],,50,False,0.2313948314612271,0.00010424793109828356
160,80000,80500,500,0.004,0.2857847601700061,0.1905231734466707,0.47314755498612,0.4336372690543337,0.16930418943533695,0.0069628647214854105,0.5080321285140562,0.8433734939759037,0.0,0.0,0.0,1.0,0.14289238008500305,0.2418631277647671,0.08634538152610442,1.0,0.914,0.08096280087527352,0.5343494437928863,False,latched,0.32528780171965743,0.086,0,{},[],,50,False,0.2313948314612271,0.00010424793109828356
161,80500,81000,500,0.006,0.2618009069315483,0.1454449482953046,0.35705705705705704,0.384231528027204,0.12857937029362715,0.005128779506988987,0.2226693494299128,0.8169014084507042,0.0,0.0,0.0,1.0,0.13090045346577414,0.21429895048937855,0.096579476861167,1.0,0.904,0.10176991150442478,0.5126455513981271,False,latched,0.11864852416844704,0.096,0,{},[],,50,False,0.2313948314612271,0.00010424793109828356
162,81000,81500,500,0.024,0.19234234234234232,0.10685685685685685,0.18565217391304348,0.30693848852762967,0.08742833742833743,0.02060174141195146,0.4026639344262295,0.875,0.0,0.0,0.0,1.0,0.09617117117117116,0.16028528528528527,0.06967213114754098,1.0,0.932,0.08369098712446352,0.5185243311848228,False,latched,0.09720886595467532,0.068,0,{},[],,50,False,0.2313948314612271,0.00010424793109828356
163,81500,82000,500,0.052,0.3326007326007326,0.18477818477818475,0.5081617086193745,0.35601065685282524,0.18062178911235516,0.03679579293076882,0.3085037325543655,0.8227848101265823,0.0,0.0,0.0,1.0,0.1663003663003663,0.24082905214980688,0.12025316455696203,1.0,0.886,0.11963882618510158,0.4878008259441692,False,latched,0.14650403793074696,0.114,0,{},[],,50,False,0.2313948314612271,0.00010424793109828356
164,82000,82500,500,0.016,0.4126883465451595,0.2292713036361997,0.4206031746031746,0.46931629654499213,0.17622880070917024,0.014235283020198608,0.39634146341463417,0.8739837398373984,0.0,0.0,0.0,1.0,0.20634417327257976,0.32308613463347874,0.07113821138211382,1.0,0.93,0.07526881720430108,0.5441679540455215,False,latched,0.09186968206677541,0.07,0,{},[],,50,False,0.2313948314612271,0.00010424793109828356
165,82500,83000,500,0.012,0.17305843906189924,0.11537229270793284,0.3189845474613687,0.3373923741904857,0.0928803607004299,0.01176976677602287,0.39372469635627527,0.840080971659919,0.0,0.0,0.0,1.0,0.08652921953094962,0.14595485252924698,0.06882591093117409,1.0,0.932,0.10944206008583691,0.4982744038545435,False,latched,0.0735103273820545,0.068,0,{},[],,50,False,0.2313948314612271,0.00010424793109828356
166,83000,83500,500,0.026,0.3088860362287833,0.17160335346043518,0.36888504753673296,0.4472291813918901,0.14206027890238415,0.023778288904783444,0.45522034433738745,0.86652977412731,0.0,0.0,0.0,1.0,0.15444301811439165,0.23676713150397358,0.07802874743326489,1.0,0.924,0.08658008658008658,0.5110470617361379,False,latched,0.08462009641384087,0.076,0,{},[],,50,False,0.2313948314612271,0.00010424793109828356
167,83500,84000,500,0.022,0.3299643904482614,0.1466508401992273,0.35402869757174393,0.36056058419894127,0.13799283154121864,0.02392342764212054,0.5367168618702362,0.8568507157464212,0.0,0.0,0.0,1.0,0.1649821952241307,0.24838709677419354,0.08384458077709611,1.0,0.918,0.08714596949891068,0.4979985675508968,False,latched,0.13575033392985106,0.082,0,{},[],,50,False,0.2313948314612271,0.00010424793109828356
168,84000,84500,500,0.016,0.3648568019093079,0.16215857862635907,0.43505004170141787,0.42433119855305074,0.138799863620866,0.02180334069623202,0.5736788617886179,0.8353658536585366,0.0,0.0,0.0,1.0,0.18242840095465396,0.277599727241732,0.06910569105691057,1.0,0.932,0.11802575107296137,0.48447001018121044,False,latched,0.10420780345132019,0.068,0,{},[],,50,False,0.2313948314612271,0.00010424793109828356
169,84500,85000,500,0.008,0.3478513356562137,0.15460059362498385,0.37727272727272726,0.40516739549061725,0.15026455026455027,0.012986287339735616,0.5866935483870968,0.8245967741935484,0.0,0.0,0.0,1.0,0.17392566782810684,0.2704761904761905,0.0846774193548387,1.0,0.916,0.10698689956331878,0.4965831920047504,False,latched,0.11141565659994916,0.084,0,{},[],,50,False,0.2313948314612271,0.00010424793109828356
170,85000,85500,500,0.006,0.2746299483648881,0.15257219353604895,0.26470971950424005,0.38928520699784414,0.12392572403780024,0.006748820305980225,0.4198524480214621,0.806841046277666,0.0,0.0,0.0,1.0,0.13731497418244404,0.2271971607359671,0.096579476861167,1.0,0.904,0.11283185840707964,0.46888172940627465,False,latched,0.0841260675718321,0.096,0,{},[],,50,False,0.2313948314612271,0.00010424793109828356
171,85500,86000,500,0.006,0.26115850447604,0.14508805804224445,0.2477050413844996,0.39030815604945573,0.1283570300157978,0.011165831343600535,0.6217303822937625,0.8229376257545271,0.0,0.0,0.0,1.0,0.13057925223802,0.213928383359663,0.09456740442655935,1.0,0.906,0.09713024282560706,0.48825124606444664,False,latched,0.1062051126325722,0.094,0,{},[],,50,False,0.2313948314612271,0.00010424793109828356
172,86000,86500,500,0.01,0.2594447354635935,0.14413596414644084,0.2323468481799349,0.39312465716751543,0.12693975903614457,0.010385925838056805,0.4496969696969697,0.8121212121212121,0.0,0.0,0.0,1.0,0.12972236773179674,0.21156626506024098,0.10505050505050505,1.0,0.896,0.10267857142857142,0.48322359697659084,False,latched,0.11851655256907385,0.104,0,{},[],,50,False,0.2313948314612271,0.00010424793109828356
173,86500,87000,500,0.008,0.18967136150234742,0.10537297861241524,0.18076062639821028,0.3195623812342188,0.08621425522833974,0.011811798839403398,0.5866935483870968,0.8145161290322581,0.0,0.0,0.0,1.0,0.09483568075117371,0.15805946791862285,0.10483870967741936,1.0,0.896,0.09821428571428571,0.492700367714565,False,latched,0.09878983074098134,0.104,0,{},[],,50,False,0.2313948314612271,0.00010424793109828356
174,87000,87500,500,0.008,0.23826291079812206,0.10589462702138758,0.22808988764044943,0.3340365656647844,0.10589462702138758,0.010156260194428134,0.5267137096774194,0.8185483870967742,0.0,0.0,0.0,1.0,0.11913145539906103,0.19061032863849764,0.12298387096774194,1.0,0.878,0.07517084282460136,0.4861153481140671,False,latched,0.14307208807814628,0.122,0,{},[],,50,False,0.2313948314612271,0.00010424793109828356
175,87500,88000,500,0.002,0.24885035324341684,0.1382501962463427,0.2346436561201662,0.4057307142193271,0.12367442587095767,0.003115264797507788,0.3587174348697395,0.8476953907815631,0.0,0.0,0.0,1.0,0.12442517662170842,0.2061240431182628,0.09018036072144289,1.0,0.91,0.07032967032967033,0.5171439396037145,False,latched,0.08135365603222725,0.09,0,{},[],,50,False,0.2313948314612271,0.00010424793109828356
176,88000,88500,500,0.008,0.3021417797888386,0.16785654432713257,0.28003933136676495,0.46616785922853327,0.14935045978689243,0.00949354049259668,0.49042338709677413,0.8870967741935484,0.0,0.0,0.0,1.0,0.1510708898944193,0.24891743297815405,0.06451612903225806,1.0,0.936,0.05982905982905983,0.5320040427365377,False,latched,0.06981146164047419,0.064,0,{},[],,50,False,0.2313948314612271,0.00010424793109828356
177,88500,89000,500,0.0,0.3577850990082021,0.2385233993388014,0.4890350877192982,0.4876199841190776,0.2385233993388014,,,0.882,,,,,0.3577850990082021,0.3577850990082021,0.058,,0.942,0.06369426751592357,0.5376677613852376,False,latched,0.06408610546473996,0.058,0,{},[],,50,False,0.2313948314612271,0.00010424793109828356
178,89000,89500,500,0.006,0.2601265067430481,0.20232061635570409,0.27601809954751133,0.5223429705376994,0.17872721018231855,0.013225060905473277,0.670690811535882,0.8712273641851107,0.0,0.0,0.0,1.0,0.13006325337152405,0.22340901272789818,0.06639839034205232,1.0,0.934,0.0728051391862955,0.5234763465429096,False,latched,0.07164950389961536,0.066,0,{},[],,50,False,0.2313948314612271,0.00010424793109828356
179,89500,90000,500,0.03,0.3303333652787821,0.22022224351918807,0.39256372185102695,0.48106700772432925,0.18409027672605985,0.03228925327001759,0.5439175257731959,0.8845360824742268,0.0,0.0,0.0,1.0,0.16516668263939105,0.2629861096086569,0.07422680412371134,1.0,0.928,0.07543103448275862,0.528093501414099,False,latched,0.08688765706222237,0.072,0,{},[],,50,False,0.2313948314612271,0.00010424793109828356
180,90000,90500,500,0.008,0.25721829648203026,0.1714788643213535,0.2865470852017937,0.43958964518622196,0.15033984706881903,0.016652840870938365,0.6743951612903225,0.8508064516129032,0.0,0.0,0.0,1.0,0.12860914824101513,0.21477121009831293,0.07258064516129033,1.0,0.928,0.09051724137931035,0.5207181987117709,False,latched,0.08086024231649376,0.072,0,{},[],,50,False,0.2313948314612271,0.00010424793109828356
181,90500,91000,500,0.012,0.3515614617940199,0.19531192321889995,0.35837104072398185,0.560473737554699,0.1539458635150591,0.018766469972210018,0.603238866396761,0.8906882591093117,0.0,0.0,0.0,1.0,0.17578073089700996,0.28223408311094167,0.048582995951417005,1.0,0.952,0.07563025210084033,0.544987738420818,False,latched,0.07214058264886493,0.048,0,{},[],,50,False,0.2313948314612271,0.00010424793109828356
182,91000,91500,500,0.01,0.34958333333333336,0.19421296296296298,0.37228195937873354,0.5509873900887955,0.1691304347826087,0.01353794823488658,0.5567676767676768,0.8707070707070707,0.0,0.0,0.0,1.0,0.17479166666666668,0.2818840579710145,0.06262626262626263,1.0,0.938,0.08102345415778252,0.5327410565371077,False,latched,0.06424763886868601,0.062,0,{},[],,50,False,0.2313948314612271,0.00010424793109828356
183,91500,92000,500,0.004,0.3240743585804271,0.1800413103224595,0.3305283757338552,0.48522184010881275,0.14483617089624157,0.006261149084229676,0.5251004016064257,0.8554216867469879,0.0,0.0,0.0,1.0,0.16203717929021355,0.2655329799764429,0.06224899598393574,1.0,0.938,0.09168443496801706,0.5079543112199015,False,latched,35.80085265102789,0.062,0,{},[],,50,False,0.2313948314612271,0.00010424793109828356
184,92000,92500,500,0.004,0.22673666288308741,0.20154370034052216,0.23276981531358215,0.5706722630179362,0.161962328250637,0.010704355885078776,0.6044176706827309,0.9036144578313253,0.0,0.0,0.0,1.0,0.11336833144154371,0.19795395675077854,0.05421686746987952,1.0,0.946,0.048625792811839326,0.5505036237641194,False,latched,0.06591417957715684,0.054,0,{},[],,50,False,0.2313948314612271,0.00010424793109828356
185,92500,93000,500,0.002,0.3530649350649351,0.15691774891774893,0.47971491228070173,0.381507817914847,0.14122597402597403,0.011111111111111112,0.8216432865731462,0.8496993987975952,0.0,0.0,0.0,1.0,0.17653246753246754,0.28245194805194807,0.08617234468937876,1.0,0.914,0.07221006564551423,0.5251290832381426,False,latched,72.31341127346076,0.086,0,{},[],,50,False,0.2313948314612271,0.00010424793109828356
186,93000,93500,500,0.01,0.31814780501710377,0.1413990244520461,0.4391447368421053,0.38208187449388653,0.13754099976068812,0.018911728788196885,0.6880808080808081,0.8606060606060606,0.0,0.0,0.0,1.0,0.15907390250855188,0.24757379956923858,0.06868686868686869,1.0,0.932,0.08583690987124463,0.5101713187881803,False,latched,0.057980625116815246,0.068,0,{},[],,50,False,0.2313948314612271,0.00010424793109828356
187,93500,94000,500,0.008,0.4189206349206349,0.18618694885361553,0.4687011972930765,0.4940492769268576,0.17973696145124715,0.007746253448887174,0.3704637096774194,0.8830645161290323,0.0,0.0,0.0,1.0,0.20946031746031746,0.3235265306122449,0.0625,1.0,0.938,0.06609808102345416,0.5365312099943336,False,latched,0.061365371517553495,0.062,0,{},[],,50,False,0.2313948314612271,0.00010424793109828356
188,94000,94500,500,0.01,0.4190259740259741,0.23279220779220777,0.5821739130434782,0.4828752346163476,0.22322336843613438,0.01945213108158126,0.6391919191919191,0.8828282828282829,0.0,0.0,0.0,1.0,0.20951298701298704,0.3348350526542016,0.05858585858585859,1.0,0.942,0.07218683651804671,0.540010050236796,False,latched,0.09099987551863757,0.058,0,{},[],,50,False,0.2313948314612271,0.00010424793109828356
189,94500,95000,500,0.04,0.21726135615536538,0.1689810547875064,0.2749445676274945,0.39942248314262885,0.12790113112693757,0.03191532915615766,0.37854166666666667,0.8833333333333333,0.0,0.0,0.0,1.0,0.10863067807768269,0.15987641390867197,0.07083333333333333,1.0,0.932,0.09012875536480687,0.5155413629253371,False,latched,0.08144342285405634,0.068,0,{},[],,50,False,0.2313948314612271,0.00010424793109828356
190,95000,95500,500,0.042,0.2200808625336927,0.1222671458520515,0.3170437405731523,0.34801806492935017,0.11605596572782789,0.03093473888712748,0.3273685256983796,0.8517745302713987,0.0,0.0,0.0,1.0,0.11004043126684634,0.17408394859174184,0.07933194154488518,1.0,0.924,0.11688311688311688,0.5084094778406043,False,latched,0.08565000356251043,0.076,0,{},[],,50,False,0.2313948314612271,0.00010424793109828356
191,95500,96000,500,0.024,0.32222119730652155,0.17901177628140086,0.37054945054945054,0.4551853447715148,0.16136147291681177,0.01933236951211497,0.36014344262295084,0.8913934426229508,0.0,0.0,0.0,1.0,0.16111059865326077,0.24204220937521767,0.05942622950819672,1.0,0.942,0.07643312101910828,0.5421935977931639,False,latched,0.0653894411202754,0.058,0,{},[],,50,False,0.2313948314612271,0.00010424793109828356
192,96000,96500,500,0.012,0.3536275916392382,0.1964597731329101,0.3559038901601831,0.4425197044734773,0.1662273920832413,0.01034382394489403,0.35526315789473684,0.8582995951417004,0.0,0.0,0.0,1.0,0.1768137958196191,0.27704565347206883,0.0728744939271255,1.0,0.928,0.08620689655172414,0.5211043073475251,False,latched,0.06986593211503912,0.072,0,{},[],,50,False,0.2313948314612271,0.00010424793109828356
193,96500,97000,500,0.008,0.27581573155191724,0.15323096197328734,0.2665800865800866,0.4001192296489566,0.12081108344978854,0.012050336438923396,0.5725806451612904,0.8810483870967742,0.0,0.0,0.0,1.0,0.13790786577595862,0.2214869863246123,0.06653225806451613,1.0,0.934,0.06423982869379015,0.5548751862940012,False,latched,0.08370709992375526,0.066,0,{},[],,50,False,0.2313948314612271,0.00010424793109828356
194,97000,97500,500,0.014,0.2527485648679678,0.14041586937109324,0.2594759825327511,0.3185604650522866,0.12018073404688714,0.015496479610284657,0.5027528252680382,0.8417849898580122,0.0,0.0,0.0,1.0,0.1263742824339839,0.20030122341147857,0.09330628803245436,1.0,0.908,0.08590308370044053,0.5288320233253803,False,latched,0.09471580553636308,0.092,0,{},[],,50,False,0.2313948314612271,0.00010424793109828356
195,97500,98000,500,0.008,0.28977054651647893,0.1931803643443193,0.30265151515151517,0.3972376268147505,0.1862667840974057,0.007392341373064597,0.3533266129032258,0.7661290322580645,0.0,0.0,0.0,1.0,0.14488527325823947,0.23948586526809307,0.14919354838709678,1.0,0.852,0.107981220657277,0.47894761091793353,False,latched,0.4857940511554052,0.148,0,{},[],,50,False,0.2313948314612271,0.00010424793109828356
196,98000,98500,500,0.01,0.16840822013235804,0.11227214675490536,0.1656534954407295,0.31381230448119773,0.09936143039591315,0.010007236158002579,0.4315151515151515,0.7292929292929293,0.0,0.0,0.0,1.0,0.08420411006617902,0.14194490056559023,0.1414141414141414,1.0,0.86,0.16046511627906976,0.4484417142857969,False,latched,0.25786220370621366,0.14,0,{},[],,50,False,0.2313948314612271,0.00010424793109828356
197,98500,99000,500,0.008,0.15310356982631546,0.10206904655087697,0.22495682210708115,0.24502184921554077,0.09186214189578927,0.008440618750557276,0.4274193548387097,0.6633064516129032,0.0,0.0,0.0,1.0,0.07655178491315773,0.13123163127969897,0.11693548387096774,1.0,0.884,0.25565610859728505,0.38563588333339044,False,latched,0.24560834862423686,0.116,0,{},[],,50,False,0.2313948314612271,0.00010424793109828356
198,99000,99500,500,0.012,0.21008939974457216,0.09337306655314319,0.20409429280397023,0.1117237955073945,0.09337306655314319,0.014912388105469576,0.5263157894736842,0.6659919028340081,0.0,0.0,0.0,1.0,0.10504469987228608,0.16807151979565774,0.1437246963562753,1.0,0.858,0.2331002331002331,0.36793481118251475,False,latched,0.22555993076658407,0.142,0,{},[],,50,False,0.2313948314612271,0.00010424793109828356
199,99500,100000,500,0.004,0.17382716049382715,0.09657064471879287,0.17688442211055277,0.13696544575182665,0.08691358024691358,0.003958535057242125,0.25,0.7068273092369478,0.0,0.0,0.0,1.0,0.08691358024691358,0.1448559670781893,0.0963855421686747,1.0,0.904,0.22123893805309736,0.4016098699479185,False,latched,0.19850416382738817,0.096,0,{},[],,50,False,0.2313948314612271,0.00010424793109828356
200,100000,100500,500,0.006,0.18024096385542168,0.1001338688085676,0.1798076923076923,0.18395956965126736,0.1001338688085676,0.012481565391094795,0.6505700871898055,0.7525150905432596,0.0,0.0,0.0,1.0,0.09012048192771084,0.1502008032128514,0.08651911468812877,1.0,0.914,0.18161925601750548,0.4351412968239206,False,latched,0.18091374858143783,0.086,0,{},[],,50,False,0.2313948314612271,0.00010424793109828356
201,100500,101000,500,0.01,0.23462414578587698,0.10427739812705644,0.23146067415730337,0.2181949361305113,0.11731207289293849,0.009672328557092639,0.39070707070707067,0.8323232323232324,0.0,0.0,0.0,1.0,0.11731207289293849,0.1876993166287016,0.06666666666666667,1.0,0.934,0.11777301927194861,0.4999799697304345,False,latched,0.13513786362387703,0.066,0,{},[],,50,False,0.2313948314612271,0.00010424793109828356
202,101000,101500,500,0.008,0.31755005889281507,0.17641669938489726,0.37853881278538815,0.2793106748303064,0.17071869368689155,0.009731307052735625,0.47731854838709675,0.8044354838709677,0.0,0.0,0.0,1.0,0.15877502944640753,0.25607804053033734,0.0907258064516129,1.0,0.91,0.12307692307692308,0.48162417729740625,False,latched,0.11896333494112075,0.09,0,{},[],,50,False,0.2313948314612271,0.00010424793109828356
203,101500,102000,500,0.002,0.274155546747699,0.18277036449846598,0.31363636363636366,0.3421388398044784,0.1806015289962971,0.011494252873563218,0.8276553106212425,0.8036072144288577,0.0,0.0,0.0,1.0,0.1370777733738495,0.232201965852382,0.052104208416833664,1.0,0.948,0.1540084388185654,0.49098755943079775,False,latched,0.1003371761647626,0.052,0,{},[],,50,False,0.2313948314612271,0.00010424793109828356
204,102000,102500,500,0.004,0.2660641438539989,0.14781341325222164,0.2875216209537929,0.338449666944823,0.14577092959209093,0.007094204702314951,0.48092369477911645,0.7690763052208835,0.0,0.0,0.0,1.0,0.13303207192699945,0.21865639438813636,0.10240963855421686,1.0,0.898,0.14699331848552338,0.4766221555480895,False,latched,0.09863554339293007,0.102,0,{},[],,50,False,0.2313948314612271,0.00010424793109828356
205,102500,103000,500,0.012,0.32074853801169595,0.17819363222871998,0.3663361301805238,0.41639954487996306,0.1497076023391813,0.017762130737997844,0.47975708502024295,0.8502024291497976,0.0,0.0,0.0,1.0,0.16037426900584797,0.24951267056530213,0.05465587044534413,1.0,0.946,0.11205073995771671,0.5142815102993037,False,latched,0.08051569648015056,0.054,0,{},[],,50,False,0.2313948314612271,0.00010424793109828356
206,103000,103500,500,0.006,0.40211702028226937,0.1787186756810086,0.4722877358490566,0.30520336055305547,0.17076111599931101,0.007801986160675688,0.44466800804828976,0.7766599597585513,0.0,0.0,0.0,1.0,0.20105851014113468,0.3073700087987598,0.09859154929577464,1.0,0.902,0.14412416851441243,0.48142976013220473,False,latched,0.1330171952911456,0.098,0,{},[],,50,False,0.2313948314612271,0.00010424793109828356
207,103500,104000,500,0.008,0.3583484573502722,0.19908247630570677,0.5782407407407407,0.31300606226280453,0.2145633971291866,0.007085323026599193,0.3266129032258065,0.7963709677419355,0.0,0.0,0.0,1.0,0.1791742286751361,0.2860845295055821,0.09274193548387097,1.0,0.908,0.1299559471365639,0.4968366529340973,False,latched,0.12292124427399764,0.092,0,{},[],,50,False,0.2313948314612271,0.00010424793109828356
208,104000,104500,500,0.004,0.22565320665083136,0.10029031406703616,0.22093023255813954,0.17941752884136694,0.10029031406703616,0.0039446492403932085,0.24297188755020083,0.7630522088353414,0.0,0.0,0.0,1.0,0.11282660332541568,0.18052256532066507,0.09437751004016064,1.0,0.906,0.16114790286975716,0.4694531983967822,False,latched,0.1577721847387683,0.094,0,{},[],,50,False,0.2313948314612271,0.00010424793109828356
209,104500,105000,500,0.008,0.2648326003051791,0.11770337791341293,0.4568230277185501,0.22937502201976417,0.13241630015258954,0.007615697530296983,0.36491935483870963,0.7842741935483871,0.0,0.0,0.0,1.0,0.13241630015258954,0.21186608024414327,0.15120967741935484,1.0,0.85,0.08470588235294117,0.5001900881659438,False,latched,0.1752127368237042,0.15,0,{},[],,50,False,0.2313948314612271,0.00010424793109828356
210,105000,105500,500,0.006,0.2776793160967473,0.12341302937633213,0.467741935483871,0.2581429905420078,0.13883965804837364,0.016544500708510462,0.7692823608316566,0.8169014084507042,0.0,0.0,0.0,1.0,0.13883965804837364,0.22214345287739784,0.11670020120724346,1.0,0.884,0.08144796380090498,0.503255235550725,False,latched,0.14975734853193878,0.116,0,{},[],,50,False,0.2313948314612271,0.00010424793109828356
211,105500,106000,500,0.006,0.2131818181818182,0.11843434343434343,0.378448275862069,0.2808951927376221,0.11624136097820308,0.010909223439666632,0.5955734406438631,0.8350100603621731,0.0,0.0,0.0,1.0,0.1065909090909091,0.1743620414673046,0.1006036217303823,1.0,0.9,0.07777777777777778,0.5212766283677965,False,latched,0.1662745775300275,0.1,0,{},[],,50,False,0.2313948314612271,0.00010424793109828356
212,106000,106500,500,0.012,0.23113207547169812,0.10272536687631027,0.21585903083700442,0.26372132385480956,0.10272536687631027,0.009882029665771341,0.31511470985155193,0.7935222672064778,0.0,0.0,0.0,1.0,0.11556603773584906,0.1849056603773585,0.12753036437246965,1.0,0.874,0.10297482837528604,0.5085094283146042,False,latched,0.1785173342729761,0.126,0,{},[],,50,False,0.2313948314612271,0.00010424793109828356
213,106500,107000,500,0.024,0.24526445264452645,0.13625802924695915,0.3616926503340757,0.2617939259077347,0.11152111521115211,0.02051701039886243,0.4072745901639344,0.7520491803278688,0.0,0.0,0.0,1.0,0.12263222632226323,0.1858685253519202,0.16188524590163936,1.0,0.842,0.12826603325415678,0.47097711099838874,False,latched,0.17960102557765936,0.158,0,{},[],,50,False,0.2313948314612271,0.00010424793109828356
214,107000,107500,500,0.022,0.3176396997497915,0.17646649986099527,0.38201754385964914,0.37258910465995126,0.1528974762919717,0.027315622666842364,0.5857966164714631,0.8629856850715747,0.0,0.0,0.0,1.0,0.15881984987489575,0.22934621443795755,0.08384458077709611,1.0,0.918,0.08061002178649238,0.5314372680883998,False,latched,0.11577588064080789,0.082,0,{},[],,50,False,0.2313948314612271,0.00010424793109828356
215,107500,108000,500,0.026,0.4990974729241877,0.27727637384677095,0.5680709534368071,0.31499820846529947,0.25450360107399816,0.03242445525010985,0.6021165692623598,0.7946611909650924,0.0,0.0,0.0,1.0,0.24954873646209386,0.38175540161099725,0.14784394250513347,1.0,0.856,0.09579439252336448,0.5030690515731117,False,latched,0.1207241224239159,0.144,0,{},[],,50,False,0.2313948314612271,0.00010424793109828356
216,108000,108500,500,0.01,0.379064039408867,0.1684729064039409,0.4743449781659389,0.34998564130794313,0.17579575596816976,0.01655478451181543,0.6509090909090909,0.8424242424242424,0.0,0.0,0.0,1.0,0.1895320197044335,0.28127320954907165,0.07676767676767676,1.0,0.924,0.09740259740259741,0.514570523226167,False,latched,0.09988557238622227,0.076,0,{},[],,50,False,0.2313948314612271,0.00010424793109828356
217,108500,109000,500,0.016,0.3384173021627704,0.1880096123126502,0.3413295904044915,0.3525292872431865,0.19434834245585048,0.017798310361974146,0.5101626016260162,0.8028455284552846,0.0,0.0,0.0,1.0,0.1692086510813852,0.2591311232744673,0.07317073170731707,1.0,0.928,0.14870689655172414,0.4772692555742317,False,latched,0.1025814347486981,0.072,0,{},[],,50,False,0.2313948314612271,0.00010424793109828356
218,109000,109500,500,0.034,0.1979070907642336,0.1539277372610706,0.2880924887275927,0.28800438916673843,0.13191609977324265,0.05824909165623178,0.5795883570819633,0.7370600414078675,0.29411764705882354,0.0,0.29411764705882354,0.7058823529411765,0.24601236891152856,0.1648951247165533,0.13250517598343686,0.7058823529411765,0.862,0.1740139211136891,0.44564814310118034,False,latched,0.14684006577654388,0.138,0,{},[],,50,False,0.2313948314612271,0.00010424793109828356
219,109500,110000,500,0.018,0.22921434019832188,0.15280956013221458,0.3146148308135349,0.3243878921618893,0.13922260361047545,0.024277631217697913,0.5994568906992532,0.8472505091649695,0.0,0.0,0.0,1.0,0.11460717009916094,0.1790004903563256,0.10590631364562118,1.0,0.896,0.07142857142857142,0.5210790613062777,False,latched,0.11853842889128507,0.104,0,{},[],,50,False,0.2313948314612271,0.00010424793109828356
220,110000,110500,500,0.008,0.3129740518962076,0.10432468396540254,0.2949586155003762,0.3182380892367269,0.11736526946107785,0.010554179362956793,0.5473790322580645,0.7903225806451613,0.0,0.0,0.0,1.0,0.1564870259481038,0.2347305389221557,0.1028225806451613,1.0,0.898,0.12694877505567928,0.46142724555504,False,latched,0.14742981219085596,0.102,0,{},[],,50,False,0.2313948314612271,0.00010424793109828356
221,110500,111000,500,0.008,0.18566392479435959,0.10314662488575532,0.17400881057268722,0.27455533193827386,0.09283196239717979,0.011068406837133579,0.5362903225806452,0.7963709677419355,0.0,0.0,0.0,1.0,0.09283196239717979,0.15471993732863298,0.13709677419354838,1.0,0.864,0.08564814814814815,0.48973057256222846,False,latched,0.18358105077550418,0.136,0,{},[],,50,False,0.2313948314612271,0.00010424793109828356
222,111000,111500,500,0.006,0.3153153153153153,0.10510510510510511,0.29914529914529914,0.2811185403512429,0.10510510510510511,0.014998524916876217,0.7035546613011402,0.8450704225352113,0.0,0.0,0.0,1.0,0.15765765765765766,0.23648648648648649,0.09456740442655935,1.0,0.906,0.0728476821192053,0.49914663638327667,False,latched,0.16235651457360847,0.094,0,{},[],,50,False,0.2313948314612271,0.00010424793109828356
223,111500,112000,500,0.004,0.2565789473684211,0.1425438596491228,0.38155136268343814,0.2539845297628071,0.1425438596491228,0.006393322326178683,0.5341365461847389,0.8714859437751004,0.0,0.0,0.0,1.0,0.12828947368421054,0.2138157894736842,0.08433734939759036,1.0,0.916,0.05240174672489083,0.5062922704222274,False,latched,0.1464953186504551,0.084,0,{},[],,50,False,0.2313948314612271,0.00010424793109828356
224,112000,112500,500,0.006,0.27325883575883575,0.12144837144837145,0.3482334047109208,0.25489863343651487,0.13662941787941787,0.0073678907992614645,0.4460093896713615,0.8410462776659959,0.0,0.0,0.0,1.0,0.13662941787941787,0.2186070686070686,0.10462776659959759,1.0,0.896,0.06696428571428571,0.5350924849587084,False,latched,0.14371261169593577,0.104,0,{},[],,50,False,0.2313948314612271,0.00010424793109828356
225,112500,113000,500,0.008,0.17627732505497348,0.11751821670331565,0.3105072463768116,0.2621637575635093,0.10576639503298409,0.2563803837428965,0.4798387096774194,0.8024193548387096,0.25,0.0,0.25,0.75,0.21313866252748676,0.15109485004712012,0.12096774193548387,0.75,0.878,0.09339407744874716,0.5048605730401665,False,latched,0.19392236544996155,0.122,0,{},[],,50,False,0.2313948314612271,0.00010424793109828356
226,113000,113500,500,0.004,0.31399317406143346,0.10466439135381116,0.29805615550755943,0.2781494252419475,0.10466439135381116,0.004753663579969433,0.3815261044176707,0.8313253012048193,0.0,0.0,0.0,1.0,0.15699658703071673,0.2354948805460751,0.10240963855421686,1.0,0.898,0.0779510022271715,0.5377833338622977,False,latched,0.1695836856194413,0.102,0,{},[],,50,False,0.2313948314612271,0.00010424793109828356
227,113500,114000,500,0.0,0.2323529411764706,0.10326797385620916,0.21703296703296704,0.2892587304021485,0.10326797385620916,,,0.79,,,,,0.2323529411764706,0.2323529411764706,0.116,,0.884,0.10633484162895927,0.5208153398304716,False,latched,0.17652014767572197,0.116,0,{},[],,50,False,0.2313948314612271,0.00010424793109828356
228,114000,114500,500,0.004,0.23475258918296893,0.10433448408131953,0.22125813449023862,0.2891557710506938,0.08536457788471598,0.008621933621933623,0.6224899598393574,0.8192771084337349,0.0,0.0,0.0,1.0,0.11737629459148446,0.18780207134637514,0.10843373493975904,1.0,0.892,0.08520179372197309,0.5106570140007956,False,latched,0.12430124664346566,0.108,0,{},[],,50,False,0.2313948314612271,0.00010424793109828356
229,114500,115000,500,0.0,0.18128342245989304,0.12085561497326203,0.25,0.24344107410417212,0.12085561497326203,,,0.774,,,,,0.18128342245989304,0.18128342245989304,0.126,,0.874,0.11441647597254005,0.4897662294773976,False,latched,0.159199886779474,0.126,0,{},[],,50,False,0.2313948314612271,0.00010424793109828356
230,115000,115500,500,0.008,0.2347007672634271,0.13038931514634838,0.2348199640709209,0.36442911793175475,0.12936367412070737,0.01300660293421578,0.5962701612903226,0.7540322580645161,0.0,0.0,0.0,1.0,0.11735038363171355,0.19404551118106106,0.11088709677419355,1.0,0.89,0.15955056179775282,0.4720378640472763,False,latched,0.29174568954580743,0.11,0,{},[],,50,False,0.2313948314612271,0.00010424793109828356
231,115500,116000,500,0.006,0.3120566870816123,0.20803779138774153,0.48059360730593603,0.48568677460751913,0.1841271356955291,0.006713692579712839,0.40643863179074446,0.8309859154929577,0.0,0.0,0.0,1.0,0.15602834354080616,0.2630387652793273,0.10261569416498995,1.0,0.898,0.0801781737193764,0.5261060927166725,False,latched,0.15126279020410255,0.102,0,{},[],,50,False,0.2313948314612271,0.00010424793109828356
232,116000,116500,500,0.006,0.29092786165956896,0.16162658981087163,0.3759825327510917,0.3497057273660428,0.1402787456445993,0.007983470270943555,0.48960429242119385,0.8249496981891348,0.0,0.0,0.0,1.0,0.14546393082978448,0.2337979094076655,0.11468812877263582,1.0,0.886,0.0744920993227991,0.531912943183537,False,latched,0.142243719097389,0.114,0,{},[],,50,False,0.2313948314612271,0.00010424793109828356
233,116500,117000,500,0.004,0.23982398239823982,0.10658843662143992,0.23142250530785563,0.2879300201642859,0.09592959295929593,0.013793725207356652,0.7901606425702812,0.8755020080321285,0.0,0.0,0.0,1.0,0.11991199119911991,0.19185918591859186,0.07028112449799197,1.0,0.93,0.06236559139784946,0.5564657747315348,False,latched,0.11843852282918471,0.07,0,{},[],,50,False,0.2313948314612271,0.00010424793109828356
234,117000,117500,500,0.004,0.155956407365652,0.103970938243768,0.14653954802259886,0.2528533447203819,0.08506713129035565,0.006999617114961233,0.5401606425702812,0.8333333333333334,0.0,0.0,0.0,1.0,0.077978203682826,0.1336769205991303,0.10240963855421686,1.0,0.898,0.0757238307349666,0.5179725830151503,False,latched,0.1437026697595616,0.102,0,{},[],,50,False,0.2313948314612271,0.00010424793109828356
235,117500,118000,500,0.012,0.23094688221709006,0.10264305876315113,0.21551724137931033,0.23540557205249293,0.08398068444257821,0.010652386874919805,0.3707827260458839,0.8097165991902834,0.0,0.0,0.0,1.0,0.11547344110854503,0.18475750577367206,0.12550607287449392,1.0,0.876,0.0867579908675799,0.5073515513930693,False,latched,0.16325862870347663,0.124,0,{},[],,50,False,0.2313948314612271,0.00010424793109828356
236,118000,118500,500,0.016,0.23272933182332955,0.10343525858814646,0.21908315565031983,0.21030820236868386,0.09309173272933183,0.016441535114917624,0.47535569105691056,0.8353658536585366,0.0,0.0,0.0,1.0,0.11636466591166478,0.18618346545866366,0.11788617886178862,1.0,0.884,0.07013574660633484,0.5207307662463362,False,latched,0.1449095556872168,0.116,0,{},[],,50,False,0.2313948314612271,0.00010424793109828356
237,118500,119000,500,0.002,0.23725934314835787,0.10544859695482572,0.22624190064794816,0.2989105945448722,0.09490373725934315,0.007352941176470588,0.7294589178356714,0.8396793587174348,0.0,0.0,0.0,1.0,0.11862967157417893,0.1898074745186863,0.08817635270541083,1.0,0.912,0.08114035087719298,0.5436432773465676,False,latched,0.12342846576639907,0.088,0,{},[],,50,False,0.2313948314612271,0.00010424793109828356
238,119000,119500,500,0.01,0.23378076062639822,0.10390256027839921,0.22046413502109705,0.2139482688856377,0.09351230425055929,0.008946985784002605,0.3559595959595959,0.8444444444444444,0.0,0.0,0.0,1.0,0.11689038031319911,0.18702460850111857,0.07676767676767676,1.0,0.924,0.09523809523809523,0.5184553290783296,False,latched,0.10897175087421027,0.076,0,{},[],,50,False,0.2313948314612271,0.00010424793109828356
239,119500,120000,500,0.004,0.1537290715372907,0.10248604769152714,0.1429582448690729,0.22777742512487384,0.10248604769152714,0.003853650501695194,0.23493975903614456,0.8112449799196787,0.0,0.0,0.0,1.0,0.07686453576864535,0.13176777560339203,0.09236947791164658,1.0,0.908,0.11013215859030837,0.5024935936014855,False,latched,0.10797295965267792,0.092,0,{},[],,50,False,0.2313948314612271,0.00010424793109828356
