run_name,method,seed,selection,budget,update_rule,primary_normalized_recovery_area,global_acquisition_macro_f1,global_novel_auroc,global_novel_auprc,global_novel_exact_recall,mean_source_forgetting,trigger_delay_windows,false_trigger_count,labels_queried,updates,fit_seconds,prediction_seconds,update_seconds,seconds_per_target_observation,peak_process_memory_mb,model_size_mb,summary_path
E23_UNSW_Reconnaissance_random_anchored_B050,unsw_reconnaissance_random_anchored_B050,109,random_nested,50,source_anchored,0.2573606610157474,0.12534424715925635,0.47111875789095814,0.025515808093435278,0.0,0.00026428644957766413,7,0,50,1,2.1452866001054645,1.1928960997611284,0.004624400055035949,9.940800831342737e-06,1310.49609375,1.1258115768432617,evidence\v023_unsw_reconnaissance_gate4\gate4\runs\E23_UNSW_Reconnaissance_random_anchored_B050__NF-UNSW-NB15-v3-Reconnaissance-V023-Historical-Source-to-NF-UNSW-NB15-v3-Reconnaissance-V023-Heldout-Target__NF-UNSW-NB15-v3-Reconnaissance-v023-full-adaptive__unsw_reconnaissance_random_anchored_B050__seed109\summary.json
E23_UNSW_Reconnaissance_random_anchored_B050,unsw_reconnaissance_random_anchored_B050,11,random_nested,50,source_anchored,0.35045926138180994,0.1549422503481099,0.5673702054026928,0.027304959842544073,0.0,0.00034931817099684753,7,0,50,1,2.294495299924165,1.2487254987936467,0.0055299000814557076,1.040604582328039e-05,1322.34375,1.1257963180541992,evidence\v023_unsw_reconnaissance_gate4\gate4\runs\E23_UNSW_Reconnaissance_random_anchored_B050__NF-UNSW-NB15-v3-Reconnaissance-V023-Historical-Source-to-NF-UNSW-NB15-v3-Reconnaissance-V023-Heldout-Target__NF-UNSW-NB15-v3-Reconnaissance-v023-full-adaptive__unsw_reconnaissance_random_anchored_B050__seed11\summary.json
E23_UNSW_Reconnaissance_random_anchored_B050,unsw_reconnaissance_random_anchored_B050,127,random_nested,50,source_anchored,0.29565215985832294,0.16134719700031158,0.6238232382997106,0.028042645253605912,0.0,0.000563928598989056,7,0,50,1,2.22632550005801,1.2695166014600545,0.004945499822497368,1.0579305012167121e-05,1309.91796875,1.1257963180541992,evidence\v023_unsw_reconnaissance_gate4\gate4\runs\E23_UNSW_Reconnaissance_random_anchored_B050__NF-UNSW-NB15-v3-Reconnaissance-V023-Historical-Source-to-NF-UNSW-NB15-v3-Reconnaissance-V023-Heldout-Target__NF-UNSW-NB15-v3-Reconnaissance-v023-full-adaptive__unsw_reconnaissance_random_anchored_B050__seed127\summary.json
E23_UNSW_Reconnaissance_random_anchored_B050,unsw_reconnaissance_random_anchored_B050,149,random_nested,50,source_anchored,0.30441602923607125,0.1600595931714053,0.6036061195659241,0.0273026398841489,0.0,0.0002241160702963508,7,0,50,1,2.224014600040391,1.2515429013874382,0.00463119987398386,1.042952417822865e-05,1313.5546875,1.1260557174682617,evidence\v023_unsw_reconnaissance_gate4\gate4\runs\E23_UNSW_Reconnaissance_random_anchored_B050__NF-UNSW-NB15-v3-Reconnaissance-V023-Historical-Source-to-NF-UNSW-NB15-v3-Reconnaissance-V023-Heldout-Target__NF-UNSW-NB15-v3-Reconnaissance-v023-full-adaptive__unsw_reconnaissance_random_anchored_B050__seed149\summary.json
E23_UNSW_Reconnaissance_random_anchored_B050,unsw_reconnaissance_random_anchored_B050,23,random_nested,50,source_anchored,0.3169554949626934,0.16491165034887295,0.6142880463322145,0.026036452866679126,0.0,0.00018696687501843686,7,0,50,1,3.4936331999488175,2.3440266023389995,0.008111499948427081,1.9533555019491664e-05,1321.70703125,1.1262845993041992,evidence\v023_unsw_reconnaissance_gate4\gate4\runs\E23_UNSW_Reconnaissance_random_anchored_B050__NF-UNSW-NB15-v3-Reconnaissance-V023-Historical-Source-to-NF-UNSW-NB15-v3-Reconnaissance-V023-Heldout-Target__NF-UNSW-NB15-v3-Reconnaissance-v023-full-adaptive__unsw_reconnaissance_random_anchored_B050__seed23\summary.json
E23_UNSW_Reconnaissance_random_anchored_B050,unsw_reconnaissance_random_anchored_B050,37,random_nested,50,source_anchored,0.3451563538447812,0.16349713693261603,0.6162264290861217,0.0279417045008616,0.0,0.00021435207270863768,7,0,50,1,2.3778015999123454,1.3428539033047855,0.0050331000238657,1.1190449194206546e-05,1318.640625,1.1257963180541992,evidence\v023_unsw_reconnaissance_gate4\gate4\runs\E23_UNSW_Reconnaissance_random_anchored_B050__NF-UNSW-NB15-v3-Reconnaissance-V023-Historical-Source-to-NF-UNSW-NB15-v3-Reconnaissance-V023-Heldout-Target__NF-UNSW-NB15-v3-Reconnaissance-v023-full-adaptive__unsw_reconnaissance_random_anchored_B050__seed37\summary.json
E23_UNSW_Reconnaissance_random_anchored_B050,unsw_reconnaissance_random_anchored_B050,53,random_nested,50,source_anchored,0.31942203657039014,0.1603082656749235,0.6262211953692868,0.028560776817319927,0.0,0.00028266241590096735,7,0,50,1,2.3088886998593807,1.2202806991990656,0.005314799956977367,1.016900582665888e-05,1323.2890625,1.1260557174682617,evidence\v023_unsw_reconnaissance_gate4\gate4\runs\E23_UNSW_Reconnaissance_random_anchored_B050__NF-UNSW-NB15-v3-Reconnaissance-V023-Historical-Source-to-NF-UNSW-NB15-v3-Reconnaissance-V023-Heldout-Target__NF-UNSW-NB15-v3-Reconnaissance-v023-full-adaptive__unsw_reconnaissance_random_anchored_B050__seed53\summary.json
E23_UNSW_Reconnaissance_random_anchored_B050,unsw_reconnaissance_random_anchored_B050,71,random_nested,50,source_anchored,0.30910925999815053,0.17449127417968552,0.6245274235374689,0.027680888171834485,0.0,0.00014707117624603247,7,0,50,1,2.3309672998730093,1.2367850004229695,0.007704599993303418,1.0306541670191412e-05,1325.5703125,1.1260557174682617,evidence\v023_unsw_reconnaissance_gate4\gate4\runs\E23_UNSW_Reconnaissance_random_anchored_B050__NF-UNSW-NB15-v3-Reconnaissance-V023-Historical-Source-to-NF-UNSW-NB15-v3-Reconnaissance-V023-Heldout-Target__NF-UNSW-NB15-v3-Reconnaissance-v023-full-adaptive__unsw_reconnaissance_random_anchored_B050__seed71\summary.json
E23_UNSW_Reconnaissance_random_anchored_B050,unsw_reconnaissance_random_anchored_B050,83,random_nested,50,source_anchored,0.29780299870642524,0.16166026031016872,0.6371343515378188,0.026779239302383448,0.0,0.0006788988357968538,7,0,50,1,2.353196700103581,1.300036599393934,0.004378799814730883,1.0833638328282784e-05,1324.125,1.1260557174682617,evidence\v023_unsw_reconnaissance_gate4\gate4\runs\E23_UNSW_Reconnaissance_random_anchored_B050__NF-UNSW-NB15-v3-Reconnaissance-V023-Historical-Source-to-NF-UNSW-NB15-v3-Reconnaissance-V023-Heldout-Target__NF-UNSW-NB15-v3-Reconnaissance-v023-full-adaptive__unsw_reconnaissance_random_anchored_B050__seed83\summary.json
E23_UNSW_Reconnaissance_random_anchored_B050,unsw_reconnaissance_random_anchored_B050,97,random_nested,50,source_anchored,0.2730172227832049,0.12266843442998085,0.5187685190452512,0.027684024570865773,0.0,0.00021801154413195908,7,0,50,1,3.590551899978891,2.3319071996957064,0.00875929999165237,1.943255999746422e-05,1318.19140625,1.1262998580932617,evidence\v023_unsw_reconnaissance_gate4\gate4\runs\E23_UNSW_Reconnaissance_random_anchored_B050__NF-UNSW-NB15-v3-Reconnaissance-V023-Historical-Source-to-NF-UNSW-NB15-v3-Reconnaissance-V023-Heldout-Target__NF-UNSW-NB15-v3-Reconnaissance-v023-full-adaptive__unsw_reconnaissance_random_anchored_B050__seed97\summary.json
E23_UNSW_Reconnaissance_random_anchored_B200,unsw_reconnaissance_random_anchored_B200,109,random_nested,200,source_anchored,0.25735980555534144,0.12534481859401697,0.47244095112783013,0.02554275105274049,0.0,8.903740346501907e-05,7,0,200,1,2.140437399968505,1.1965325023047626,0.004328399896621704,9.971104185873021e-06,1285.21875,1.1261930465698242,evidence\v023_unsw_reconnaissance_gate4\gate4\runs\E23_UNSW_Reconnaissance_random_anchored_B200__NF-UNSW-NB15-v3-Reconnaissance-V023-Historical-Source-to-NF-UNSW-NB15-v3-Reconnaissance-V023-Heldout-Target__NF-UNSW-NB15-v3-Reconnaissance-v023-full-adaptive__unsw_reconnaissance_random_anchored_B200__seed109\summary.json
E23_UNSW_Reconnaissance_random_anchored_B200,unsw_reconnaissance_random_anchored_B200,11,random_nested,200,source_anchored,0.35046814911188356,0.15494568581022716,0.5692320614142282,0.027360432455737084,0.0,0.00015542611511985455,7,0,200,1,2.2607388000469655,1.2450431988108903,0.004279999993741512,1.0375359990090753e-05,1317.17578125,1.1261777877807617,evidence\v023_unsw_reconnaissance_gate4\gate4\runs\E23_UNSW_Reconnaissance_random_anchored_B200__NF-UNSW-NB15-v3-Reconnaissance-V023-Historical-Source-to-NF-UNSW-NB15-v3-Reconnaissance-V023-Heldout-Target__NF-UNSW-NB15-v3-Reconnaissance-v023-full-adaptive__unsw_reconnaissance_random_anchored_B200__seed11\summary.json
E23_UNSW_Reconnaissance_random_anchored_B200,unsw_reconnaissance_random_anchored_B200,127,random_nested,200,source_anchored,0.29546187337572,0.1612973200564964,0.6290451600836111,0.028224300426481424,0.0,0.00019768726462905187,7,0,200,1,2.2161161999683827,1.2424469992984086,0.004743000026792288,1.0353724994153405e-05,1310.84375,1.1261777877807617,evidence\v023_unsw_reconnaissance_gate4\gate4\runs\E23_UNSW_Reconnaissance_random_anchored_B200__NF-UNSW-NB15-v3-Reconnaissance-V023-Historical-Source-to-NF-UNSW-NB15-v3-Reconnaissance-V023-Heldout-Target__NF-UNSW-NB15-v3-Reconnaissance-v023-full-adaptive__unsw_reconnaissance_random_anchored_B200__seed127\summary.json
E23_UNSW_Reconnaissance_random_anchored_B200,unsw_reconnaissance_random_anchored_B200,149,random_nested,200,source_anchored,0.30445320881297167,0.16007379947051087,0.605172146167031,0.02734130527543275,0.0,8.218287911721776e-05,7,0,200,1,2.2075827000662684,1.2904769000597298,0.004891999997198582,1.0753974167164415e-05,1312.65625,1.1264371871948242,evidence\v023_unsw_reconnaissance_gate4\gate4\runs\E23_UNSW_Reconnaissance_random_anchored_B200__NF-UNSW-NB15-v3-Reconnaissance-V023-Historical-Source-to-NF-UNSW-NB15-v3-Reconnaissance-V023-Heldout-Target__NF-UNSW-NB15-v3-Reconnaissance-v023-full-adaptive__unsw_reconnaissance_random_anchored_B200__seed149\summary.json
E23_UNSW_Reconnaissance_random_anchored_B200,unsw_reconnaissance_random_anchored_B200,23,random_nested,200,source_anchored,0.3169696191473144,0.1649175304851189,0.6160610663588942,0.02610554891924298,0.0,6.15814404867234e-05,7,0,200,1,3.598265300039202,2.3496206977870315,0.011465599993243814,1.9580172481558596e-05,1317.09375,1.1266660690307617,evidence\v023_unsw_reconnaissance_gate4\gate4\runs\E23_UNSW_Reconnaissance_random_anchored_B200__NF-UNSW-NB15-v3-Reconnaissance-V023-Historical-Source-to-NF-UNSW-NB15-v3-Reconnaissance-V023-Heldout-Target__NF-UNSW-NB15-v3-Reconnaissance-v023-full-adaptive__unsw_reconnaissance_random_anchored_B200__seed23\summary.json
E23_UNSW_Reconnaissance_random_anchored_B200,unsw_reconnaissance_random_anchored_B200,37,random_nested,200,source_anchored,0.3451834405180601,0.16350742700226178,0.617122332499992,0.02794829203214732,0.0,5.5075817664369694e-05,7,0,200,1,2.402384700020775,1.2639048018027097,0.005026999861001968,1.053254001502258e-05,1319.6171875,1.1261777877807617,evidence\v023_unsw_reconnaissance_gate4\gate4\runs\E23_UNSW_Reconnaissance_random_anchored_B200__NF-UNSW-NB15-v3-Reconnaissance-V023-Historical-Source-to-NF-UNSW-NB15-v3-Reconnaissance-V023-Heldout-Target__NF-UNSW-NB15-v3-Reconnaissance-v023-full-adaptive__unsw_reconnaissance_random_anchored_B200__seed37\summary.json
E23_UNSW_Reconnaissance_random_anchored_B200,unsw_reconnaissance_random_anchored_B200,53,random_nested,200,source_anchored,0.3194357906049822,0.16031446699283333,0.62779899820951,0.028608324035255817,0.0,0.00015012824181270454,7,0,200,1,2.3011686999816447,1.2397352033294737,0.005145799834281206,1.033112669441228e-05,1322.95703125,1.1264371871948242,evidence\v023_unsw_reconnaissance_gate4\gate4\runs\E23_UNSW_Reconnaissance_random_anchored_B200__NF-UNSW-NB15-v3-Reconnaissance-V023-Historical-Source-to-NF-UNSW-NB15-v3-Reconnaissance-V023-Heldout-Target__NF-UNSW-NB15-v3-Reconnaissance-v023-full-adaptive__unsw_reconnaissance_random_anchored_B200__seed53\summary.json
E23_UNSW_Reconnaissance_random_anchored_B200,unsw_reconnaissance_random_anchored_B200,71,random_nested,200,source_anchored,0.3091136693096389,0.1744928458029389,0.6259012616653745,0.027725396551675482,0.0,3.96405995719847e-05,7,0,200,1,2.3507936999667436,1.3227660949341953,0.004162499913945794,1.1023050791118294e-05,1324.921875,1.1264371871948242,evidence\v023_unsw_reconnaissance_gate4\gate4\runs\E23_UNSW_Reconnaissance_random_anchored_B200__NF-UNSW-NB15-v3-Reconnaissance-V023-Historical-Source-to-NF-UNSW-NB15-v3-Reconnaissance-V023-Heldout-Target__NF-UNSW-NB15-v3-Reconnaissance-v023-full-adaptive__unsw_reconnaissance_random_anchored_B200__seed71\summary.json
E23_UNSW_Reconnaissance_random_anchored_B200,unsw_reconnaissance_random_anchored_B200,83,random_nested,200,source_anchored,0.2978336948724622,0.16167263392128914,0.6430241578948108,0.026979397005485604,0.0,0.0002707419968251595,7,0,200,1,2.5385154001414776,1.2320235997904092,0.005176000064238906,1.0266863331586743e-05,1307.23828125,1.1264371871948242,evidence\v023_unsw_reconnaissance_gate4\gate4\runs\E23_UNSW_Reconnaissance_random_anchored_B200__NF-UNSW-NB15-v3-Reconnaissance-V023-Historical-Source-to-NF-UNSW-NB15-v3-Reconnaissance-V023-Heldout-Target__NF-UNSW-NB15-v3-Reconnaissance-v023-full-adaptive__unsw_reconnaissance_random_anchored_B200__seed83\summary.json
E23_UNSW_Reconnaissance_random_anchored_B200,unsw_reconnaissance_random_anchored_B200,97,random_nested,200,source_anchored,0.2730289594359978,0.1226735471027888,0.5201680855592558,0.02771325242689221,0.0,7.390590578884523e-05,7,0,200,1,3.022629000013694,1.8470291013363749,0.010258000111207366,1.5391909177803124e-05,1318.1953125,1.1266813278198242,evidence\v023_unsw_reconnaissance_gate4\gate4\runs\E23_UNSW_Reconnaissance_random_anchored_B200__NF-UNSW-NB15-v3-Reconnaissance-V023-Historical-Source-to-NF-UNSW-NB15-v3-Reconnaissance-V023-Heldout-Target__NF-UNSW-NB15-v3-Reconnaissance-v023-full-adaptive__unsw_reconnaissance_random_anchored_B200__seed97\summary.json
E23_UNSW_Reconnaissance_random_replay_B050,unsw_reconnaissance_random_replay_B050,109,random_nested,50,replay,0.2813258191741514,0.13268666391816536,0.322833587118184,0.02332120421902154,0.22470238095238096,0.016113822121036316,7,0,50,1,2.1279379001352936,1.2058388001751155,0.005233099916949868,1.0048656668125962e-05,1311.03515625,1.1251096725463867,evidence\v023_unsw_reconnaissance_gate4\gate4\runs\E23_UNSW_Reconnaissance_random_replay_B050__NF-UNSW-NB15-v3-Reconnaissance-V023-Historical-Source-to-NF-UNSW-NB15-v3-Reconnaissance-V023-Heldout-Target__NF-UNSW-NB15-v3-Reconnaissance-v023-full-adaptive__unsw_reconnaissance_random_replay_B050__seed109\summary.json
E23_UNSW_Reconnaissance_random_replay_B050,unsw_reconnaissance_random_replay_B050,11,random_nested,50,replay,0.36091858801766774,0.16908071879386938,0.39437050245487554,0.02368732599788783,0.22470238095238096,0.01769497083757551,7,0,50,1,2.4544174999464303,1.2395750998985022,0.004867999814450741,1.0329792499154185e-05,1326.57421875,1.1250944137573242,evidence\v023_unsw_reconnaissance_gate4\gate4\runs\E23_UNSW_Reconnaissance_random_replay_B050__NF-UNSW-NB15-v3-Reconnaissance-V023-Historical-Source-to-NF-UNSW-NB15-v3-Reconnaissance-V023-Heldout-Target__NF-UNSW-NB15-v3-Reconnaissance-v023-full-adaptive__unsw_reconnaissance_random_replay_B050__seed11\summary.json
E23_UNSW_Reconnaissance_random_replay_B050,unsw_reconnaissance_random_replay_B050,127,random_nested,50,replay,0.35329838650420137,0.18158849879198452,0.44910084965502517,0.024343598723651688,0.22470238095238096,0.0034541792123787846,7,0,50,1,2.2321937000378966,1.2678043972700834,0.004793000174686313,1.0565036643917362e-05,1312.76953125,1.1251096725463867,evidence\v023_unsw_reconnaissance_gate4\gate4\runs\E23_UNSW_Reconnaissance_random_replay_B050__NF-UNSW-NB15-v3-Reconnaissance-V023-Historical-Source-to-NF-UNSW-NB15-v3-Reconnaissance-V023-Heldout-Target__NF-UNSW-NB15-v3-Reconnaissance-v023-full-adaptive__unsw_reconnaissance_random_replay_B050__seed127\summary.json
E23_UNSW_Reconnaissance_random_replay_B050,unsw_reconnaissance_random_replay_B050,149,random_nested,50,replay,0.36292445523611516,0.1829998697096123,0.44627807008936604,0.024190817889291803,0.22470238095238096,0.010786597561562543,7,0,50,1,2.257973700063303,1.4125245991162956,0.008112899959087372,1.1771038325969129e-05,1314.4453125,1.1253538131713867,evidence\v023_unsw_reconnaissance_gate4\gate4\runs\E23_UNSW_Reconnaissance_random_replay_B050__NF-UNSW-NB15-v3-Reconnaissance-V023-Historical-Source-to-NF-UNSW-NB15-v3-Reconnaissance-V023-Heldout-Target__NF-UNSW-NB15-v3-Reconnaissance-v023-full-adaptive__unsw_reconnaissance_random_replay_B050__seed149\summary.json
E23_UNSW_Reconnaissance_random_replay_B050,unsw_reconnaissance_random_replay_B050,23,random_nested,50,replay,0.39750260769459617,0.1827501557910359,0.46364087426999856,0.023121816308924216,0.22470238095238096,0.0,7,0,50,1,3.3209706000052392,2.344311799155548,0.00887769996188581,1.953593165962957e-05,1323.50390625,1.1255826950073242,evidence\v023_unsw_reconnaissance_gate4\gate4\runs\E23_UNSW_Reconnaissance_random_replay_B050__NF-UNSW-NB15-v3-Reconnaissance-V023-Historical-Source-to-NF-UNSW-NB15-v3-Reconnaissance-V023-Heldout-Target__NF-UNSW-NB15-v3-Reconnaissance-v023-full-adaptive__unsw_reconnaissance_random_replay_B050__seed23\summary.json
E23_UNSW_Reconnaissance_random_replay_B050,unsw_reconnaissance_random_replay_B050,37,random_nested,50,replay,0.4196772432446009,0.18715850745038304,0.45028353396332577,0.024209600922125964,0.22470238095238096,0.0,7,0,50,1,2.4958494000602514,1.325493900803849,0.00680510001257062,1.1045782506698742e-05,1320.6953125,1.1251096725463867,evidence\v023_unsw_reconnaissance_gate4\gate4\runs\E23_UNSW_Reconnaissance_random_replay_B050__NF-UNSW-NB15-v3-Reconnaissance-V023-Historical-Source-to-NF-UNSW-NB15-v3-Reconnaissance-V023-Heldout-Target__NF-UNSW-NB15-v3-Reconnaissance-v023-full-adaptive__unsw_reconnaissance_random_replay_B050__seed37\summary.json
E23_UNSW_Reconnaissance_random_replay_B050,unsw_reconnaissance_random_replay_B050,53,random_nested,50,replay,0.3890367254176981,0.1834652257625263,0.44892630672861444,0.023846184068918322,0.22470238095238096,0.0,7,0,50,1,2.3055207999423146,1.253046098863706,0.0042952001094818115,1.0442050823864217e-05,1324.08203125,1.1253385543823242,evidence\v023_unsw_reconnaissance_gate4\gate4\runs\E23_UNSW_Reconnaissance_random_replay_B050__NF-UNSW-NB15-v3-Reconnaissance-V023-Historical-Source-to-NF-UNSW-NB15-v3-Reconnaissance-V023-Heldout-Target__NF-UNSW-NB15-v3-Reconnaissance-v023-full-adaptive__unsw_reconnaissance_random_replay_B050__seed53\summary.json
E23_UNSW_Reconnaissance_random_replay_B050,unsw_reconnaissance_random_replay_B050,71,random_nested,50,replay,0.3687372995676218,0.1968412645451447,0.4678999662289066,0.024495889195463243,0.22470238095238096,0.0,7,0,50,1,2.3929297998547554,1.33154739998281,0.0045721998903900385,1.1096228333190083e-05,1325.1875,1.1253538131713867,evidence\v023_unsw_reconnaissance_gate4\gate4\runs\E23_UNSW_Reconnaissance_random_replay_B050__NF-UNSW-NB15-v3-Reconnaissance-V023-Historical-Source-to-NF-UNSW-NB15-v3-Reconnaissance-V023-Heldout-Target__NF-UNSW-NB15-v3-Reconnaissance-v023-full-adaptive__unsw_reconnaissance_random_replay_B050__seed71\summary.json
E23_UNSW_Reconnaissance_random_replay_B050,unsw_reconnaissance_random_replay_B050,83,random_nested,50,replay,0.34633597119642756,0.1783341021477239,0.4626657414731501,0.023097505366828062,0.22470238095238096,0.0,7,0,50,1,2.244228499941528,1.2624054001644254,0.0044513000175356865,1.0520045001370212e-05,1326.14453125,1.1253538131713867,evidence\v023_unsw_reconnaissance_gate4\gate4\runs\E23_UNSW_Reconnaissance_random_replay_B050__NF-UNSW-NB15-v3-Reconnaissance-V023-Historical-Source-to-NF-UNSW-NB15-v3-Reconnaissance-V023-Heldout-Target__NF-UNSW-NB15-v3-Reconnaissance-v023-full-adaptive__unsw_reconnaissance_random_replay_B050__seed83\summary.json
E23_UNSW_Reconnaissance_random_replay_B050,unsw_reconnaissance_random_replay_B050,97,random_nested,50,replay,0.28972524820840484,0.13558364979847595,0.33187249024390636,0.022978579978942367,0.22470238095238096,0.018560433546959607,7,0,50,1,2.871323199942708,1.7943584979511797,0.009275800082832575,1.4952987482926497e-05,1318.34375,1.1255979537963867,evidence\v023_unsw_reconnaissance_gate4\gate4\runs\E23_UNSW_Reconnaissance_random_replay_B050__NF-UNSW-NB15-v3-Reconnaissance-V023-Historical-Source-to-NF-UNSW-NB15-v3-Reconnaissance-V023-Heldout-Target__NF-UNSW-NB15-v3-Reconnaissance-v023-full-adaptive__unsw_reconnaissance_random_replay_B050__seed97\summary.json
E23_UNSW_Reconnaissance_random_replay_B200,unsw_reconnaissance_random_replay_B200,109,random_nested,200,replay,0.28096906337914485,0.13263738406980374,0.3112431153522628,0.023209275250452382,0.22470238095238096,0.017917107883041957,7,0,200,1,2.104697600007057,1.2076204963959754,0.00548029993660748,1.0063504136633128e-05,1311.0546875,1.1258726119995117,evidence\v023_unsw_reconnaissance_gate4\gate4\runs\E23_UNSW_Reconnaissance_random_replay_B200__NF-UNSW-NB15-v3-Reconnaissance-V023-Historical-Source-to-NF-UNSW-NB15-v3-Reconnaissance-V023-Heldout-Target__NF-UNSW-NB15-v3-Reconnaissance-v023-full-adaptive__unsw_reconnaissance_random_replay_B200__seed109\summary.json
E23_UNSW_Reconnaissance_random_replay_B200,unsw_reconnaissance_random_replay_B200,11,random_nested,200,replay,0.3609024553882422,0.1691395396178828,0.3940674053867602,0.02373787146343395,0.22470238095238096,0.01780318182144302,7,0,200,1,2.303597099846229,1.3600998977199197,0.004982300102710724,1.1334165814332664e-05,1318.18359375,1.1258573532104492,evidence\v023_unsw_reconnaissance_gate4\gate4\runs\E23_UNSW_Reconnaissance_random_replay_B200__NF-UNSW-NB15-v3-Reconnaissance-V023-Historical-Source-to-NF-UNSW-NB15-v3-Reconnaissance-V023-Heldout-Target__NF-UNSW-NB15-v3-Reconnaissance-v023-full-adaptive__unsw_reconnaissance_random_replay_B200__seed11\summary.json
E23_UNSW_Reconnaissance_random_replay_B200,unsw_reconnaissance_random_replay_B200,127,random_nested,200,replay,0.35354523233344537,0.18179990102037477,0.4524159424843967,0.024382366855016095,0.22470238095238096,0.0033273938332122536,7,0,200,1,2.2002552999183536,1.2303550015203655,0.0049165000673383474,1.0252958346003045e-05,1312.7890625,1.1258726119995117,evidence\v023_unsw_reconnaissance_gate4\gate4\runs\E23_UNSW_Reconnaissance_random_replay_B200__NF-UNSW-NB15-v3-Reconnaissance-V023-Historical-Source-to-NF-UNSW-NB15-v3-Reconnaissance-V023-Heldout-Target__NF-UNSW-NB15-v3-Reconnaissance-v023-full-adaptive__unsw_reconnaissance_random_replay_B200__seed127\summary.json
E23_UNSW_Reconnaissance_random_replay_B200,unsw_reconnaissance_random_replay_B200,149,random_nested,200,replay,0.3629993888897812,0.18307006915437318,0.44608033838113864,0.02416977934983009,0.22470238095238096,0.010584062502427145,7,0,200,1,2.520437599858269,1.2908612980972975,0.005139600019901991,1.0757177484144146e-05,1307.9609375,1.1261167526245117,evidence\v023_unsw_reconnaissance_gate4\gate4\runs\E23_UNSW_Reconnaissance_random_replay_B200__NF-UNSW-NB15-v3-Reconnaissance-V023-Historical-Source-to-NF-UNSW-NB15-v3-Reconnaissance-V023-Heldout-Target__NF-UNSW-NB15-v3-Reconnaissance-v023-full-adaptive__unsw_reconnaissance_random_replay_B200__seed149\summary.json
E23_UNSW_Reconnaissance_random_replay_B200,unsw_reconnaissance_random_replay_B200,23,random_nested,200,replay,0.39610357588153955,0.1827480729480984,0.46783626919113114,0.023226080073922337,0.22470238095238096,0.0,7,0,200,1,3.6164101001340896,2.319774396950379,0.011494999984279275,1.9331453307919825e-05,1315.2109375,1.1263456344604492,evidence\v023_unsw_reconnaissance_gate4\gate4\runs\E23_UNSW_Reconnaissance_random_replay_B200__NF-UNSW-NB15-v3-Reconnaissance-V023-Historical-Source-to-NF-UNSW-NB15-v3-Reconnaissance-V023-Heldout-Target__NF-UNSW-NB15-v3-Reconnaissance-v023-full-adaptive__unsw_reconnaissance_random_replay_B200__seed23\summary.json
E23_UNSW_Reconnaissance_random_replay_B200,unsw_reconnaissance_random_replay_B200,37,random_nested,200,replay,0.4198120994484846,0.18728471333113653,0.45296967654797227,0.024222230401641055,0.22470238095238096,0.0,7,0,200,1,2.267734199995175,1.2639087992720306,0.004571900004521012,1.0532573327266921e-05,1320.2890625,1.1258726119995117,evidence\v023_unsw_reconnaissance_gate4\gate4\runs\E23_UNSW_Reconnaissance_random_replay_B200__NF-UNSW-NB15-v3-Reconnaissance-V023-Historical-Source-to-NF-UNSW-NB15-v3-Reconnaissance-V023-Heldout-Target__NF-UNSW-NB15-v3-Reconnaissance-v023-full-adaptive__unsw_reconnaissance_random_replay_B200__seed37\summary.json
E23_UNSW_Reconnaissance_random_replay_B200,unsw_reconnaissance_random_replay_B200,53,random_nested,200,replay,0.3888720967425614,0.18347901993852447,0.4377709851828575,0.023686307876313838,0.22470238095238096,0.0,7,0,200,1,2.2935765001457185,1.3384019024670124,0.004819600144401193,1.1153349187225103e-05,1323.19921875,1.1261014938354492,evidence\v023_unsw_reconnaissance_gate4\gate4\runs\E23_UNSW_Reconnaissance_random_replay_B200__NF-UNSW-NB15-v3-Reconnaissance-V023-Historical-Source-to-NF-UNSW-NB15-v3-Reconnaissance-V023-Heldout-Target__NF-UNSW-NB15-v3-Reconnaissance-v023-full-adaptive__unsw_reconnaissance_random_replay_B200__seed53\summary.json
E23_UNSW_Reconnaissance_random_replay_B200,unsw_reconnaissance_random_replay_B200,71,random_nested,200,replay,0.3689894279025868,0.19690353920431175,0.4655649098273681,0.024453663085096104,0.22470238095238096,0.0,7,0,200,1,2.350401199888438,1.2463083986658603,0.0046732001937925816,1.0385903322215502e-05,1317.98046875,1.1261167526245117,evidence\v023_unsw_reconnaissance_gate4\gate4\runs\E23_UNSW_Reconnaissance_random_replay_B200__NF-UNSW-NB15-v3-Reconnaissance-V023-Historical-Source-to-NF-UNSW-NB15-v3-Reconnaissance-V023-Heldout-Target__NF-UNSW-NB15-v3-Reconnaissance-v023-full-adaptive__unsw_reconnaissance_random_replay_B200__seed71\summary.json
E23_UNSW_Reconnaissance_random_replay_B200,unsw_reconnaissance_random_replay_B200,83,random_nested,200,replay,0.34472169377890566,0.1783981523467627,0.4674777397727565,0.023188432923356733,0.22470238095238096,0.0,7,0,200,1,2.3413531999103725,1.2646005991846323,0.0045692999847233295,1.0538338326538602e-05,1325.21484375,1.1261167526245117,evidence\v023_unsw_reconnaissance_gate4\gate4\runs\E23_UNSW_Reconnaissance_random_replay_B200__NF-UNSW-NB15-v3-Reconnaissance-V023-Historical-Source-to-NF-UNSW-NB15-v3-Reconnaissance-V023-Heldout-Target__NF-UNSW-NB15-v3-Reconnaissance-v023-full-adaptive__unsw_reconnaissance_random_replay_B200__seed83\summary.json
E23_UNSW_Reconnaissance_random_replay_B200,unsw_reconnaissance_random_replay_B200,97,random_nested,200,replay,0.28940446183293256,0.13546343728139715,0.3263881865785689,0.022915397332529893,0.22470238095238096,0.019738562266925948,7,0,200,1,3.224099500104785,1.8496822016313672,0.0054027000442147255,1.541401834692806e-05,1291.625,1.1263608932495117,evidence\v023_unsw_reconnaissance_gate4\gate4\runs\E23_UNSW_Reconnaissance_random_replay_B200__NF-UNSW-NB15-v3-Reconnaissance-V023-Historical-Source-to-NF-UNSW-NB15-v3-Reconnaissance-V023-Heldout-Target__NF-UNSW-NB15-v3-Reconnaissance-v023-full-adaptive__unsw_reconnaissance_random_replay_B200__seed97\summary.json
E23_UNSW_Reconnaissance_static,unsw_reconnaissance_static,109,static,0,none,0.2573742231382178,0.12535025349977985,0.4735069704048438,0.025547441200143434,0.0,0.0,7,0,0,0,2.141435500001535,1.1995745990425348,0.0,9.996454992021124e-06,1282.45703125,1.1242856979370117,evidence\v023_unsw_reconnaissance_gate4\gate4\runs\E23_UNSW_Reconnaissance_static__NF-UNSW-NB15-v3-Reconnaissance-V023-Historical-Source-to-NF-UNSW-NB15-v3-Reconnaissance-V023-Heldout-Target__NF-UNSW-NB15-v3-Reconnaissance-v023-full-adaptive__unsw_reconnaissance_static__seed109\summary.json
E23_UNSW_Reconnaissance_static,unsw_reconnaissance_static,11,static,0,none,0.35045846804937075,0.15494281044912997,0.5701121314927586,0.027325530126530537,0.0,0.0,7,0,0,0,2.4394934000447392,1.274119898909703,0.0,1.0617665824247525e-05,1287.6640625,1.1242704391479492,evidence\v023_unsw_reconnaissance_gate4\gate4\runs\E23_UNSW_Reconnaissance_static__NF-UNSW-NB15-v3-Reconnaissance-V023-Historical-Source-to-NF-UNSW-NB15-v3-Reconnaissance-V023-Heldout-Target__NF-UNSW-NB15-v3-Reconnaissance-v023-full-adaptive__unsw_reconnaissance_static__seed11\summary.json
E23_UNSW_Reconnaissance_static,unsw_reconnaissance_static,127,static,0,none,0.2953786832498562,0.16124015806666483,0.6321761472790893,0.028287585550561153,0.0,0.0,7,0,0,0,2.190841200063005,1.2573294010944664,0.0,1.0477745009120554e-05,1277.75390625,1.1242704391479492,evidence\v023_unsw_reconnaissance_gate4\gate4\runs\E23_UNSW_Reconnaissance_static__NF-UNSW-NB15-v3-Reconnaissance-V023-Historical-Source-to-NF-UNSW-NB15-v3-Reconnaissance-V023-Heldout-Target__NF-UNSW-NB15-v3-Reconnaissance-v023-full-adaptive__unsw_reconnaissance_static__seed127\summary.json
E23_UNSW_Reconnaissance_static,unsw_reconnaissance_static,149,static,0,none,0.30446974946252725,0.16008008740863086,0.6064701912160242,0.027359290980362074,0.0,0.0,7,0,0,0,2.2747480999678373,1.2594752996228635,0.0,1.0495627496857196e-05,1285.71484375,1.1245298385620117,evidence\v023_unsw_reconnaissance_gate4\gate4\runs\E23_UNSW_Reconnaissance_static__NF-UNSW-NB15-v3-Reconnaissance-V023-Historical-Source-to-NF-UNSW-NB15-v3-Reconnaissance-V023-Heldout-Target__NF-UNSW-NB15-v3-Reconnaissance-v023-full-adaptive__unsw_reconnaissance_static__seed149\summary.json
E23_UNSW_Reconnaissance_static,unsw_reconnaissance_static,23,static,0,none,0.31696526307435074,0.16491622875287454,0.6176931791069904,0.02613140334470808,0.0,0.0,7,0,0,0,3.6744886999949813,2.4077820007223636,0.0,2.0064850006019695e-05,1268.5703125,1.1247587203979492,evidence\v023_unsw_reconnaissance_gate4\gate4\runs\E23_UNSW_Reconnaissance_static__NF-UNSW-NB15-v3-Reconnaissance-V023-Historical-Source-to-NF-UNSW-NB15-v3-Reconnaissance-V023-Heldout-Target__NF-UNSW-NB15-v3-Reconnaissance-v023-full-adaptive__unsw_reconnaissance_static__seed23\summary.json
E23_UNSW_Reconnaissance_static,unsw_reconnaissance_static,37,static,0,none,0.3451900659499019,0.16351030255154564,0.6177992781303375,0.027931958648181553,0.0,0.0,7,0,0,0,2.2874352999497205,1.258157602045685,0.0,1.0484646683714042e-05,1292.41015625,1.1242704391479492,evidence\v023_unsw_reconnaissance_gate4\gate4\runs\E23_UNSW_Reconnaissance_static__NF-UNSW-NB15-v3-Reconnaissance-V023-Historical-Source-to-NF-UNSW-NB15-v3-Reconnaissance-V023-Heldout-Target__NF-UNSW-NB15-v3-Reconnaissance-v023-full-adaptive__unsw_reconnaissance_static__seed37\summary.json
E23_UNSW_Reconnaissance_static,unsw_reconnaissance_static,53,static,0,none,0.31945889022098306,0.1603233013080477,0.6290188109053543,0.02859261150149556,0.0,0.0,7,0,0,0,2.3395833000540733,1.340164499823004,0.0,1.1168037498525034e-05,1295.5,1.1245298385620117,evidence\v023_unsw_reconnaissance_gate4\gate4\runs\E23_UNSW_Reconnaissance_static__NF-UNSW-NB15-v3-Reconnaissance-V023-Historical-Source-to-NF-UNSW-NB15-v3-Reconnaissance-V023-Heldout-Target__NF-UNSW-NB15-v3-Reconnaissance-v023-full-adaptive__unsw_reconnaissance_static__seed53\summary.json
E23_UNSW_Reconnaissance_static,unsw_reconnaissance_static,71,static,0,none,0.3091221483168257,0.17449600024543072,0.6270369789710231,0.027732091066693637,0.0,0.0,7,0,0,0,2.4147175999823958,1.2011234010569751,0.0,1.0009361675474794e-05,1296.62109375,1.1245298385620117,evidence\v023_unsw_reconnaissance_gate4\gate4\runs\E23_UNSW_Reconnaissance_static__NF-UNSW-NB15-v3-Reconnaissance-V023-Historical-Source-to-NF-UNSW-NB15-v3-Reconnaissance-V023-Heldout-Target__NF-UNSW-NB15-v3-Reconnaissance-v023-full-adaptive__unsw_reconnaissance_static__seed71\summary.json
E23_UNSW_Reconnaissance_static,unsw_reconnaissance_static,83,static,0,none,0.29785466466233185,0.16168176218091845,0.6472167435746632,0.027092611206676574,0.0,0.0,7,0,0,0,2.2574058999307454,1.249696000944823,0.0,1.0414133341206858e-05,1296.59765625,1.1245298385620117,evidence\v023_unsw_reconnaissance_gate4\gate4\runs\E23_UNSW_Reconnaissance_static__NF-UNSW-NB15-v3-Reconnaissance-V023-Historical-Source-to-NF-UNSW-NB15-v3-Reconnaissance-V023-Heldout-Target__NF-UNSW-NB15-v3-Reconnaissance-v023-full-adaptive__unsw_reconnaissance_static__seed83\summary.json
E23_UNSW_Reconnaissance_static,unsw_reconnaissance_static,97,static,0,none,0.2730261726569297,0.12267333806052816,0.5211340757806882,0.02767413736615966,0.0,0.0,7,0,0,0,3.1752015999518335,1.6711370025295764,0.0,1.392614168774647e-05,1283.875,1.1247739791870117,evidence\v023_unsw_reconnaissance_gate4\gate4\runs\E23_UNSW_Reconnaissance_static__NF-UNSW-NB15-v3-Reconnaissance-V023-Historical-Source-to-NF-UNSW-NB15-v3-Reconnaissance-V023-Heldout-Target__NF-UNSW-NB15-v3-Reconnaissance-v023-full-adaptive__unsw_reconnaissance_static__seed97\summary.json
E23_UNSW_Reconnaissance_ud_anchored_B050,unsw_reconnaissance_ud_anchored_B050,109,uncertainty_diversity,50,source_anchored,0.25735589541240056,0.12534352937053855,0.47002406303275257,0.025472352244284197,0.0,0.00029070126746950806,7,0,50,1,2.120164099847898,1.2009350003208965,0.004314400022849441,1.0007791669340805e-05,1309.98046875,1.1261777877807617,evidence\v023_unsw_reconnaissance_gate4\gate4\runs\E23_UNSW_Reconnaissance_ud_anchored_B050__NF-UNSW-NB15-v3-Reconnaissance-V023-Historical-Source-to-NF-UNSW-NB15-v3-Reconnaissance-V023-Heldout-Target__NF-UNSW-NB15-v3-Reconnaissance-v023-full-adaptive__unsw_reconnaissance_ud_anchored_B050__seed109\summary.json
E23_UNSW_Reconnaissance_ud_anchored_B050,unsw_reconnaissance_ud_anchored_B050,11,uncertainty_diversity,50,source_anchored,0.35043612072878094,0.15493364446446928,0.5645234406854789,0.027084866921837286,0.0,0.00022047175491413397,7,0,50,1,2.2972558999899775,1.2770129016134888,0.005246800137683749,1.0641774180112406e-05,1317.30859375,1.1265287399291992,evidence\v023_unsw_reconnaissance_gate4\gate4\runs\E23_UNSW_Reconnaissance_ud_anchored_B050__NF-UNSW-NB15-v3-Reconnaissance-V023-Historical-Source-to-NF-UNSW-NB15-v3-Reconnaissance-V023-Heldout-Target__NF-UNSW-NB15-v3-Reconnaissance-v023-full-adaptive__unsw_reconnaissance_ud_anchored_B050__seed11\summary.json
E23_UNSW_Reconnaissance_ud_anchored_B050,unsw_reconnaissance_ud_anchored_B050,127,uncertainty_diversity,50,source_anchored,0.29534697032894536,0.16122752958533743,0.6270629330997248,0.028077426198792763,0.0,0.0002467644025153426,7,0,50,1,2.2309111999347806,1.2125782994553447,0.004313299898058176,1.0104819162127872e-05,1312.54296875,1.1265287399291992,evidence\v023_unsw_reconnaissance_gate4\gate4\runs\E23_UNSW_Reconnaissance_ud_anchored_B050__NF-UNSW-NB15-v3-Reconnaissance-V023-Historical-Source-to-NF-UNSW-NB15-v3-Reconnaissance-V023-Heldout-Target__NF-UNSW-NB15-v3-Reconnaissance-v023-full-adaptive__unsw_reconnaissance_ud_anchored_B050__seed127\summary.json
E23_UNSW_Reconnaissance_ud_anchored_B050,unsw_reconnaissance_ud_anchored_B050,149,uncertainty_diversity,50,source_anchored,0.3044536652558204,0.16007305256498275,0.6035709037198769,0.027250514750810955,0.0,8.613149018024494e-05,7,0,50,1,2.2890739999711514,1.28300089831464,0.005074199987575412,1.0691674152622e-05,1308.953125,1.1267576217651367,evidence\v023_unsw_reconnaissance_gate4\gate4\runs\E23_UNSW_Reconnaissance_ud_anchored_B050__NF-UNSW-NB15-v3-Reconnaissance-V023-Historical-Source-to-NF-UNSW-NB15-v3-Reconnaissance-V023-Heldout-Target__NF-UNSW-NB15-v3-Reconnaissance-v023-full-adaptive__unsw_reconnaissance_ud_anchored_B050__seed149\summary.json
E23_UNSW_Reconnaissance_ud_anchored_B050,unsw_reconnaissance_ud_anchored_B050,23,uncertainty_diversity,50,source_anchored,0.3169833202613569,0.16492081570540923,0.6151045761386658,0.02609446689149364,0.0,0.00011843790442187067,7,0,50,1,3.6091913001146168,2.498628302011639,0.011349800042808056,2.0821902516763658e-05,1321.73046875,1.1270170211791992,evidence\v023_unsw_reconnaissance_gate4\gate4\runs\E23_UNSW_Reconnaissance_ud_anchored_B050__NF-UNSW-NB15-v3-Reconnaissance-V023-Historical-Source-to-NF-UNSW-NB15-v3-Reconnaissance-V023-Heldout-Target__NF-UNSW-NB15-v3-Reconnaissance-v023-full-adaptive__unsw_reconnaissance_ud_anchored_B050__seed23\summary.json
E23_UNSW_Reconnaissance_ud_anchored_B050,unsw_reconnaissance_ud_anchored_B050,37,uncertainty_diversity,50,source_anchored,0.34517094208073323,0.163503524412458,0.6134260168500298,0.027679815514244595,0.0,0.00011458095947061547,7,0,50,1,2.3784113000147045,1.237191298045218,0.004228399833664298,1.030992748371015e-05,1320.171875,1.1261625289916992,evidence\v023_unsw_reconnaissance_gate4\gate4\runs\E23_UNSW_Reconnaissance_ud_anchored_B050__NF-UNSW-NB15-v3-Reconnaissance-V023-Historical-Source-to-NF-UNSW-NB15-v3-Reconnaissance-V023-Heldout-Target__NF-UNSW-NB15-v3-Reconnaissance-v023-full-adaptive__unsw_reconnaissance_ud_anchored_B050__seed37\summary.json
E23_UNSW_Reconnaissance_ud_anchored_B050,unsw_reconnaissance_ud_anchored_B050,53,uncertainty_diversity,50,source_anchored,0.31942303704930064,0.16031014344604885,0.6258071520824905,0.02836634608265129,0.0,8.383271125820303e-05,7,0,50,1,2.4466275998856872,1.2303333999589086,0.004344099899753928,1.0252778332990904e-05,1305.4453125,1.1267576217651367,evidence\v023_unsw_reconnaissance_gate4\gate4\runs\E23_UNSW_Reconnaissance_ud_anchored_B050__NF-UNSW-NB15-v3-Reconnaissance-V023-Historical-Source-to-NF-UNSW-NB15-v3-Reconnaissance-V023-Heldout-Target__NF-UNSW-NB15-v3-Reconnaissance-v023-full-adaptive__unsw_reconnaissance_ud_anchored_B050__seed53\summary.json
E23_UNSW_Reconnaissance_ud_anchored_B050,unsw_reconnaissance_ud_anchored_B050,71,uncertainty_diversity,50,source_anchored,0.3091046824309831,0.17448823661382065,0.624197350228311,0.02765015501113225,0.0,0.0003065763838186279,7,0,50,1,2.317172200186178,1.2630045984406024,0.004059299826622009,1.0525038320338354e-05,1324.12109375,1.1264219284057617,evidence\v023_unsw_reconnaissance_gate4\gate4\runs\E23_UNSW_Reconnaissance_ud_anchored_B050__NF-UNSW-NB15-v3-Reconnaissance-V023-Historical-Source-to-NF-UNSW-NB15-v3-Reconnaissance-V023-Heldout-Target__NF-UNSW-NB15-v3-Reconnaissance-v023-full-adaptive__unsw_reconnaissance_ud_anchored_B050__seed71\summary.json
E23_UNSW_Reconnaissance_ud_anchored_B050,unsw_reconnaissance_ud_anchored_B050,83,uncertainty_diversity,50,source_anchored,0.2978495072065651,0.16167894480697273,0.6428910073828867,0.026952525899265722,0.0,0.0002957072088609732,7,0,50,1,2.3043186999857426,1.2475760015659034,0.005248599918559194,1.0396466679715863e-05,1324.19140625,1.1267881393432617,evidence\v023_unsw_reconnaissance_gate4\gate4\runs\E23_UNSW_Reconnaissance_ud_anchored_B050__NF-UNSW-NB15-v3-Reconnaissance-V023-Historical-Source-to-NF-UNSW-NB15-v3-Reconnaissance-V023-Heldout-Target__NF-UNSW-NB15-v3-Reconnaissance-v023-full-adaptive__unsw_reconnaissance_ud_anchored_B050__seed83\summary.json
E23_UNSW_Reconnaissance_ud_anchored_B050,unsw_reconnaissance_ud_anchored_B050,97,uncertainty_diversity,50,source_anchored,0.2730518255037254,0.12268049488434071,0.5172500865095819,0.027423272344324193,0.0,0.0001549632351712845,7,0,50,1,2.1504849998746067,1.282330398913473,0.004388000117614865,1.0686086657612275e-05,1310.9375,1.1266660690307617,evidence\v023_unsw_reconnaissance_gate4\gate4\runs\E23_UNSW_Reconnaissance_ud_anchored_B050__NF-UNSW-NB15-v3-Reconnaissance-V023-Historical-Source-to-NF-UNSW-NB15-v3-Reconnaissance-V023-Heldout-Target__NF-UNSW-NB15-v3-Reconnaissance-v023-full-adaptive__unsw_reconnaissance_ud_anchored_B050__seed97\summary.json
E23_UNSW_Reconnaissance_ud_anchored_B200,unsw_reconnaissance_ud_anchored_B200,109,uncertainty_diversity,200,source_anchored,0.2573405991757244,0.12533858326349576,0.4713472094050588,0.02548177383650062,0.0,0.0002283734025075612,7,0,200,1,3.6362964999862015,2.2919221986085176,0.007252100156620145,1.909935165507098e-05,1310.0078125,1.1269102096557617,evidence\v023_unsw_reconnaissance_gate4\gate4\runs\E23_UNSW_Reconnaissance_ud_anchored_B200__NF-UNSW-NB15-v3-Reconnaissance-V023-Historical-Source-to-NF-UNSW-NB15-v3-Reconnaissance-V023-Heldout-Target__NF-UNSW-NB15-v3-Reconnaissance-v023-full-adaptive__unsw_reconnaissance_ud_anchored_B200__seed109\summary.json
E23_UNSW_Reconnaissance_ud_anchored_B200,unsw_reconnaissance_ud_anchored_B200,11,uncertainty_diversity,200,source_anchored,0.35041195254962126,0.1549260829513876,0.5658154533904733,0.02707245894429039,0.0,0.00017706827209582968,7,0,200,1,2.30928419996053,1.2511934998910874,0.004603999899700284,1.0426612499092394e-05,1317.62890625,1.1268949508666992,evidence\v023_unsw_reconnaissance_gate4\gate4\runs\E23_UNSW_Reconnaissance_ud_anchored_B200__NF-UNSW-NB15-v3-Reconnaissance-V023-Historical-Source-to-NF-UNSW-NB15-v3-Reconnaissance-V023-Heldout-Target__NF-UNSW-NB15-v3-Reconnaissance-v023-full-adaptive__unsw_reconnaissance_ud_anchored_B200__seed11\summary.json
E23_UNSW_Reconnaissance_ud_anchored_B200,unsw_reconnaissance_ud_anchored_B200,127,uncertainty_diversity,200,source_anchored,0.2956412392060054,0.16135874607270176,0.6294599746576337,0.028129660696445263,0.0,9.925000114501606e-05,7,0,200,1,2.1901282998733222,1.2064330985303968,0.0043467998038977385,1.0053609154419974e-05,1313.48828125,1.1268949508666992,evidence\v023_unsw_reconnaissance_gate4\gate4\runs\E23_UNSW_Reconnaissance_ud_anchored_B200__NF-UNSW-NB15-v3-Reconnaissance-V023-Historical-Source-to-NF-UNSW-NB15-v3-Reconnaissance-V023-Heldout-Target__NF-UNSW-NB15-v3-Reconnaissance-v023-full-adaptive__unsw_reconnaissance_ud_anchored_B200__seed127\summary.json
E23_UNSW_Reconnaissance_ud_anchored_B200,unsw_reconnaissance_ud_anchored_B200,149,uncertainty_diversity,200,source_anchored,0.3044463959194343,0.1600710594814576,0.604643858311301,0.027257904006952372,0.0,2.1409101103034867e-05,7,0,200,1,2.2382891001179814,1.2369295998942107,0.004655800061300397,1.0307746665785088e-05,1309.88671875,1.1271543502807617,evidence\v023_unsw_reconnaissance_gate4\gate4\runs\E23_UNSW_Reconnaissance_ud_anchored_B200__NF-UNSW-NB15-v3-Reconnaissance-V023-Historical-Source-to-NF-UNSW-NB15-v3-Reconnaissance-V023-Heldout-Target__NF-UNSW-NB15-v3-Reconnaissance-v023-full-adaptive__unsw_reconnaissance_ud_anchored_B200__seed149\summary.json
E23_UNSW_Reconnaissance_ud_anchored_B200,unsw_reconnaissance_ud_anchored_B200,23,uncertainty_diversity,200,source_anchored,0.3169490472849077,0.1649099949140611,0.6162126901404861,0.026094538477517002,0.0,0.00010913133920588403,7,0,200,1,2.3258940998930484,1.2641108008101583,0.004830700112506747,1.0534256673417986e-05,1321.74609375,1.1273832321166992,evidence\v023_unsw_reconnaissance_gate4\gate4\runs\E23_UNSW_Reconnaissance_ud_anchored_B200__NF-UNSW-NB15-v3-Reconnaissance-V023-Historical-Source-to-NF-UNSW-NB15-v3-Reconnaissance-V023-Heldout-Target__NF-UNSW-NB15-v3-Reconnaissance-v023-full-adaptive__unsw_reconnaissance_ud_anchored_B200__seed23\summary.json
E23_UNSW_Reconnaissance_ud_anchored_B200,unsw_reconnaissance_ud_anchored_B200,37,uncertainty_diversity,200,source_anchored,0.3451655179745406,0.16350199186904696,0.6140661977892476,0.02766800749205603,0.0,8.756883456534625e-05,7,0,200,1,2.26336030010134,1.3203514970373362,0.005377599969506264,1.1002929141977801e-05,1320.95703125,1.1268949508666992,evidence\v023_unsw_reconnaissance_gate4\gate4\runs\E23_UNSW_Reconnaissance_ud_anchored_B200__NF-UNSW-NB15-v3-Reconnaissance-V023-Historical-Source-to-NF-UNSW-NB15-v3-Reconnaissance-V023-Heldout-Target__NF-UNSW-NB15-v3-Reconnaissance-v023-full-adaptive__unsw_reconnaissance_ud_anchored_B200__seed37\summary.json
E23_UNSW_Reconnaissance_ud_anchored_B200,unsw_reconnaissance_ud_anchored_B200,53,uncertainty_diversity,200,source_anchored,0.31941164763041335,0.1603067246361502,0.6268227994059258,0.02835113367165757,0.0,7.031230837539759e-05,7,0,200,1,2.306882099946961,1.2707325015217066,0.005197300110012293,1.0589437512680888e-05,1322.7578125,1.1271543502807617,evidence\v023_unsw_reconnaissance_gate4\gate4\runs\E23_UNSW_Reconnaissance_ud_anchored_B200__NF-UNSW-NB15-v3-Reconnaissance-V023-Historical-Source-to-NF-UNSW-NB15-v3-Reconnaissance-V023-Heldout-Target__NF-UNSW-NB15-v3-Reconnaissance-v023-full-adaptive__unsw_reconnaissance_ud_anchored_B200__seed53\summary.json
E23_UNSW_Reconnaissance_ud_anchored_B200,unsw_reconnaissance_ud_anchored_B200,71,uncertainty_diversity,200,source_anchored,0.3090926761339264,0.17448432593744062,0.6254146421317567,0.027664605207652373,0.0,0.00024268844813938272,7,0,200,1,2.310746300034225,1.2424551986623555,0.00491579994559288,1.0353793322186296e-05,1324.98828125,1.1271543502807617,evidence\v023_unsw_reconnaissance_gate4\gate4\runs\E23_UNSW_Reconnaissance_ud_anchored_B200__NF-UNSW-NB15-v3-Reconnaissance-V023-Historical-Source-to-NF-UNSW-NB15-v3-Reconnaissance-V023-Heldout-Target__NF-UNSW-NB15-v3-Reconnaissance-v023-full-adaptive__unsw_reconnaissance_ud_anchored_B200__seed71\summary.json
E23_UNSW_Reconnaissance_ud_anchored_B200,unsw_reconnaissance_ud_anchored_B200,83,uncertainty_diversity,200,source_anchored,0.2978316853036209,0.16167358044544033,0.6449635000547802,0.0269843018072288,0.0,0.00018042499568868725,7,0,200,1,3.086050600046292,1.7524997012224048,0.006297399988397956,1.4604164176853374e-05,1317.39453125,1.1271543502807617,evidence\v023_unsw_reconnaissance_gate4\gate4\runs\E23_UNSW_Reconnaissance_ud_anchored_B200__NF-UNSW-NB15-v3-Reconnaissance-V023-Historical-Source-to-NF-UNSW-NB15-v3-Reconnaissance-V023-Heldout-Target__NF-UNSW-NB15-v3-Reconnaissance-v023-full-adaptive__unsw_reconnaissance_ud_anchored_B200__seed83\summary.json
E23_UNSW_Reconnaissance_ud_anchored_B200,unsw_reconnaissance_ud_anchored_B200,97,uncertainty_diversity,200,source_anchored,0.2730041408503959,0.12266589240641809,0.5186253292581275,0.027412039999661793,0.0,9.807416373374725e-05,7,0,200,1,2.1705429998692125,1.188474299153313,0.004720399854704738,9.903952492944275e-06,1312.45703125,1.1273984909057617,evidence\v023_unsw_reconnaissance_gate4\gate4\runs\E23_UNSW_Reconnaissance_ud_anchored_B200__NF-UNSW-NB15-v3-Reconnaissance-V023-Historical-Source-to-NF-UNSW-NB15-v3-Reconnaissance-V023-Heldout-Target__NF-UNSW-NB15-v3-Reconnaissance-v023-full-adaptive__unsw_reconnaissance_ud_anchored_B200__seed97\summary.json
E23_UNSW_Reconnaissance_ud_replay_B050,unsw_reconnaissance_ud_replay_B050,109,uncertainty_diversity,50,replay,0.2669033216052018,0.1257277864692104,0.4675560818618929,0.025712819286143024,0.0,0.0021651172588481042,7,0,50,1,3.59088969998993,2.404210199834779,0.0065055000595748425,2.0035084998623158e-05,1268.8046875,1.1252470016479492,evidence\v023_unsw_reconnaissance_gate4\gate4\runs\E23_UNSW_Reconnaissance_ud_replay_B050__NF-UNSW-NB15-v3-Reconnaissance-V023-Historical-Source-to-NF-UNSW-NB15-v3-Reconnaissance-V023-Heldout-Target__NF-UNSW-NB15-v3-Reconnaissance-v023-full-adaptive__unsw_reconnaissance_ud_replay_B050__seed109\summary.json
E23_UNSW_Reconnaissance_ud_replay_B050,unsw_reconnaissance_ud_replay_B050,11,uncertainty_diversity,50,replay,0.3603665762345525,0.1686969291096581,0.39951100013604757,0.02411677675407963,0.22470238095238096,0.019616584331420904,7,0,50,1,2.2875302000902593,1.2475493024103343,0.005218700040131807,1.0396244186752787e-05,1332.7578125,1.1258878707885742,evidence\v023_unsw_reconnaissance_gate4\gate4\runs\E23_UNSW_Reconnaissance_ud_replay_B050__NF-UNSW-NB15-v3-Reconnaissance-V023-Historical-Source-to-NF-UNSW-NB15-v3-Reconnaissance-V023-Heldout-Target__NF-UNSW-NB15-v3-Reconnaissance-v023-full-adaptive__unsw_reconnaissance_ud_replay_B050__seed11\summary.json
E23_UNSW_Reconnaissance_ud_replay_B050,unsw_reconnaissance_ud_replay_B050,127,uncertainty_diversity,50,replay,0.35662046970279043,0.18126480146238594,0.4633914224232034,0.024955719121126423,0.22470238095238096,0.0004311411466837208,7,0,50,1,2.1696494000498205,1.1961898007430136,0.004972900031134486,9.968248339525114e-06,1313.69921875,1.1259031295776367,evidence\v023_unsw_reconnaissance_gate4\gate4\runs\E23_UNSW_Reconnaissance_ud_replay_B050__NF-UNSW-NB15-v3-Reconnaissance-V023-Historical-Source-to-NF-UNSW-NB15-v3-Reconnaissance-V023-Heldout-Target__NF-UNSW-NB15-v3-Reconnaissance-v023-full-adaptive__unsw_reconnaissance_ud_replay_B050__seed127\summary.json
E23_UNSW_Reconnaissance_ud_replay_B050,unsw_reconnaissance_ud_replay_B050,149,uncertainty_diversity,50,replay,0.3125927461546597,0.16228793281610915,0.6017130358276587,0.027489560055605676,0.0,0.0,7,0,50,1,2.265198600012809,1.3817116995342076,0.006327399984002113,1.1514264162785063e-05,1309.91796875,1.1257505416870117,evidence\v023_unsw_reconnaissance_gate4\gate4\runs\E23_UNSW_Reconnaissance_ud_replay_B050__NF-UNSW-NB15-v3-Reconnaissance-V023-Historical-Source-to-NF-UNSW-NB15-v3-Reconnaissance-V023-Heldout-Target__NF-UNSW-NB15-v3-Reconnaissance-v023-full-adaptive__unsw_reconnaissance_ud_replay_B050__seed149\summary.json
E23_UNSW_Reconnaissance_ud_replay_B050,unsw_reconnaissance_ud_replay_B050,23,uncertainty_diversity,50,replay,0.31728185095042283,0.16501341215413232,0.6104097978209118,0.02597173971277238,0.0,0.0025157155359541742,7,0,50,1,2.1938893999904394,1.2313263008836657,0.005018899915739894,1.026105250736388e-05,1319.65625,1.1259794235229492,evidence\v023_unsw_reconnaissance_gate4\gate4\runs\E23_UNSW_Reconnaissance_ud_replay_B050__NF-UNSW-NB15-v3-Reconnaissance-V023-Historical-Source-to-NF-UNSW-NB15-v3-Reconnaissance-V023-Heldout-Target__NF-UNSW-NB15-v3-Reconnaissance-v023-full-adaptive__unsw_reconnaissance_ud_replay_B050__seed23\summary.json
E23_UNSW_Reconnaissance_ud_replay_B050,unsw_reconnaissance_ud_replay_B050,37,uncertainty_diversity,50,replay,0.35047521135346804,0.16328124156454493,0.6124831213509963,0.02766414342902364,0.0,0.0,7,0,50,1,2.518400999950245,1.2745318999513984,0.005009999964386225,1.0621099166261652e-05,1297.640625,1.1252470016479492,evidence\v023_unsw_reconnaissance_gate4\gate4\runs\E23_UNSW_Reconnaissance_ud_replay_B050__NF-UNSW-NB15-v3-Reconnaissance-V023-Historical-Source-to-NF-UNSW-NB15-v3-Reconnaissance-V023-Heldout-Target__NF-UNSW-NB15-v3-Reconnaissance-v023-full-adaptive__unsw_reconnaissance_ud_replay_B050__seed37\summary.json
E23_UNSW_Reconnaissance_ud_replay_B050,unsw_reconnaissance_ud_replay_B050,53,uncertainty_diversity,50,replay,0.32664957711701814,0.16051384459500626,0.6207712735564914,0.02819929375452346,0.0,0.0,7,0,50,1,2.3210949001368135,1.2244808981195092,0.004715699935331941,1.0204007484329243e-05,1323.71875,1.1257352828979492,evidence\v023_unsw_reconnaissance_gate4\gate4\runs\E23_UNSW_Reconnaissance_ud_replay_B050__NF-UNSW-NB15-v3-Reconnaissance-V023-Historical-Source-to-NF-UNSW-NB15-v3-Reconnaissance-V023-Heldout-Target__NF-UNSW-NB15-v3-Reconnaissance-v023-full-adaptive__unsw_reconnaissance_ud_replay_B050__seed53\summary.json
E23_UNSW_Reconnaissance_ud_replay_B050,unsw_reconnaissance_ud_replay_B050,71,uncertainty_diversity,50,replay,0.3121652390581105,0.1751105779601019,0.6219229809631766,0.02759767330747986,0.0,0.0,7,0,50,1,2.290945300133899,1.251479499740526,0.004897800041362643,1.042899583117105e-05,1324.1875,1.1254911422729492,evidence\v023_unsw_reconnaissance_gate4\gate4\runs\E23_UNSW_Reconnaissance_ud_replay_B050__NF-UNSW-NB15-v3-Reconnaissance-V023-Historical-Source-to-NF-UNSW-NB15-v3-Reconnaissance-V023-Heldout-Target__NF-UNSW-NB15-v3-Reconnaissance-v023-full-adaptive__unsw_reconnaissance_ud_replay_B050__seed71\summary.json
E23_UNSW_Reconnaissance_ud_replay_B050,unsw_reconnaissance_ud_replay_B050,83,uncertainty_diversity,50,replay,0.3504805275433715,0.18011537437979303,0.4814603870893692,0.023533280507846206,0.22470238095238096,0.0,7,0,50,1,2.9830366999376565,1.786257999483496,0.006955800112336874,1.4885483329029134e-05,1318.47265625,1.1261472702026367,evidence\v023_unsw_reconnaissance_gate4\gate4\runs\E23_UNSW_Reconnaissance_ud_replay_B050__NF-UNSW-NB15-v3-Reconnaissance-V023-Historical-Source-to-NF-UNSW-NB15-v3-Reconnaissance-V023-Heldout-Target__NF-UNSW-NB15-v3-Reconnaissance-v023-full-adaptive__unsw_reconnaissance_ud_replay_B050__seed83\summary.json
E23_UNSW_Reconnaissance_ud_replay_B050,unsw_reconnaissance_ud_replay_B050,97,uncertainty_diversity,50,replay,0.2675227534646372,0.12306141244805205,0.5117028194699282,0.027258424960724496,0.0,8.350286056290346e-05,7,0,50,1,2.17734960000962,1.1871875007636845,0.004875200102105737,9.893229173030704e-06,1312.65234375,1.1257352828979492,evidence\v023_unsw_reconnaissance_gate4\gate4\runs\E23_UNSW_Reconnaissance_ud_replay_B050__NF-UNSW-NB15-v3-Reconnaissance-V023-Historical-Source-to-NF-UNSW-NB15-v3-Reconnaissance-V023-Heldout-Target__NF-UNSW-NB15-v3-Reconnaissance-v023-full-adaptive__unsw_reconnaissance_ud_replay_B050__seed97\summary.json
E23_UNSW_Reconnaissance_ud_replay_B200,unsw_reconnaissance_ud_replay_B200,109,uncertainty_diversity,200,replay,0.27841037840491967,0.13244513389740373,0.3843907731373125,0.02414245678434262,0.22395833333333334,0.01878397475864389,7,0,200,1,2.9173595998436213,1.5696141012012959,0.00852959998883307,1.30801175100108e-05,1311.953125,1.1264066696166992,evidence\v023_unsw_reconnaissance_gate4\gate4\runs\E23_UNSW_Reconnaissance_ud_replay_B200__NF-UNSW-NB15-v3-Reconnaissance-V023-Historical-Source-to-NF-UNSW-NB15-v3-Reconnaissance-V023-Heldout-Target__NF-UNSW-NB15-v3-Reconnaissance-v023-full-adaptive__unsw_reconnaissance_ud_replay_B200__seed109\summary.json
E23_UNSW_Reconnaissance_ud_replay_B200,unsw_reconnaissance_ud_replay_B200,11,uncertainty_diversity,200,replay,0.36053967709211066,0.16888249925089474,0.46519058469742064,0.024877699443564757,0.23288690476190477,0.02016668309851898,7,0,200,1,3.572205599863082,2.30539570027031,0.012606400065124035,1.9211630835585917e-05,1317.4765625,1.1263914108276367,evidence\v023_unsw_reconnaissance_gate4\gate4\runs\E23_UNSW_Reconnaissance_ud_replay_B200__NF-UNSW-NB15-v3-Reconnaissance-V023-Historical-Source-to-NF-UNSW-NB15-v3-Reconnaissance-V023-Heldout-Target__NF-UNSW-NB15-v3-Reconnaissance-v023-full-adaptive__unsw_reconnaissance_ud_replay_B200__seed11\summary.json
E23_UNSW_Reconnaissance_ud_replay_B200,unsw_reconnaissance_ud_replay_B200,127,uncertainty_diversity,200,replay,0.35934957056282785,0.18169724641520804,0.5220247777087508,0.02574526130581558,0.28720238095238093,0.0,7,0,200,1,2.428018599981442,1.207236999180168,0.005134199978783727,1.0060308326501399e-05,1313.72265625,1.1264066696166992,evidence\v023_unsw_reconnaissance_gate4\gate4\runs\E23_UNSW_Reconnaissance_ud_replay_B200__NF-UNSW-NB15-v3-Reconnaissance-V023-Historical-Source-to-NF-UNSW-NB15-v3-Reconnaissance-V023-Heldout-Target__NF-UNSW-NB15-v3-Reconnaissance-v023-full-adaptive__unsw_reconnaissance_ud_replay_B200__seed127\summary.json
E23_UNSW_Reconnaissance_ud_replay_B200,unsw_reconnaissance_ud_replay_B200,149,uncertainty_diversity,200,replay,0.36987453755361016,0.18504943396352314,0.454086437745608,0.024703531815925613,0.22470238095238096,0.0055960420976668476,7,0,200,1,2.2901930001098663,1.294191595632583,0.0050166998989880085,1.0784929963604857e-05,1311.05859375,1.1264066696166992,evidence\v023_unsw_reconnaissance_gate4\gate4\runs\E23_UNSW_Reconnaissance_ud_replay_B200__NF-UNSW-NB15-v3-Reconnaissance-V023-Historical-Source-to-NF-UNSW-NB15-v3-Reconnaissance-V023-Heldout-Target__NF-UNSW-NB15-v3-Reconnaissance-v023-full-adaptive__unsw_reconnaissance_ud_replay_B200__seed149\summary.json
E23_UNSW_Reconnaissance_ud_replay_B200,unsw_reconnaissance_ud_replay_B200,23,uncertainty_diversity,200,replay,0.3908086887079213,0.18352110266493465,0.5193000958452927,0.024036349510375858,0.2864583333333333,0.0010411481846354408,7,0,200,1,2.277423799969256,1.2474275997374207,0.0046356001403182745,1.0395229997811838e-05,1295.3046875,1.1268796920776367,evidence\v023_unsw_reconnaissance_gate4\gate4\runs\E23_UNSW_Reconnaissance_ud_replay_B200__NF-UNSW-NB15-v3-Reconnaissance-V023-Historical-Source-to-NF-UNSW-NB15-v3-Reconnaissance-V023-Heldout-Target__NF-UNSW-NB15-v3-Reconnaissance-v023-full-adaptive__unsw_reconnaissance_ud_replay_B200__seed23\summary.json
E23_UNSW_Reconnaissance_ud_replay_B200,unsw_reconnaissance_ud_replay_B200,37,uncertainty_diversity,200,replay,0.42243927312509966,0.1863817978467048,0.4569784262309292,0.024373103003057832,0.22470238095238096,0.0,7,0,200,1,2.442970500094816,1.2664549986366183,0.005301200086250901,1.0553791655305152e-05,1325.63671875,1.1261625289916992,evidence\v023_unsw_reconnaissance_gate4\gate4\runs\E23_UNSW_Reconnaissance_ud_replay_B200__NF-UNSW-NB15-v3-Reconnaissance-V023-Historical-Source-to-NF-UNSW-NB15-v3-Reconnaissance-V023-Heldout-Target__NF-UNSW-NB15-v3-Reconnaissance-v023-full-adaptive__unsw_reconnaissance_ud_replay_B200__seed37\summary.json
E23_UNSW_Reconnaissance_ud_replay_B200,unsw_reconnaissance_ud_replay_B200,53,uncertainty_diversity,200,replay,0.39671756769914357,0.18493907017604624,0.50681931406555,0.024862811392301683,0.2708333333333333,0.0,7,0,200,1,2.2653950001113117,1.262618999229744,0.00446130009368062,1.0521824993581201e-05,1325.7578125,1.1266355514526367,evidence\v023_unsw_reconnaissance_gate4\gate4\runs\E23_UNSW_Reconnaissance_ud_replay_B200__NF-UNSW-NB15-v3-Reconnaissance-V023-Historical-Source-to-NF-UNSW-NB15-v3-Reconnaissance-V023-Heldout-Target__NF-UNSW-NB15-v3-Reconnaissance-v023-full-adaptive__unsw_reconnaissance_ud_replay_B200__seed53\summary.json
E23_UNSW_Reconnaissance_ud_replay_B200,unsw_reconnaissance_ud_replay_B200,71,uncertainty_diversity,200,replay,0.3742376432164452,0.1976219707396245,0.4798734103205906,0.024802326129151193,0.22470238095238096,0.0,7,0,200,1,2.3847671998664737,1.3388205037917942,0.005635600071400404,1.1156837531598285e-05,1325.21484375,1.1264066696166992,evidence\v023_unsw_reconnaissance_gate4\gate4\runs\E23_UNSW_Reconnaissance_ud_replay_B200__NF-UNSW-NB15-v3-Reconnaissance-V023-Historical-Source-to-NF-UNSW-NB15-v3-Reconnaissance-V023-Heldout-Target__NF-UNSW-NB15-v3-Reconnaissance-v023-full-adaptive__unsw_reconnaissance_ud_replay_B200__seed71\summary.json
E23_UNSW_Reconnaissance_ud_replay_B200,unsw_reconnaissance_ud_replay_B200,83,uncertainty_diversity,200,replay,0.3504196330323094,0.18009538296268096,0.48493354990577,0.02362868001519293,0.22470238095238096,0.0,7,0,200,1,3.1560897999443114,1.9090288002043962,0.007028999971225858,1.5908573335036637e-05,1312.01171875,1.1264066696166992,evidence\v023_unsw_reconnaissance_gate4\gate4\runs\E23_UNSW_Reconnaissance_ud_replay_B200__NF-UNSW-NB15-v3-Reconnaissance-V023-Historical-Source-to-NF-UNSW-NB15-v3-Reconnaissance-V023-Heldout-Target__NF-UNSW-NB15-v3-Reconnaissance-v023-full-adaptive__unsw_reconnaissance_ud_replay_B200__seed83\summary.json
E23_UNSW_Reconnaissance_ud_replay_B200,unsw_reconnaissance_ud_replay_B200,97,uncertainty_diversity,200,replay,0.2898485296384688,0.13562054671001691,0.40092024849946384,0.023853860882741038,0.22470238095238096,0.01861023543004419,7,0,200,1,2.136162100126967,1.2294261017814279,0.004890900105237961,1.0245217514845233e-05,1312.57421875,1.1268949508666992,evidence\v023_unsw_reconnaissance_gate4\gate4\runs\E23_UNSW_Reconnaissance_ud_replay_B200__NF-UNSW-NB15-v3-Reconnaissance-V023-Historical-Source-to-NF-UNSW-NB15-v3-Reconnaissance-V023-Heldout-Target__NF-UNSW-NB15-v3-Reconnaissance-v023-full-adaptive__unsw_reconnaissance_ud_replay_B200__seed97\summary.json
