window,start_row,stop_row,n_rows,novel_prevalence,known_macro_f1,known_macro_f1_all_initial_labels,known_balanced_accuracy,known_mcc,all_class_exact_macro_f1,novel_auprc,novel_auroc,known_success_rate,novel_safe_or_correct_rate,resilience_score,false_unknown_rate,novel_non_rejection_rate,coverage,selective_risk,ece,drift_triggered,drift_reason,mean_shift_score,predicted_unknown_rate,labels_queried,cumulative_labels_queried,update_performed,source_holdout_macro_f1,source_forgetting
0,0,500,500,0.0,0.993963782696177,0.16566063044936283,0.988,,0.4969818913480885,,,0.988,,0.993963782696177,0.0,,1.0,0.012,0.6333172713422455,False,warmup,0.049438118512664546,0.0,0,0,False,0.3402745331018427,0.0
1,500,1000,500,0.0,0.993963782696177,0.16566063044936283,0.988,,0.33132126089872566,,,0.988,,0.993963782696177,0.0,,1.0,0.012,0.6402614047385748,False,warmup,0.0733014383582615,0.0,0,0,False,0.3402745331018427,0.0
2,1000,1500,500,0.0,0.9878542510121457,0.16464237516869096,0.976,,0.3292847503373819,,,0.976,,0.9878542510121457,0.0,,1.0,0.024,0.6250666871407272,False,warmup,0.08789129840538185,0.0,0,0,False,0.3402745331018427,0.0
3,1500,2000,500,0.0,0.9858012170385395,0.16430020283975658,0.972,,0.32860040567951315,,,0.972,,0.9858012170385395,0.0,,1.0,0.028,0.6261874416410805,False,warmup,0.06463965222428512,0.0,0,0,False,0.3402745331018427,0.0
4,2000,2500,500,0.0,0.9878542510121457,0.16464237516869096,0.976,,0.3292847503373819,,,0.976,,0.9878542510121457,0.0,,1.0,0.024,0.6385482282442626,False,warmup,0.09727371660543559,0.0,0,0,False,0.3402745331018427,0.0
5,2500,3000,500,0.0,0.9909182643794148,0.1651530440632358,0.982,,0.3303060881264716,,,0.982,,0.9909182643794148,0.0,,1.0,0.018,0.6300374274724465,False,warmup,0.07507629592616019,0.0,0,0,False,0.3402745331018427,0.0
6,3000,3500,500,0.0,0.9868287740628167,0.16447146234380278,0.974,,0.32894292468760555,,,0.974,,0.9868287740628167,0.0,,1.0,0.026,0.6311374172402778,False,warmup,0.03145328933875169,0.0,0,0,False,0.3402745331018427,0.0
7,3500,4000,500,0.0,0.982706002034588,0.16378433367243134,0.966,,0.3275686673448627,,,0.966,,0.982706002034588,0.0,,1.0,0.034,0.61318358825727,False,warmup,0.11237873753390777,0.0,0,0,False,0.3402745331018427,0.0
8,4000,4500,500,0.0,0.9909182643794148,0.1651530440632358,0.982,,0.3303060881264716,,,0.982,,0.9909182643794148,0.0,,1.0,0.018,0.6479920172424195,False,warmup,0.08120939178289432,0.0,0,0,False,0.3402745331018427,0.0
9,4500,5000,500,0.0,0.983739837398374,0.16395663956639567,0.968,,0.32791327913279134,,,0.968,,0.983739837398374,0.0,,1.0,0.032,0.6235478317998899,False,warmup,0.054799633635783565,0.0,0,0,False,0.3402745331018427,0.0
10,5000,5500,500,0.0,0.9929506545820745,0.1654917757636791,0.986,,0.3309835515273582,,,0.986,,0.9929506545820745,0.0,,1.0,0.014,0.6425032415296705,False,warmup,0.06711179928258162,0.0,0,0,False,0.3402745331018427,0.0
11,5500,6000,500,0.0,0.9929506545820745,0.1654917757636791,0.986,,0.49647532729103727,,,0.986,,0.9929506545820745,0.0,,1.0,0.014,0.6501985189332297,False,warmup,0.07324985303259605,0.0,0,0,False,0.3402745331018427,0.0
12,6000,6500,500,0.0,0.9959839357429718,0.16599732262382863,0.992,,0.33199464524765726,,,0.992,,0.9959839357429718,0.0,,1.0,0.008,0.6348264739505451,False,warmup,0.07065585160581096,0.0,0,0,False,0.3402745331018427,0.0
13,6500,7000,500,0.0,0.9888776541961577,0.16481294236602628,0.978,,0.32962588473205257,,,0.978,,0.9888776541961577,0.0,,1.0,0.022,0.6273069069842907,False,warmup,0.05523155781018159,0.0,0,0,False,0.3402745331018427,0.0
14,7000,7500,500,0.0,0.9858012170385395,0.16430020283975658,0.972,,0.49290060851926976,,,0.972,,0.9858012170385395,0.0,,1.0,0.028,0.6417138322146695,False,warmup,0.07916509625361046,0.0,0,0,False,0.3402745331018427,0.0
15,7500,8000,500,0.0,0.9888776541961577,0.16481294236602628,0.978,,0.32962588473205257,,,0.978,,0.9888776541961577,0.0,,1.0,0.022,0.6363467126969568,False,warmup,0.038881452463828736,0.0,0,0,False,0.3402745331018427,0.0
16,8000,8500,500,0.0,0.98989898989899,0.16498316498316498,0.98,,0.32996632996632996,,,0.98,,0.98989898989899,0.0,,1.0,0.02,0.6334078998154187,False,warmup,0.08050990137179521,0.0,0,0,False,0.3402745331018427,0.0
17,8500,9000,500,0.0,0.98989898989899,0.16498316498316498,0.98,,0.32996632996632996,,,0.98,,0.98989898989899,0.0,,1.0,0.02,0.6315309762471593,False,warmup,0.09982456458829171,0.0,0,0,False,0.3402745331018427,0.0
18,9000,9500,500,0.0,0.9888776541961577,0.16481294236602628,0.978,,0.32962588473205257,,,0.978,,0.9888776541961577,0.0,,1.0,0.022,0.6195557470473532,False,warmup,0.04919738141631905,0.0,0,0,False,0.3402745331018427,0.0
19,9500,10000,500,0.0,0.9888776541961577,0.16481294236602628,0.978,,0.32962588473205257,,,0.978,,0.9888776541961577,0.0,,1.0,0.022,0.6409796280470853,False,warmup,0.055173817135138296,0.0,0,0,False,0.3402745331018427,0.0
20,10000,10500,500,0.0,0.9979959919839679,0.16633266533066132,0.996,,0.49899799599198397,,,0.996,,0.9979959919839679,0.0,,1.0,0.004,0.6094918196351894,False,warmup,0.06481923593066342,0.0,0,0,False,0.3402745331018427,0.0
21,10500,11000,500,0.0,0.993963782696177,0.16566063044936283,0.988,,0.33132126089872566,,,0.988,,0.993963782696177,0.0,,1.0,0.012,0.58781675550475,False,warmup,0.07036686415247519,0.0,0,0,False,0.3402745331018427,0.0
22,11000,11500,500,0.0,0.9949748743718593,0.1658291457286432,0.99,,0.3316582914572864,,,0.99,,0.9949748743718593,0.0,,1.0,0.01,0.5704623530358548,False,warmup,0.06605718545863362,0.0,0,0,False,0.3402745331018427,0.0
23,11500,12000,500,0.0,0.9949748743718593,0.1658291457286432,0.99,,0.3316582914572864,,,0.99,,0.9949748743718593,0.0,,1.0,0.01,0.6362171957430508,False,warmup,0.07542650207939748,0.0,0,0,False,0.3402745331018427,0.0
24,12000,12500,500,0.0,0.998998998998999,0.16649983316649983,0.998,,0.4994994994994995,,,0.998,,0.998998998998999,0.0,,1.0,0.002,0.6592389569402513,False,warmup,0.04543360897913979,0.0,0,0,False,0.3402745331018427,0.0
25,12500,13000,500,0.0,0.9949748743718593,0.1658291457286432,0.99,,0.3316582914572864,,,0.99,,0.9949748743718593,0.0,,1.0,0.01,0.6573933051067982,False,warmup,0.13065586980782495,0.0,0,0,False,0.3402745331018427,0.0
26,13000,13500,500,0.0,0.9929506545820745,0.1654917757636791,0.986,,0.3309835515273582,,,0.986,,0.9929506545820745,0.0,,1.0,0.014,0.6452695041931055,False,warmup,0.05653573142746737,0.0,0,0,False,0.3402745331018427,0.0
27,13500,14000,500,0.0,0.9847715736040609,0.1641285956006768,0.97,,0.3282571912013536,,,0.97,,0.9847715736040609,0.0,,1.0,0.03,0.6332232132054526,False,warmup,0.06516945894242011,0.0,0,0,False,0.3402745331018427,0.0
28,14000,14500,500,0.0,0.9909182643794148,0.1651530440632358,0.982,,0.3303060881264716,,,0.982,,0.9909182643794148,0.0,,1.0,0.018,0.6371084256045051,False,warmup,0.05125963091102784,0.0,0,0,False,0.3402745331018427,0.0
29,14500,15000,500,0.0,0.9868287740628167,0.16447146234380278,0.974,,0.32894292468760555,,,0.974,,0.9868287740628167,0.0,,1.0,0.026,0.5898396456834445,False,warmup,0.06944801639205202,0.0,0,0,False,0.3402745331018427,0.0
30,15000,15500,500,0.0,0.9858012170385395,0.16430020283975658,0.972,,0.32860040567951315,,,0.972,,0.9858012170385395,0.0,,1.0,0.028,0.5602311003690651,False,none,0.09082477971088848,0.0,0,0,False,0.3402745331018427,0.0
31,15500,16000,500,0.0,0.9949748743718593,0.1658291457286432,0.99,,0.3316582914572864,,,0.99,,0.9949748743718593,0.0,,1.0,0.01,0.5862093311679097,False,none,0.07071663080159904,0.0,0,0,False,0.3402745331018427,0.0
32,16000,16500,500,0.0,0.9701338825952626,0.16168898043254376,0.942,,0.3233779608650875,,,0.942,,0.9701338825952626,0.0,,1.0,0.058,0.602335177690891,False,none,0.11075567443717971,0.0,0,0,False,0.3402745331018427,0.0
33,16500,17000,500,0.0,0.9743589743589743,0.1623931623931624,0.95,,0.3247863247863248,,,0.95,,0.9743589743589743,0.0,,1.0,0.05,0.6148628208463832,False,none,0.06233880729876174,0.0,0,0,False,0.3402745331018427,0.0
34,17000,17500,500,0.0,0.9722507708119219,0.16204179513532033,0.946,,0.32408359027064065,,,0.946,,0.9722507708119219,0.0,,1.0,0.054,0.5936605125940733,False,none,0.10045885199665916,0.0,0,0,False,0.3402745331018427,0.0
35,17500,18000,500,0.0,0.9979959919839679,0.16633266533066132,0.996,,0.49899799599198397,,,0.996,,0.9979959919839679,0.0,,1.0,0.004,0.6325231739378663,False,none,0.05883690556665811,0.0,0,0,False,0.3402745331018427,0.0
36,18000,18500,500,0.0,0.9806320081549439,0.163438668025824,0.962,,0.326877336051648,,,0.962,,0.9806320081549439,0.0,,1.0,0.038,0.600384748688969,False,none,0.09212524834703238,0.0,0,0,False,0.3402745331018427,0.0
37,18500,19000,500,0.0,0.9858012170385395,0.16430020283975658,0.972,,0.32860040567951315,,,0.972,,0.9858012170385395,0.0,,1.0,0.028,0.6320672347530772,False,none,0.04336413282695192,0.0,0,0,False,0.3402745331018427,0.0
38,19000,19500,500,0.0,0.998998998998999,0.16649983316649983,0.998,,0.4994994994994995,,,0.998,,0.998998998998999,0.0,,1.0,0.002,0.6356056336031589,False,none,0.05549497577179132,0.0,0,0,False,0.3402745331018427,0.0
39,19500,20000,500,0.0,0.9878542510121457,0.16464237516869096,0.976,,0.4939271255060729,,,0.976,,0.9878542510121457,0.0,,1.0,0.024,0.629204651257743,False,none,0.035820347655191306,0.0,0,0,False,0.3402745331018427,0.0
40,20000,20500,500,0.0,0.46363222387812547,0.46363222387812547,0.5715430622009569,0.40224117198473014,0.46363222387812547,,,0.896,,0.46363222387812547,0.0,,1.0,0.104,0.47913202801983923,False,persistence_pending,0.4413567682095654,0.0,0,0,False,0.3402745331018427,0.0
41,20500,21000,500,0.0,0.2638868008574849,0.2638868008574849,0.34155844155844156,0.4717563052864778,0.2638868008574849,,,0.92,,0.2638868008574849,0.0,,1.0,0.08,0.5645648344288562,True,persistent_mean_shift,0.12438906138242974,0.0,25,25,True,0.33855474734730584,0.0017197857545368511
42,21000,21500,500,0.0,0.39150713348247523,0.32625594456872936,0.3995344079236697,0.5192866686209965,0.32625594456872936,,,0.896,,0.39150713348247523,0.0,,1.0,0.104,0.5236351129267487,False,latched,0.2091589021328842,0.0,0,25,False,0.33855474734730584,0.0017197857545368511
43,21500,22000,500,0.0,0.35149000022155164,0.2929083335179597,0.5146966993755575,0.5039733610118553,0.2929083335179597,,,0.93,,0.35149000022155164,0.0,,1.0,0.07,0.5507397498357886,False,latched,0.11757109030839875,0.0,0,25,False,0.33855474734730584,0.0017197857545368511
44,22000,22500,500,0.0,0.9949748743718593,0.1658291457286432,0.99,,0.3316582914572864,,,0.99,,0.9949748743718593,0.0,,1.0,0.01,0.6129434484496115,False,latched,0.12890467712721018,0.0,0,25,False,0.33855474734730584,0.0017197857545368511
45,22500,23000,500,0.0,0.9795918367346939,0.16326530612244897,0.96,,0.24489795918367346,,,0.96,,0.9795918367346939,0.0,,1.0,0.04,0.6185212204681664,False,latched,0.0753572735423451,0.0,0,25,False,0.33855474734730584,0.0017197857545368511
46,23000,23500,500,0.0,0.9858012170385395,0.16430020283975658,0.972,,0.32860040567951315,,,0.972,,0.9858012170385395,0.0,,1.0,0.028,0.6302994447208312,False,latched,0.08119131997692898,0.0,0,25,False,0.33855474734730584,0.0017197857545368511
47,23500,24000,500,0.0,0.3264887063655031,0.16324435318275154,0.32186234817813764,0.12398312429133454,0.19589322381930185,,,0.954,,0.3264887063655031,0.0,,1.0,0.046,0.6142343028768381,False,latched,0.07846850866523475,0.0,0,25,False,0.33855474734730584,0.0017197857545368511
48,24000,24500,500,0.0,0.29296166796166795,0.29296166796166795,0.3148192892378939,0.5043452970240793,0.29296166796166795,,,0.938,,0.29296166796166795,0.0,,1.0,0.062,0.6043097933885012,False,latched,0.13350938829325,0.0,0,25,False,0.33855474734730584,0.0017197857545368511
49,24500,25000,500,0.0,0.3510945864951899,0.2925788220793249,0.4361945031712473,0.5046287550655196,0.2925788220793249,,,0.944,,0.3510945864951899,0.0,,1.0,0.056,0.602389137547314,False,latched,0.07669276353987815,0.0,0,25,False,0.33855474734730584,0.0017197857545368511
50,25000,25500,500,0.0,0.4022308188265636,0.3351923490221363,0.4953389830508474,0.46815535933345226,0.3351923490221363,,,0.938,,0.4022308188265636,0.0,,1.0,0.062,0.5993800935487068,False,latched,0.0987638807137154,0.0,0,25,False,0.33855474734730584,0.0017197857545368511
51,25500,26000,500,0.0,0.27410579616461966,0.27410579616461966,0.2884069830878342,0.4183967641276313,0.27410579616461966,,,0.928,,0.27410579616461966,0.0,,1.0,0.072,0.5981308818668205,False,latched,0.10197961996731778,0.0,0,25,False,0.33855474734730584,0.0017197857545368511
52,26000,26500,500,0.0,0.31641881150262613,0.2636823429188551,0.40974025974025974,0.43050690928765495,0.2636823429188551,,,0.908,,0.31641881150262613,0.0,,1.0,0.092,0.5737870458307438,False,latched,0.1805233541646582,0.0,0,25,False,0.33855474734730584,0.0017197857545368511
53,26500,27000,500,0.0,0.3482905982905983,0.23219373219373218,0.3998534115138593,0.3859880401793919,0.23219373219373218,,,0.924,,0.3482905982905983,0.0,,1.0,0.076,0.5595539505208019,False,latched,0.10653619990011473,0.0,0,25,False,0.33855474734730584,0.0017197857545368511
54,27000,27500,500,0.0,0.2378234626077594,0.2378234626077594,0.2409306195596518,0.41450144519584814,0.2378234626077594,,,0.904,,0.2378234626077594,0.0,,1.0,0.096,0.5510703984461508,False,latched,0.14277804116441642,0.0,0,25,False,0.33855474734730584,0.0017197857545368511
55,27500,28000,500,0.0,0.32140827765102536,0.32140827765102536,0.38256682888261834,0.52725905587621,0.32140827765102536,,,0.856,,0.32140827765102536,0.0,,1.0,0.144,0.5245534014392167,False,latched,0.2864046546303669,0.0,0,25,False,0.33855474734730584,0.0017197857545368511
56,28000,28500,500,0.0,0.2630929913967889,0.2192441594973241,0.3097815891732547,0.3347351983616808,0.2192441594973241,,,0.78,,0.2630929913967889,0.0,,1.0,0.22,0.4533344302917609,False,latched,0.30263783524288107,0.0,0,25,False,0.33855474734730584,0.0017197857545368511
57,28500,29000,500,0.0,0.25985483936055526,0.25985483936055526,0.37081339712918665,0.4207353627939849,0.25985483936055526,,,0.846,,0.25985483936055526,0.0,,1.0,0.154,0.5008842618848953,False,latched,0.2059522568289142,0.0,0,25,False,0.33855474734730584,0.0017197857545368511
58,29000,29500,500,0.0,0.38541646701039495,0.38541646701039495,0.4641183495651881,0.5333135921506482,0.38541646701039495,,,0.882,,0.38541646701039495,0.0,,1.0,0.118,0.5263658168681845,False,latched,0.21655733982053518,0.0,0,25,False,0.33855474734730584,0.0017197857545368511
59,29500,30000,500,0.0,0.29551110518490153,0.29551110518490153,0.36953215629686215,0.4591297831457559,0.29551110518490153,,,0.89,,0.29551110518490153,0.0,,1.0,0.11,0.5438385653712224,False,latched,0.16480994872739096,0.0,0,25,False,0.33855474734730584,0.0017197857545368511
60,30000,30500,500,0.0,0.22075661663445625,0.22075661663445625,0.29384208840486864,0.34679031894004403,0.22075661663445625,,,0.836,,0.22075661663445625,0.0,,1.0,0.164,0.49997508466033175,False,latched,0.2145406781545741,0.0,0,25,False,0.33855474734730584,0.0017197857545368511
61,30500,31000,500,0.0,0.31536525004266935,0.31536525004266935,0.33063236047107014,0.4467584611961867,0.31536525004266935,,,0.836,,0.31536525004266935,0.0,,1.0,0.164,0.4983446841161243,False,latched,0.2216227842533416,0.0,0,25,False,0.33855474734730584,0.0017197857545368511
62,31000,31500,500,0.0,0.22479753682445022,0.22479753682445022,0.4010493147332354,0.3230799842782587,0.22479753682445022,,,0.818,,0.22479753682445022,0.0,,1.0,0.182,0.4779234918509307,False,latched,0.21095474959316288,0.0,0,25,False,0.33855474734730584,0.0017197857545368511
63,31500,32000,500,0.0,0.24306732241514845,0.20255610201262372,0.5005474095796677,0.27611805127773503,0.20255610201262372,,,0.854,,0.24306732241514845,0.0,,1.0,0.146,0.5093880598082714,False,latched,0.17172972954469884,0.0,0,25,False,0.33855474734730584,0.0017197857545368511
64,32000,32500,500,0.0,0.3670070322222722,0.3058391935185602,0.5083630952380953,0.4267394653068631,0.3058391935185602,,,0.846,,0.3670070322222722,0.0,,1.0,0.154,0.5009678814307439,False,latched,0.24389658795034883,0.0,0,25,False,0.33855474734730584,0.0017197857545368511
65,32500,33000,500,0.0,0.28576979361154564,0.238141494676288,0.31086851043182917,0.4014613710122472,0.238141494676288,,,0.878,,0.28576979361154564,0.0,,1.0,0.122,0.5301468879673321,False,latched,0.15069430541507825,0.0,0,25,False,0.33855474734730584,0.0017197857545368511
66,33000,33500,500,0.0,0.40899082581370494,0.40899082581370494,0.42638862293467555,0.5999934723767194,0.40899082581370494,,,0.864,,0.40899082581370494,0.0,,1.0,0.136,0.5007860270020379,False,latched,0.3237605356774652,0.0,0,25,False,0.33855474734730584,0.0017197857545368511
67,33500,34000,500,0.0,0.4271414647730438,0.4271414647730438,0.494398307347997,0.5886607072555878,0.4271414647730438,,,0.89,,0.4271414647730438,0.0,,1.0,0.11,0.5357689527416024,False,latched,0.22258544574575861,0.0,0,25,False,0.33855474734730584,0.0017197857545368511
68,34000,34500,500,0.0,0.36227231481217387,0.36227231481217387,0.4136543748989164,0.5365103376066048,0.36227231481217387,,,0.908,,0.36227231481217387,0.0,,1.0,0.092,0.5612732133125247,False,latched,0.16804853714183585,0.0,0,25,False,0.33855474734730584,0.0017197857545368511
69,34500,35000,500,0.0,0.2713241050221357,0.2713241050221357,0.24631642512077292,0.44041861785457687,0.2713241050221357,,,0.908,,0.2713241050221357,0.0,,1.0,0.092,0.5770781906019284,False,latched,0.17614920453710523,0.0,0,25,False,0.33855474734730584,0.0017197857545368511
70,35000,35500,500,0.0,0.26512923351158646,0.26512923351158646,0.4249287749287749,0.44543308418545596,0.26512923351158646,,,0.93,,0.26512923351158646,0.0,,1.0,0.07,0.5888313812059979,False,latched,0.1333211559927645,0.0,0,25,False,0.33855474734730584,0.0017197857545368511
71,35500,36000,500,0.0,0.46033955857385395,0.38361629881154496,0.47456040480708406,0.481174314932712,0.38361629881154496,,,0.93,,0.46033955857385395,0.0,,1.0,0.07,0.5724261264791982,False,latched,0.14129832095287684,0.0,0,25,False,0.33855474734730584,0.0017197857545368511
72,36000,36500,500,0.0,0.3736561631972518,0.3113801359977098,0.4160401891252955,0.5246987235683461,0.3113801359977098,,,0.942,,0.3736561631972518,0.0,,1.0,0.058,0.591712884461396,False,latched,0.11369426745138474,0.0,0,25,False,0.33855474734730584,0.0017197857545368511
73,36500,37000,500,0.0,0.4225569702376125,0.35213080853134376,0.4165957446808511,0.5219579675296675,0.35213080853134376,,,0.948,,0.4225569702376125,0.0,,1.0,0.052,0.6058182940543678,False,latched,0.08251869154697013,0.0,0,25,False,0.33855474734730584,0.0017197857545368511
74,37000,37500,500,0.0,0.3570155637400499,0.3570155637400499,0.3966292134831461,0.5236520217673252,0.3570155637400499,,,0.898,,0.3570155637400499,0.0,,1.0,0.102,0.5745492141446316,False,latched,0.15609886722635305,0.0,0,25,False,0.33855474734730584,0.0017197857545368511
75,37500,38000,500,0.0,0.26284533354133055,0.26284533354133055,0.3042129550666136,0.4748264489997675,0.26284533354133055,,,0.89,,0.26284533354133055,0.0,,1.0,0.11,0.5322909593039485,False,latched,0.17398689904007195,0.0,0,25,False,0.33855474734730584,0.0017197857545368511
76,38000,38500,500,0.0,0.303109499043022,0.303109499043022,0.48643223807158237,0.5544621312586697,0.303109499043022,,,0.874,,0.303109499043022,0.0,,1.0,0.126,0.5114602201987924,False,latched,0.230127534750789,0.0,0,25,False,0.33855474734730584,0.0017197857545368511
77,38500,39000,500,0.0,0.41360265721647804,0.3446688810137317,0.4237373737373737,0.5149542595442919,0.3446688810137317,,,0.906,,0.41360265721647804,0.0,,1.0,0.094,0.5572090416497884,False,latched,0.22879772268235973,0.0,0,25,False,0.33855474734730584,0.0017197857545368511
78,39000,39500,500,0.0,0.3209998724118962,0.3209998724118962,0.3420918587585254,0.5363959723992292,0.3209998724118962,,,0.868,,0.3209998724118962,0.0,,1.0,0.132,0.508093563528837,False,latched,0.25742895707057856,0.0,0,25,False,0.33855474734730584,0.0017197857545368511
79,39500,40000,500,0.0,0.26014157014157013,0.26014157014157013,0.2998702686202686,0.4296619249583713,0.26014157014157013,,,0.878,,0.26014157014157013,0.0,,1.0,0.122,0.5358959368835219,False,latched,0.15753180148607396,0.0,0,25,False,0.33855474734730584,0.0017197857545368511
80,40000,40500,500,0.0,0.28866002214839426,0.28866002214839426,0.3674811573061026,0.5370254341068125,0.28866002214839426,,,0.914,,0.28866002214839426,0.0,,1.0,0.086,0.5348312188165908,False,latched,0.15295452050677502,0.0,0,25,False,0.33855474734730584,0.0017197857545368511
81,40500,41000,500,0.0,0.4256484348125215,0.4256484348125215,0.5246331236897275,0.5289252328048835,0.4256484348125215,,,0.954,,0.4256484348125215,0.0,,1.0,0.046,0.5838871730546837,False,latched,0.11175270741000931,0.0,0,25,False,0.33855474734730584,0.0017197857545368511
82,41000,41500,500,0.0,0.34287222808870116,0.22858148539246745,0.39008350730688934,0.2822207661156883,0.22858148539246745,,,0.926,,0.34287222808870116,0.0,,1.0,0.074,0.5452433496892243,False,latched,0.09064599165964148,0.0,0,25,False,0.33855474734730584,0.0017197857545368511
83,41500,42000,500,0.0,0.29101997896950577,0.24251664914125481,0.36483453784709013,0.4580554594411552,0.24251664914125481,,,0.948,,0.29101997896950577,0.0,,1.0,0.052,0.584807398443028,False,latched,0.08037453991381176,0.0,0,25,False,0.33855474734730584,0.0017197857545368511
84,42000,42500,500,0.0,0.40259049390868834,0.40259049390868834,0.44573419573419576,0.42239822511955444,0.40259049390868834,,,0.932,,0.40259049390868834,0.0,,1.0,0.068,0.59455589936015,False,latched,0.0823424181931934,0.0,0,25,False,0.33855474734730584,0.0017197857545368511
85,42500,43000,500,0.0,0.2866012388047208,0.2866012388047208,0.3497496423462088,0.35478520891248577,0.2866012388047208,,,0.9,,0.2866012388047208,0.0,,1.0,0.1,0.5668037150805748,False,latched,0.09868976489762896,0.0,0,25,False,0.33855474734730584,0.0017197857545368511
86,43000,43500,500,0.0,0.40603772135634886,0.40603772135634886,0.4544641560327835,0.4638822222599645,0.40603772135634886,,,0.916,,0.40603772135634886,0.0,,1.0,0.084,0.5731375396177074,False,latched,0.18303076946630434,0.0,0,25,False,0.33855474734730584,0.0017197857545368511
87,43500,44000,500,0.0,0.4482141709042405,0.37351180908686704,0.4881116429441155,0.49655443916691056,0.37351180908686704,,,0.92,,0.4482141709042405,0.0,,1.0,0.08,0.5796815055730418,False,latched,0.11946852145643906,0.0,0,25,False,0.33855474734730584,0.0017197857545368511
88,44000,44500,500,0.0,0.45264207828387776,0.3772017319032315,0.47480519480519484,0.571898617699217,0.3772017319032315,,,0.936,,0.45264207828387776,0.0,,1.0,0.064,0.5815072420335861,False,latched,0.12265776036737416,0.0,0,25,False,0.33855474734730584,0.0017197857545368511
89,44500,45000,500,0.0,0.3157913106938594,0.3157913106938594,0.3668982957201751,0.5185392842598416,0.3157913106938594,,,0.87,,0.3157913106938594,0.0,,1.0,0.13,0.5489983516310738,False,latched,0.2754178833642717,0.0,0,25,False,0.33855474734730584,0.0017197857545368511
90,45000,45500,500,0.0,0.19707434052757797,0.19707434052757797,0.2995433789954338,0.3727133257281526,0.19707434052757797,,,0.804,,0.19707434052757797,0.0,,1.0,0.196,0.46254127088869024,False,latched,0.2772046723561814,0.0,0,25,False,0.33855474734730584,0.0017197857545368511
91,45500,46000,500,0.0,0.26230582697952765,0.26230582697952765,0.3545997317368404,0.43170120047755284,0.26230582697952765,,,0.842,,0.26230582697952765,0.0,,1.0,0.158,0.49906444703629793,False,latched,0.22861931488960735,0.0,0,25,False,0.33855474734730584,0.0017197857545368511
92,46000,46500,500,0.0,0.270714670723927,0.270714670723927,0.3550324675324675,0.4309233404703114,0.270714670723927,,,0.892,,0.270714670723927,0.0,,1.0,0.108,0.5442020786951595,False,latched,0.1446905644510888,0.0,0,25,False,0.33855474734730584,0.0017197857545368511
93,46500,47000,500,0.0,0.22327801752499196,0.22327801752499196,0.21602934102934102,0.38104692839708604,0.22327801752499196,,,0.872,,0.22327801752499196,0.0,,1.0,0.128,0.5561489037743934,False,latched,0.1484887837211612,0.0,0,25,False,0.33855474734730584,0.0017197857545368511
94,47000,47500,500,0.0,0.2811174595456142,0.2811174595456142,0.36054482594182163,0.43680551018911057,0.2811174595456142,,,0.906,,0.2811174595456142,0.0,,1.0,0.094,0.5614691864853939,False,latched,0.13389722772029022,0.0,0,25,False,0.33855474734730584,0.0017197857545368511
95,47500,48000,500,0.0,0.43099606555380676,0.43099606555380676,0.4802726390299958,0.563711542974989,0.43099606555380676,,,0.876,,0.43099606555380676,0.0,,1.0,0.124,0.527336182780913,False,latched,0.23661735844925008,0.0,0,25,False,0.33855474734730584,0.0017197857545368511
96,48000,48500,500,0.0,0.36222131672884855,0.30185109727404047,0.5441164076249969,0.42288352766138143,0.30185109727404047,,,0.846,,0.36222131672884855,0.0,,1.0,0.154,0.49612470693013905,False,latched,0.23788701250975047,0.0,0,25,False,0.33855474734730584,0.0017197857545368511
97,48500,49000,500,0.0,0.24301945793615637,0.20251621494679697,0.4804772234273319,0.3380395922829063,0.20251621494679697,,,0.842,,0.24301945793615637,0.0,,1.0,0.158,0.511409045050986,False,latched,0.21680607760338838,0.0,0,25,False,0.33855474734730584,0.0017197857545368511
98,49000,49500,500,0.0,0.390875686823769,0.390875686823769,0.4942002442002443,0.4485143272141431,0.390875686823769,,,0.9,,0.390875686823769,0.0,,1.0,0.1,0.5549109313074813,False,latched,0.14870239833832713,0.0,0,25,False,0.33855474734730584,0.0017197857545368511
99,49500,50000,500,0.0,0.3472481130192076,0.3472481130192076,0.3544507241257506,0.5231755499175663,0.3472481130192076,,,0.89,,0.3472481130192076,0.0,,1.0,0.11,0.5404049383735581,False,latched,0.18217213059390008,0.0,0,25,False,0.33855474734730584,0.0017197857545368511
100,50000,50500,500,0.0,0.31306618003258907,0.31306618003258907,0.3457064177652413,0.5046603503254129,0.31306618003258907,,,0.856,,0.31306618003258907,0.0,,1.0,0.144,0.5163471598132318,False,latched,0.25322349388218307,0.0,0,25,False,0.33855474734730584,0.0017197857545368511
101,50500,51000,500,0.0,0.38390169992609013,0.3199180832717418,0.4396248665771442,0.48139396590782696,0.3199180832717418,,,0.902,,0.38390169992609013,0.0,,1.0,0.098,0.5497351415975053,False,latched,0.18875517781910936,0.0,0,25,False,0.33855474734730584,0.0017197857545368511
102,51000,51500,500,0.0,0.3486335403726708,0.290527950310559,0.3986375488917862,0.4882495937720764,0.290527950310559,,,0.918,,0.3486335403726708,0.0,,1.0,0.082,0.5696908683801923,False,latched,0.10616832432731199,0.0,0,25,False,0.33855474734730584,0.0017197857545368511
103,51500,52000,500,0.0,0.2642024661675047,0.2642024661675047,0.3116190679170219,0.35653983750916013,0.2642024661675047,,,0.868,,0.2642024661675047,0.0,,1.0,0.132,0.5302004337539207,False,latched,0.1810425077941429,0.0,0,25,False,0.33855474734730584,0.0017197857545368511
104,52000,52500,500,0.0,0.28069496540448186,0.28069496540448186,0.3639328063241107,0.36844051052408644,0.28069496540448186,,,0.86,,0.28069496540448186,0.0,,1.0,0.14,0.5108438347178922,False,latched,0.19211923311961146,0.0,0,25,False,0.33855474734730584,0.0017197857545368511
105,52500,53000,500,0.0,0.25618867979704935,0.25618867979704935,0.40545914678235717,0.36947814329401396,0.25618867979704935,,,0.87,,0.25618867979704935,0.0,,1.0,0.13,0.5274329694307701,False,latched,0.15545842390460765,0.0,0,25,False,0.33855474734730584,0.0017197857545368511
106,53000,53500,500,0.0,0.22593561703119275,0.1882796808593273,0.3100883310088331,0.29633596545280366,0.22593561703119275,,,0.902,,0.22593561703119275,0.0,,1.0,0.098,0.5639478093888498,False,latched,0.12050418021863588,0.0,0,25,False,0.33855474734730584,0.0017197857545368511
107,53500,54000,500,0.0,0.2915072043663618,0.2915072043663618,0.4069264069264069,0.4370069050425798,0.2915072043663618,,,0.908,,0.2915072043663618,0.0,,1.0,0.092,0.5611141574157195,False,latched,0.1353390002450972,0.0,0,25,False,0.33855474734730584,0.0017197857545368511
108,54000,54500,500,0.0,0.34785069003959557,0.2898755750329963,0.44323725055432367,0.5156925539582701,0.2898755750329963,,,0.904,,0.34785069003959557,0.0,,1.0,0.096,0.5622336063874055,False,latched,0.16136073579340904,0.0,0,25,False,0.33855474734730584,0.0017197857545368511
109,54500,55000,500,0.0,0.3219088674883556,0.3219088674883556,0.36322438700392984,0.5167574221342573,0.3219088674883556,,,0.886,,0.3219088674883556,0.0,,1.0,0.114,0.525940061764272,False,latched,0.19121832559815358,0.0,0,25,False,0.33855474734730584,0.0017197857545368511
110,55000,55500,500,0.0,0.30806534508076355,0.30806534508076355,0.38493302831377224,0.5580119327819778,0.30806534508076355,,,0.922,,0.30806534508076355,0.0,,1.0,0.078,0.5697094815864987,False,latched,0.15450917263780964,0.0,0,25,False,0.33855474734730584,0.0017197857545368511
111,55500,56000,500,0.0,0.27983005033953473,0.27983005033953473,0.29765661524076675,0.506162955095775,0.27983005033953473,,,0.872,,0.27983005033953473,0.0,,1.0,0.128,0.5332934553223612,False,latched,0.22371805643618184,0.0,0,25,False,0.33855474734730584,0.0017197857545368511
112,56000,56500,500,0.0,0.27765258215962446,0.27765258215962446,0.2781537337801839,0.5114537021720339,0.27765258215962446,,,0.866,,0.27765258215962446,0.0,,1.0,0.134,0.5073679634171194,False,latched,0.2397780408302863,0.0,0,25,False,0.33855474734730584,0.0017197857545368511
113,56500,57000,500,0.0,0.508901029843785,0.4240841915364875,0.633858858858859,0.6202938134105185,0.4240841915364875,,,0.916,,0.508901029843785,0.0,,1.0,0.084,0.5523998758819851,False,latched,0.1844474416045148,0.0,0,25,False,0.33855474734730584,0.0017197857545368511
114,57000,57500,500,0.0,0.3524281682799033,0.3524281682799033,0.4274109014675052,0.4755622733444117,0.3524281682799033,,,0.95,,0.3524281682799033,0.0,,1.0,0.05,0.6066739302331607,False,latched,0.12778028530666632,0.0,0,25,False,0.33855474734730584,0.0017197857545368511
115,57500,58000,500,0.0,0.24044865054328776,0.2003738754527398,0.2620545073375262,0.3092024445398699,0.2003738754527398,,,0.934,,0.24044865054328776,0.0,,1.0,0.066,0.5960250161401548,False,latched,0.11001186757927076,0.0,0,25,False,0.33855474734730584,0.0017197857545368511
116,58000,58500,500,0.0,0.5057312252964427,0.2528656126482213,0.629165118295553,0.43392742947819396,0.2528656126482213,,,0.912,,0.5057312252964427,0.0,,1.0,0.088,0.5623436455012354,False,latched,0.1260132973520549,0.0,0,25,False,0.33855474734730584,0.0017197857545368511
117,58500,59000,500,0.0,0.3403003003003003,0.3403003003003003,0.36231962481962476,0.46891608521238426,0.3403003003003003,,,0.924,,0.3403003003003003,0.0,,1.0,0.076,0.5563065860371491,False,latched,0.11389412463386166,0.0,0,25,False,0.33855474734730584,0.0017197857545368511
118,59000,59500,500,0.0,0.5288847117794486,0.35258980785296573,0.5213537949083987,0.41485350711571106,0.35258980785296573,,,0.922,,0.5288847117794486,0.0,,1.0,0.078,0.5737615058363871,False,latched,0.15233620965362413,0.0,0,25,False,0.33855474734730584,0.0017197857545368511
119,59500,60000,500,0.0,0.42462982394776727,0.3538581866231394,0.5554692317178443,0.47513706274527573,0.42462982394776727,,,0.952,,0.42462982394776727,0.0,,1.0,0.048,0.6127766876594144,False,latched,0.0927936081582951,0.0,0,25,False,0.33855474734730584,0.0017197857545368511
120,60000,60500,500,0.0,0.29507846149212374,0.29507846149212374,0.4256931012250162,0.4563635943309934,0.29507846149212374,,,0.926,,0.29507846149212374,0.0,,1.0,0.074,0.5931624065908063,False,latched,0.150364854697238,0.0,0,25,False,0.33855474734730584,0.0017197857545368511
121,60500,61000,500,0.0,0.33872431239446005,0.33872431239446005,0.42329776704776706,0.5421393988793086,0.33872431239446005,,,0.868,,0.33872431239446005,0.0,,1.0,0.132,0.5331550545212602,False,latched,0.32727713831728245,0.0,0,25,False,0.33855474734730584,0.0017197857545368511
122,61000,61500,500,0.0,0.27207168679205496,0.27207168679205496,0.32721766001582514,0.4126088018996091,0.27207168679205496,,,0.816,,0.27207168679205496,0.0,,1.0,0.184,0.4796440716028811,False,latched,0.2841462224302429,0.0,0,25,False,0.33855474734730584,0.0017197857545368511
123,61500,62000,500,0.0,0.2585978835978836,0.2585978835978836,0.314451566951567,0.4137178276028137,0.2585978835978836,,,0.848,,0.2585978835978836,0.0,,1.0,0.152,0.49582996545229513,False,latched,0.18768030956995155,0.0,0,25,False,0.33855474734730584,0.0017197857545368511
124,62000,62500,500,0.0,0.23287022207986333,0.23287022207986333,0.3723196881091618,0.44148604490266863,0.23287022207986333,,,0.884,,0.23287022207986333,0.0,,1.0,0.116,0.5255043698746191,False,latched,0.16010745097984866,0.0,0,25,False,0.33855474734730584,0.0017197857545368511
125,62500,63000,500,0.0,0.31132480896542664,0.31132480896542664,0.34994870379804155,0.46625354615908965,0.31132480896542664,,,0.876,,0.31132480896542664,0.0,,1.0,0.124,0.5289416161784642,False,latched,0.19768652927004204,0.0,0,25,False,0.33855474734730584,0.0017197857545368511
126,63000,63500,500,0.0,0.3927073578962904,0.327256131580242,0.4697414117520564,0.48971605292138587,0.327256131580242,,,0.868,,0.3927073578962904,0.0,,1.0,0.132,0.5167778848728728,False,latched,0.20489754633291982,0.0,0,25,False,0.33855474734730584,0.0017197857545368511
127,63500,64000,500,0.0,0.30511578753460056,0.2542631562788338,0.3420827727842877,0.3556379262886876,0.2542631562788338,,,0.804,,0.30511578753460056,0.0,,1.0,0.196,0.46728907960339683,False,latched,0.2360612479672486,0.0,0,25,False,0.33855474734730584,0.0017197857545368511
128,64000,64500,500,0.0,0.3622261160757743,0.3622261160757743,0.45881487252737735,0.5152199239725765,0.3622261160757743,,,0.886,,0.3622261160757743,0.0,,1.0,0.114,0.5419538657477403,False,latched,0.170072658879364,0.0,0,25,False,0.33855474734730584,0.0017197857545368511
129,64500,65000,500,0.0,0.216972408650261,0.216972408650261,0.34721951852572835,0.2811299017024794,0.216972408650261,,,0.85,,0.216972408650261,0.0,,1.0,0.15,0.5219787291736211,False,latched,0.18931028220597795,0.0,0,25,False,0.33855474734730584,0.0017197857545368511
130,65000,65500,500,0.0,0.3588597285067873,0.2990497737556561,0.528494623655914,0.3690228709042334,0.2990497737556561,,,0.854,,0.3588597285067873,0.0,,1.0,0.146,0.5161229527745504,False,latched,0.16968166183644343,0.0,0,25,False,0.33855474734730584,0.0017197857545368511
131,65500,66000,500,0.0,0.29708085838644455,0.29708085838644455,0.3531573873222464,0.42999866139899556,0.29708085838644455,,,0.898,,0.29708085838644455,0.0,,1.0,0.102,0.5449419001721385,False,latched,0.12758467435606563,0.0,0,25,False,0.33855474734730584,0.0017197857545368511
132,66000,66500,500,0.0,0.2706777360657834,0.2706777360657834,0.29249591028455807,0.49267419377849125,0.2706777360657834,,,0.876,,0.2706777360657834,0.0,,1.0,0.124,0.5273934286277256,False,latched,0.15215555883746318,0.0,0,25,False,0.33855474734730584,0.0017197857545368511
133,66500,67000,500,0.0,0.3522223160898501,0.3522223160898501,0.34278763242177873,0.546315666842392,0.3522223160898501,,,0.906,,0.3522223160898501,0.0,,1.0,0.094,0.5699212579155679,False,latched,0.19276984899726393,0.0,0,25,False,0.33855474734730584,0.0017197857545368511
134,67000,67500,500,0.0,0.4803895126694223,0.40032459389118524,0.5312777777777777,0.61997718434903,0.40032459389118524,,,0.918,,0.4803895126694223,0.0,,1.0,0.082,0.5680104305169228,False,latched,0.18178785136706,0.0,0,25,False,0.33855474734730584,0.0017197857545368511
135,67500,68000,500,0.0,0.3335659373151981,0.27797161442933177,0.39117431588019824,0.3930879293303551,0.27797161442933177,,,0.872,,0.3335659373151981,0.0,,1.0,0.128,0.5230675807032359,False,latched,0.17054869472724968,0.0,0,25,False,0.33855474734730584,0.0017197857545368511
136,68000,68500,500,0.0,0.4108300264550265,0.4108300264550265,0.38802112492068824,0.5352144430002739,0.4108300264550265,,,0.906,,0.4108300264550265,0.0,,1.0,0.094,0.5453361680161299,False,latched,0.20619567128617838,0.0,0,25,False,0.33855474734730584,0.0017197857545368511
137,68500,69000,500,0.0,0.278428545683907,0.278428545683907,0.2953663270257157,0.4122332265135962,0.278428545683907,,,0.882,,0.278428545683907,0.0,,1.0,0.118,0.507464967178409,False,latched,0.1772691301700002,0.0,0,25,False,0.33855474734730584,0.0017197857545368511
138,69000,69500,500,0.0,0.31440386294755224,0.31440386294755224,0.3329237071172555,0.4579293188543988,0.31440386294755224,,,0.924,,0.31440386294755224,0.0,,1.0,0.076,0.5530785941033364,False,latched,0.11067620943192837,0.0,0,25,False,0.33855474734730584,0.0017197857545368511
139,69500,70000,500,0.0,0.31573776985541685,0.2631148082128474,0.36938008912531206,0.493193700398352,0.2631148082128474,,,0.936,,0.31573776985541685,0.0,,1.0,0.064,0.5772624860645834,False,latched,0.11321720613640295,0.0,0,25,False,0.33855474734730584,0.0017197857545368511
140,70000,70500,500,0.0,0.24932919602224293,0.24932919602224293,0.2556227942608877,0.44594188186632727,0.24932919602224293,,,0.91,,0.24932919602224293,0.0,,1.0,0.09,0.5753957776613263,False,latched,0.1690576864469952,0.0,0,25,False,0.33855474734730584,0.0017197857545368511
141,70500,71000,500,0.0,0.301500256016385,0.301500256016385,0.30334805003679177,0.5368414364524405,0.301500256016385,,,0.912,,0.301500256016385,0.0,,1.0,0.088,0.5816273990474903,False,latched,0.16230251789082092,0.0,0,25,False,0.33855474734730584,0.0017197857545368511
142,71000,71500,500,0.0,0.3006983067605982,0.3006983067605982,0.34259154752947074,0.5032518185490649,0.3006983067605982,,,0.878,,0.3006983067605982,0.0,,1.0,0.122,0.5294034449722504,False,latched,0.17988649611604673,0.0,0,25,False,0.33855474734730584,0.0017197857545368511
143,71500,72000,500,0.0,0.36956887005002487,0.30797405837502073,0.3939393939393939,0.48333808214566937,0.30797405837502073,,,0.902,,0.36956887005002487,0.0,,1.0,0.098,0.5772684588760674,False,latched,0.1333046556913431,0.0,0,25,False,0.33855474734730584,0.0017197857545368511
144,72000,72500,500,0.0,0.25845407237864915,0.25845407237864915,0.3718025579536371,0.5041945051977937,0.25845407237864915,,,0.84,,0.25845407237864915,0.0,,1.0,0.16,0.5139825977275086,False,latched,0.28512439782855564,0.0,0,25,False,0.33855474734730584,0.0017197857545368511
145,72500,73000,500,0.0,0.4313080964979699,0.4313080964979699,0.49866946778711485,0.6253115292873439,0.4313080964979699,,,0.908,,0.4313080964979699,0.0,,1.0,0.092,0.5634837617321052,False,latched,0.21820952695035054,0.0,0,25,False,0.33855474734730584,0.0017197857545368511
146,73000,73500,500,0.0,0.3602913893930228,0.24019425959534854,0.43426080211445645,0.42594043391379194,0.24019425959534854,,,0.89,,0.3602913893930228,0.0,,1.0,0.11,0.5419049303342309,False,latched,0.16033284039435167,0.0,0,25,False,0.33855474734730584,0.0017197857545368511
147,73500,74000,500,0.0,0.436344537815126,0.3636204481792717,0.4520833333333334,0.5153991301378728,0.3636204481792717,,,0.954,,0.436344537815126,0.0,,1.0,0.046,0.5999260347494247,False,latched,0.09682985846534803,0.0,0,25,False,0.33855474734730584,0.0017197857545368511
148,74000,74500,500,0.0,0.42345621360290076,0.28230414240193386,0.5275889121338913,0.4163407131331747,0.3387649708823206,,,0.952,,0.42345621360290076,0.0,,1.0,0.048,0.5898326828898028,False,latched,0.07283887248246873,0.0,0,25,False,0.33855474734730584,0.0017197857545368511
149,74500,75000,500,0.0,0.3090069534984789,0.25750579458206574,0.37869198312236285,0.42925013211450996,0.3090069534984789,,,0.938,,0.3090069534984789,0.0,,1.0,0.062,0.6007514417076987,False,latched,0.08777856043567563,0.0,0,25,False,0.33855474734730584,0.0017197857545368511
150,75000,75500,500,0.0,0.3447199085415646,0.2872665904513038,0.340225035161744,0.5045843121598077,0.2872665904513038,,,0.944,,0.3447199085415646,0.0,,1.0,0.056,0.6040510750473556,False,latched,0.09573440041202506,0.0,0,25,False,0.33855474734730584,0.0017197857545368511
151,75500,76000,500,0.0,0.39108549295882034,0.39108549295882034,0.4771790147826469,0.5174306099488549,0.39108549295882034,,,0.894,,0.39108549295882034,0.0,,1.0,0.106,0.5583182003251149,False,latched,0.27107667889669884,0.0,0,25,False,0.33855474734730584,0.0017197857545368511
152,76000,76500,500,0.0,0.4516109469390767,0.3763424557825639,0.45890804597701146,0.44278048263331343,0.3763424557825639,,,0.918,,0.4516109469390767,0.0,,1.0,0.082,0.5645361440287099,False,latched,0.10492589514249903,0.0,0,25,False,0.33855474734730584,0.0017197857545368511
153,76500,77000,500,0.0,0.4481964337912891,0.3734970281594076,0.44632478632478634,0.6272931124115032,0.3734970281594076,,,0.952,,0.4481964337912891,0.0,,1.0,0.048,0.6021477180951724,False,latched,0.12658299142463517,0.0,0,25,False,0.33855474734730584,0.0017197857545368511
154,77000,77500,500,0.0,0.38324455890521636,0.31937046575434697,0.38606334841628953,0.4986543830021299,0.31937046575434697,,,0.87,,0.38324455890521636,0.0,,1.0,0.13,0.5290963664584668,False,latched,0.2520848948702206,0.0,0,25,False,0.33855474734730584,0.0017197857545368511
155,77500,78000,500,0.0,0.18290840638960748,0.18290840638960748,0.20312742812742812,0.34799871967262336,0.18290840638960748,,,0.78,,0.18290840638960748,0.0,,1.0,0.22,0.4300722635627609,False,latched,0.3063922978031759,0.0,0,25,False,0.33855474734730584,0.0017197857545368511
156,78000,78500,500,0.0,0.23332502662596377,0.23332502662596377,0.26677877428998503,0.42530077601302513,0.23332502662596377,,,0.86,,0.23332502662596377,0.0,,1.0,0.14,0.5103999615213337,False,latched,0.23147630902396302,0.0,0,25,False,0.33855474734730584,0.0017197857545368511
157,78500,79000,500,0.0,0.31806686224177966,0.31806686224177966,0.35176582279586577,0.49658026284301665,0.31806686224177966,,,0.91,,0.31806686224177966,0.0,,1.0,0.09,0.5591103284052763,False,latched,0.14301998064796612,0.0,0,25,False,0.33855474734730584,0.0017197857545368511
158,79000,79500,500,0.0,0.3810300323458218,0.3810300323458218,0.5714724680432645,0.4499658209825116,0.3810300323458218,,,0.844,,0.3810300323458218,0.0,,1.0,0.156,0.4942773237788641,False,latched,0.2360018799361979,0.0,0,25,False,0.33855474734730584,0.0017197857545368511
159,79500,80000,500,0.0,0.37867470984182383,0.3155622582015199,0.4392223264214512,0.49447166006449833,0.3155622582015199,,,0.898,,0.37867470984182383,0.0,,1.0,0.102,0.5266737821642492,False,latched,0.17854238744600784,0.0,0,25,False,0.33855474734730584,0.0017197857545368511
160,80000,80500,500,0.0,0.30915753892078585,0.30915753892078585,0.31002371596411843,0.44766309627193945,0.30915753892078585,,,0.884,,0.30915753892078585,0.0,,1.0,0.116,0.5171663461706281,False,latched,0.14872697261397308,0.0,0,25,False,0.33855474734730584,0.0017197857545368511
161,80500,81000,500,0.0,0.39208227188766626,0.3267352265730552,0.5704331450094162,0.43910373465447183,0.39208227188766626,,,0.896,,0.39208227188766626,0.0,,1.0,0.104,0.5236086562070998,False,latched,0.17143598985246974,0.0,0,25,False,0.33855474734730584,0.0017197857545368511
162,81000,81500,500,0.0,0.30601384212495325,0.30601384212495325,0.45177308892211704,0.3961290289401468,0.30601384212495325,,,0.87,,0.30601384212495325,0.0,,1.0,0.13,0.5006038154059526,False,latched,0.19692165504238895,0.0,0,25,False,0.33855474734730584,0.0017197857545368511
163,81500,82000,500,0.0,0.20589135093125968,0.20589135093125968,0.4481599433828733,0.24880964987121254,0.20589135093125968,,,0.814,,0.20589135093125968,0.0,,1.0,0.186,0.4740672033107321,False,latched,0.16926641518946503,0.0,0,25,False,0.33855474734730584,0.0017197857545368511
164,82000,82500,500,0.0,0.2875569260008619,0.2875569260008619,0.4015275302040007,0.39524048416563634,0.2875569260008619,,,0.868,,0.2875569260008619,0.0,,1.0,0.132,0.506492181816608,False,latched,0.17060777928915818,0.0,0,25,False,0.33855474734730584,0.0017197857545368511
165,82500,83000,500,0.0,0.38337066069428893,0.3194755505785741,0.4494022770398482,0.4706657162740278,0.3194755505785741,,,0.886,,0.38337066069428893,0.0,,1.0,0.114,0.5449612731553211,False,latched,0.1434747414856997,0.0,0,25,False,0.33855474734730584,0.0017197857545368511
166,83000,83500,500,0.0,0.31234185780999313,0.31234185780999313,0.3313807502702631,0.5281466458578138,0.31234185780999313,,,0.85,,0.31234185780999313,0.0,,1.0,0.15,0.5003638780413031,False,latched,0.26384029253008867,0.0,0,25,False,0.33855474734730584,0.0017197857545368511
167,83500,84000,500,0.0,0.3420106037753097,0.3420106037753097,0.45604355148091646,0.4271401184395283,0.3420106037753097,,,0.868,,0.3420106037753097,0.0,,1.0,0.132,0.5380492011359391,False,latched,0.15112715519960981,0.0,0,25,False,0.33855474734730584,0.0017197857545368511
168,84000,84500,500,0.0,0.48444677941029723,0.40370564950858107,0.6537492986196834,0.5458910693966877,0.40370564950858107,,,0.918,,0.48444677941029723,0.0,,1.0,0.082,0.5904187374766678,False,latched,0.1783869852445505,0.0,0,25,False,0.33855474734730584,0.0017197857545368511
169,84500,85000,500,0.0,0.3542811811295861,0.3542811811295861,0.3866315726861766,0.5054124992862022,0.3542811811295861,,,0.922,,0.3542811811295861,0.0,,1.0,0.078,0.5678873635546693,False,latched,0.15242719209657027,0.0,0,25,False,0.33855474734730584,0.0017197857545368511
170,85000,85500,500,0.0,0.27286283891547053,0.27286283891547053,0.4490740740740741,0.410892985191042,0.27286283891547053,,,0.898,,0.27286283891547053,0.0,,1.0,0.102,0.5456959181974862,False,latched,0.14873768867477982,0.0,0,25,False,0.33855474734730584,0.0017197857545368511
171,85500,86000,500,0.0,0.4033983337495176,0.336165278124598,0.5256601021152443,0.43306649515141166,0.336165278124598,,,0.852,,0.4033983337495176,0.0,,1.0,0.148,0.5234786177628074,False,latched,0.2279987422477872,0.0,0,25,False,0.33855474734730584,0.0017197857545368511
172,86000,86500,500,0.0,0.23999472498216587,0.23999472498216587,0.3128136200716846,0.3693261780276504,0.23999472498216587,,,0.878,,0.23999472498216587,0.0,,1.0,0.122,0.5240145025620428,False,latched,0.16590293449772997,0.0,0,25,False,0.33855474734730584,0.0017197857545368511
173,86500,87000,500,0.0,0.25552071668533033,0.21293393057110863,0.27057846848641826,0.322111114905537,0.21293393057110863,,,0.92,,0.25552071668533033,0.0,,1.0,0.08,0.5771094493467007,False,latched,0.12067363091676536,0.0,0,25,False,0.33855474734730584,0.0017197857545368511
174,87000,87500,500,0.0,0.4388285950021212,0.365690495835101,0.4593598233995585,0.593191222628619,0.365690495835101,,,0.922,,0.4388285950021212,0.0,,1.0,0.078,0.5727341886247896,False,latched,0.14476351667286252,0.0,0,25,False,0.33855474734730584,0.0017197857545368511
175,87500,88000,500,0.0,0.30797132922749004,0.30797132922749004,0.7331154684095861,0.4493271204514149,0.30797132922749004,,,0.89,,0.30797132922749004,0.0,,1.0,0.11,0.5400844309157132,False,latched,0.1482259660955161,0.0,0,25,False,0.33855474734730584,0.0017197857545368511
176,88000,88500,500,0.0,0.4463501611170784,0.37195846759756535,0.5278248587570621,0.5453071375314543,0.37195846759756535,,,0.938,,0.4463501611170784,0.0,,1.0,0.062,0.6043590430619987,False,latched,0.13401177279655085,0.0,0,25,False,0.33855474734730584,0.0017197857545368511
177,88500,89000,500,0.0,0.2414434523809524,0.2414434523809524,0.24440633676302467,0.3303508801213986,0.2414434523809524,,,0.86,,0.2414434523809524,0.0,,1.0,0.14,0.5467297686657601,False,latched,0.1959816802936499,0.0,0,25,False,0.33855474734730584,0.0017197857545368511
178,89000,89500,500,0.0,0.4294571704888826,0.35788097540740216,0.4344604630843163,0.5856697132706342,0.35788097540740216,,,0.894,,0.4294571704888826,0.0,,1.0,0.106,0.5472522416192208,False,latched,0.20941244816908477,0.0,0,25,False,0.33855474734730584,0.0017197857545368511
179,89500,90000,500,0.0,0.3544767193690052,0.3544767193690052,0.3796972703222703,0.5437669588348024,0.3544767193690052,,,0.902,,0.3544767193690052,0.0,,1.0,0.098,0.5564324646046542,False,latched,0.19150439626717414,0.0,0,25,False,0.33855474734730584,0.0017197857545368511
180,90000,90500,500,0.0,0.3430577273749157,0.2858814394790964,0.38209534706331044,0.48834762198198106,0.2858814394790964,,,0.866,,0.3430577273749157,0.0,,1.0,0.134,0.5196594408974747,False,latched,0.20943188050296294,0.0,0,25,False,0.33855474734730584,0.0017197857545368511
181,90500,91000,500,0.0,0.3495401499343071,0.29128345827858926,0.3735035482875656,0.4601385447814479,0.29128345827858926,,,0.904,,0.3495401499343071,0.0,,1.0,0.096,0.5654809839601919,False,latched,0.15864913141597314,0.0,0,25,False,0.33855474734730584,0.0017197857545368511
182,91000,91500,500,0.0,0.20653562653562654,0.20653562653562654,0.21967299578059074,0.32137638584886885,0.20653562653562654,,,0.9,,0.20653562653562654,0.0,,1.0,0.1,0.5432840554278671,False,latched,0.13376684508288714,0.0,0,25,False,0.33855474734730584,0.0017197857545368511
183,91500,92000,500,0.0,0.46971380367467025,0.46971380367467025,0.6048552754435107,0.6311931570706631,0.46971380367467025,,,0.966,,0.46971380367467025,0.0,,1.0,0.034,0.6065806830122448,False,latched,0.0954526979334553,0.0,0,25,False,0.33855474734730584,0.0017197857545368511
184,92000,92500,500,0.0,0.1945305358328011,0.1945305358328011,0.2270767731294047,0.35619420057473367,0.1945305358328011,,,0.918,,0.1945305358328011,0.0,,1.0,0.082,0.5377051503851014,False,latched,0.1185685503955713,0.0,0,25,False,0.33855474734730584,0.0017197857545368511
185,92500,93000,500,0.0,0.367373454432278,0.30614454536023167,0.5471827956989247,0.47998121727731313,0.30614454536023167,,,0.934,,0.367373454432278,0.0,,1.0,0.066,0.5577252508934295,False,latched,0.1389529287976356,0.0,0,25,False,0.33855474734730584,0.0017197857545368511
186,93000,93500,500,0.0,0.3621764760062633,0.3621764760062633,0.41674315116117366,0.4807544651376728,0.3621764760062633,,,0.94,,0.3621764760062633,0.0,,1.0,0.06,0.5703678244754413,False,latched,0.07910169041704258,0.0,0,25,False,0.33855474734730584,0.0017197857545368511
187,93500,94000,500,0.0,0.261338781152173,0.261338781152173,0.28800088800088797,0.4484741399484279,0.261338781152173,,,0.906,,0.261338781152173,0.0,,1.0,0.094,0.5593253001170856,False,latched,0.15533872375395566,0.0,0,25,False,0.33855474734730584,0.0017197857545368511
188,94000,94500,500,0.0,0.36145095219624795,0.36145095219624795,0.4504801920768307,0.5507994093868659,0.36145095219624795,,,0.886,,0.36145095219624795,0.0,,1.0,0.114,0.5402293434721892,False,latched,0.2570603191673946,0.0,0,25,False,0.33855474734730584,0.0017197857545368511
189,94500,95000,500,0.0,0.3161676447452809,0.3161676447452809,0.38460519342872285,0.41789346170971925,0.3161676447452809,,,0.85,,0.3161676447452809,0.0,,1.0,0.15,0.4925002262673082,False,latched,0.2547938381560769,0.0,0,25,False,0.33855474734730584,0.0017197857545368511
190,95000,95500,500,0.0,0.23439575798066362,0.23439575798066362,0.32488479262672815,0.45320847412161447,0.23439575798066362,,,0.844,,0.23439575798066362,0.0,,1.0,0.156,0.4827684649350788,False,latched,0.2528718898515927,0.0,0,25,False,0.33855474734730584,0.0017197857545368511
191,95500,96000,500,0.0,0.2925179422704175,0.2925179422704175,0.3561279643083099,0.48899140334551927,0.2925179422704175,,,0.91,,0.2925179422704175,0.0,,1.0,0.09,0.5511167523496366,False,latched,0.1527024365803884,0.0,0,25,False,0.33855474734730584,0.0017197857545368511
192,96000,96500,500,0.0,0.4295854253737623,0.4295854253737623,0.5269006744328633,0.6064898271059754,0.4295854253737623,,,0.944,,0.4295854253737623,0.0,,1.0,0.056,0.5950315327563638,False,latched,0.1173601644433136,0.0,0,25,False,0.33855474734730584,0.0017197857545368511
193,96500,97000,500,0.0,0.3987140803995534,0.3987140803995534,0.42530494300628535,0.5802152456238598,0.3987140803995534,,,0.9,,0.3987140803995534,0.0,,1.0,0.1,0.5450803463576047,False,latched,0.1981796550013232,0.0,0,25,False,0.33855474734730584,0.0017197857545368511
194,97000,97500,500,0.0,0.3236522160397593,0.3236522160397593,0.35210362554112556,0.4607232956713231,0.3236522160397593,,,0.864,,0.3236522160397593,0.0,,1.0,0.136,0.5066394867184874,False,latched,0.19720990851990874,0.0,0,25,False,0.33855474734730584,0.0017197857545368511
195,97500,98000,500,0.0,0.3056547855309465,0.3056547855309465,0.3868940354199437,0.45283728837847403,0.3056547855309465,,,0.848,,0.3056547855309465,0.0,,1.0,0.152,0.5105662656403473,False,latched,0.19499620961794886,0.0,0,25,False,0.33855474734730584,0.0017197857545368511
196,98000,98500,500,0.0,0.31046501035896584,0.31046501035896584,0.4006063848760477,0.4021628204589861,0.31046501035896584,,,0.83,,0.31046501035896584,0.0,,1.0,0.17,0.4818196012082339,False,latched,0.2811130336675087,0.0,0,25,False,0.33855474734730584,0.0017197857545368511
197,98500,99000,500,0.0,0.2553248569097488,0.2553248569097488,0.36635453244895305,0.3660136840203829,0.2553248569097488,,,0.868,,0.2553248569097488,0.0,,1.0,0.132,0.5233496988957077,False,latched,0.19490450386320501,0.0,0,25,False,0.33855474734730584,0.0017197857545368511
198,99000,99500,500,0.0,0.3385676010902611,0.3385676010902611,0.41904761904761906,0.5562910412349029,0.3385676010902611,,,0.908,,0.3385676010902611,0.0,,1.0,0.092,0.5477442761148947,False,latched,0.12840527273930544,0.0,0,25,False,0.33855474734730584,0.0017197857545368511
199,99500,100000,500,0.0,0.28039094654181,0.28039094654181,0.3472221247269156,0.49808938720433926,0.28039094654181,,,0.858,,0.28039094654181,0.0,,1.0,0.142,0.502765147885436,False,latched,0.2758982385212423,0.0,0,25,False,0.33855474734730584,0.0017197857545368511
200,100000,100500,500,0.0,0.329714790219678,0.329714790219678,0.34877878668245826,0.5201715520860446,0.329714790219678,,,0.888,,0.329714790219678,0.0,,1.0,0.112,0.5529053751019948,False,latched,0.18535630382598992,0.0,0,25,False,0.33855474734730584,0.0017197857545368511
201,100500,101000,500,0.0,0.3230357764840523,0.3230357764840523,0.3391205671679712,0.5444332809558474,0.3230357764840523,,,0.89,,0.3230357764840523,0.0,,1.0,0.11,0.5456692587672723,False,latched,0.20068172198291487,0.0,0,25,False,0.33855474734730584,0.0017197857545368511
202,101000,101500,500,0.0,0.4731620995901017,0.31544139972673446,0.5065359477124183,0.4842184213070709,0.31544139972673446,,,0.94,,0.4731620995901017,0.0,,1.0,0.06,0.5178029427714304,False,latched,0.1379214271718555,0.0,0,25,False,0.33855474734730584,0.0017197857545368511
203,101500,102000,500,0.0,0.2925289575289575,0.2925289575289575,0.3964083510261854,0.4585540619362159,0.2925289575289575,,,0.92,,0.2925289575289575,0.0,,1.0,0.08,0.5031959132998318,False,latched,0.18985740775025522,0.0,0,25,False,0.33855474734730584,0.0017197857545368511
204,102000,102500,500,0.0,0.306476068199708,0.306476068199708,0.3743775287892935,0.5141908774765434,0.306476068199708,,,0.94,,0.306476068199708,0.0,,1.0,0.06,0.5295521603280474,False,latched,0.12398401056833465,0.0,0,25,False,0.33855474734730584,0.0017197857545368511
205,102500,103000,500,0.0,0.4005221038503482,0.33376841987529016,0.6125641025641025,0.5003588604876126,0.33376841987529016,,,0.918,,0.4005221038503482,0.0,,1.0,0.082,0.5320986290641987,False,latched,0.178668110763578,0.0,0,25,False,0.33855474734730584,0.0017197857545368511
206,103000,103500,500,0.0,0.2627335907335907,0.21894465894465895,0.32102346805736637,0.36120774399422756,0.21894465894465895,,,0.906,,0.2627335907335907,0.0,,1.0,0.094,0.5698879285490751,False,latched,0.11966188757421962,0.0,0,25,False,0.33855474734730584,0.0017197857545368511
207,103500,104000,500,0.0,0.4130806010928961,0.2753870673952641,0.4100877192982456,0.3288205482256855,0.2753870673952641,,,0.966,,0.4130806010928961,0.0,,1.0,0.034,0.6022211999228,False,latched,0.06955996503499108,0.0,0,25,False,0.33855474734730584,0.0017197857545368511
208,104000,104500,500,0.0,0.30216505894962487,0.25180421579135404,0.28815384615384615,0.39526729518234727,0.25180421579135404,,,0.92,,0.30216505894962487,0.0,,1.0,0.08,0.5731073536760586,False,latched,0.09974190011651818,0.0,0,25,False,0.33855474734730584,0.0017197857545368511
209,104500,105000,500,0.0,0.3020087884494665,0.3020087884494665,0.39315330431102247,0.5172117122819992,0.3020087884494665,,,0.894,,0.3020087884494665,0.0,,1.0,0.106,0.5412796810274201,False,latched,0.17433681920601218,0.0,0,25,False,0.33855474734730584,0.0017197857545368511
210,105000,105500,500,0.0,0.33990584578819877,0.33990584578819877,0.5053437967115096,0.5735546443980264,0.33990584578819877,,,0.906,,0.33990584578819877,0.0,,1.0,0.094,0.5313933287130574,False,latched,0.16627138221524915,0.0,0,25,False,0.33855474734730584,0.0017197857545368511
211,105500,106000,500,0.0,0.3754926711217446,0.3129105592681205,0.5102890739833414,0.5356258654088571,0.3129105592681205,,,0.936,,0.3754926711217446,0.0,,1.0,0.064,0.5851041741512275,False,latched,0.11788979711850484,0.0,0,25,False,0.33855474734730584,0.0017197857545368511
212,106000,106500,500,0.0,0.31441415697914427,0.31441415697914427,0.38031057963793397,0.4939132636415557,0.31441415697914427,,,0.884,,0.31441415697914427,0.0,,1.0,0.116,0.5294506861086706,False,latched,0.18097150816180635,0.0,0,25,False,0.33855474734730584,0.0017197857545368511
213,106500,107000,500,0.0,0.3941539578794481,0.3941539578794481,0.5491301907968574,0.5238814238187911,0.3941539578794481,,,0.866,,0.3941539578794481,0.0,,1.0,0.134,0.520930486114093,False,latched,0.21884404828158022,0.0,0,25,False,0.33855474734730584,0.0017197857545368511
214,107000,107500,500,0.0,0.3230260082183017,0.3230260082183017,0.3822301024428684,0.3989285340447308,0.3230260082183017,,,0.906,,0.3230260082183017,0.0,,1.0,0.094,0.5554133057008893,False,latched,0.12392776330644814,0.0,0,25,False,0.33855474734730584,0.0017197857545368511
215,107500,108000,500,0.0,0.40126891351652244,0.40126891351652244,0.3923167848699764,0.5612648555839389,0.40126891351652244,,,0.95,,0.40126891351652244,0.0,,1.0,0.05,0.6012440906710368,False,latched,0.12967953836267299,0.0,0,25,False,0.33855474734730584,0.0017197857545368511
216,108000,108500,500,0.0,0.2767264684197591,0.2306053903497993,0.30670676691729326,0.3414774777474851,0.2306053903497993,,,0.922,,0.2767264684197591,0.0,,1.0,0.078,0.5660106083126496,False,latched,0.07054509015463141,0.0,0,25,False,0.33855474734730584,0.0017197857545368511
217,108500,109000,500,0.0,0.3614005202366457,0.3614005202366457,0.3647617748681578,0.4673165974040424,0.3614005202366457,,,0.932,,0.3614005202366457,0.0,,1.0,0.068,0.5882438624573106,False,latched,0.1108717493439915,0.0,0,25,False,0.33855474734730584,0.0017197857545368511
218,109000,109500,500,0.0,0.32856368983129547,0.27380307485941285,0.3239068825910931,0.37606381963818825,0.27380307485941285,,,0.904,,0.32856368983129547,0.0,,1.0,0.096,0.5556300785986142,False,latched,0.11300822672390982,0.0,0,25,False,0.33855474734730584,0.0017197857545368511
219,109500,110000,500,0.0,0.5736688311688312,0.4780573593073593,0.5456132756132756,0.684337211427952,0.4780573593073593,,,0.954,,0.5736688311688312,0.0,,1.0,0.046,0.617152533084041,False,latched,0.17520011760082357,0.0,0,25,False,0.33855474734730584,0.0017197857545368511
220,110000,110500,500,0.0,0.229136798088411,0.229136798088411,0.24996315944591807,0.3745069168801747,0.229136798088411,,,0.916,,0.229136798088411,0.0,,1.0,0.084,0.5759690277769147,False,latched,0.09506895234120515,0.0,0,25,False,0.33855474734730584,0.0017197857545368511
221,110500,111000,500,0.0,0.39628574040338743,0.39628574040338743,0.4109934101904123,0.578431605968175,0.39628574040338743,,,0.938,,0.39628574040338743,0.0,,1.0,0.062,0.6072245186325109,False,latched,0.13010893777218166,0.0,0,25,False,0.33855474734730584,0.0017197857545368511
222,111000,111500,500,0.0,0.316036280764963,0.316036280764963,0.4028484052320818,0.5312323527445452,0.316036280764963,,,0.878,,0.316036280764963,0.0,,1.0,0.122,0.5297710141354647,False,latched,0.2564306366748636,0.0,0,25,False,0.33855474734730584,0.0017197857545368511
223,111500,112000,500,0.0,0.2203440969966905,0.18362008083057543,0.28615614878790857,0.2935562773079775,0.18362008083057543,,,0.772,,0.2203440969966905,0.0,,1.0,0.228,0.4273566598687626,False,latched,0.2601169198736446,0.0,0,25,False,0.33855474734730584,0.0017197857545368511
224,112000,112500,500,0.0,0.31630649902500074,0.26358874918750064,0.3735602723267921,0.4437447540462579,0.26358874918750064,,,0.872,,0.31630649902500074,0.0,,1.0,0.128,0.5262199012132681,False,latched,0.1945415074535429,0.0,0,25,False,0.33855474734730584,0.0017197857545368511
225,112500,113000,500,0.0,0.3480979885494249,0.3480979885494249,0.36804015301721726,0.5555843099575482,0.3480979885494249,,,0.876,,0.3480979885494249,0.0,,1.0,0.124,0.5398646879495407,False,latched,0.21280115217637277,0.0,0,25,False,0.33855474734730584,0.0017197857545368511
226,113000,113500,500,0.0,0.3248876940739851,0.3248876940739851,0.35695667155751193,0.5510953164144025,0.3248876940739851,,,0.89,,0.3248876940739851,0.0,,1.0,0.11,0.5735699603977976,False,latched,0.20912977176195263,0.0,0,25,False,0.33855474734730584,0.0017197857545368511
227,113500,114000,500,0.0,0.3972285683945448,0.331023806995454,0.42318220668220663,0.4740321118325912,0.331023806995454,,,0.876,,0.3972285683945448,0.0,,1.0,0.124,0.5286029285014932,False,latched,0.20249410914423463,0.0,0,25,False,0.33855474734730584,0.0017197857545368511
228,114000,114500,500,0.0,0.3100613154960981,0.3100613154960981,0.30797430083144367,0.44398816649893,0.3100613154960981,,,0.87,,0.3100613154960981,0.0,,1.0,0.13,0.5079985913244822,False,latched,0.1756366680370311,0.0,0,25,False,0.33855474734730584,0.0017197857545368511
229,114500,115000,500,0.0,0.23429121958386057,0.23429121958386057,0.249488936988937,0.39471487242364933,0.23429121958386057,,,0.85,,0.23429121958386057,0.0,,1.0,0.15,0.4950535281583664,False,latched,0.161048260800524,0.0,0,25,False,0.33855474734730584,0.0017197857545368511
230,115000,115500,500,0.0,0.286977603214676,0.286977603214676,0.5083307621104597,0.3934022364086386,0.286977603214676,,,0.862,,0.286977603214676,0.0,,1.0,0.138,0.5210400409770192,False,latched,0.2156883296467435,0.0,0,25,False,0.33855474734730584,0.0017197857545368511
231,115500,116000,500,0.0,0.3654002265281829,0.3654002265281829,0.45177651634605276,0.4556543489875319,0.3654002265281829,,,0.866,,0.3654002265281829,0.0,,1.0,0.134,0.5231330186482722,False,latched,0.21745453411834856,0.0,0,25,False,0.33855474734730584,0.0017197857545368511
232,116000,116500,500,0.0,0.43658784642766335,0.3638232053563861,0.46028809837505485,0.5620818415046894,0.3638232053563861,,,0.894,,0.43658784642766335,0.0,,1.0,0.106,0.5574793435003704,False,latched,0.1873978485419242,0.0,0,25,False,0.33855474734730584,0.0017197857545368511
233,116500,117000,500,0.0,0.2786316491629302,0.2786316491629302,0.2652430730405691,0.4829029348997728,0.2786316491629302,,,0.856,,0.2786316491629302,0.0,,1.0,0.144,0.5151845954495403,False,latched,0.24497802411359892,0.0,0,25,False,0.33855474734730584,0.0017197857545368511
234,117000,117500,500,0.0,0.4073380661366075,0.4073380661366075,0.5583573011819026,0.5582632566438226,0.4073380661366075,,,0.882,,0.4073380661366075,0.0,,1.0,0.118,0.5356349119220424,False,latched,0.17618232487040233,0.0,0,25,False,0.33855474734730584,0.0017197857545368511
235,117500,118000,500,0.0,0.39080585766199777,0.39080585766199777,0.4428220524017467,0.618090779055136,0.39080585766199777,,,0.93,,0.39080585766199777,0.0,,1.0,0.07,0.5637762007926626,False,latched,0.1554755272072957,0.0,0,25,False,0.33855474734730584,0.0017197857545368511
236,118000,118500,500,0.0,0.3876115910561551,0.3876115910561551,0.5654002026342452,0.46511890979976983,0.3876115910561551,,,0.926,,0.3876115910561551,0.0,,1.0,0.074,0.5307254514639438,False,latched,0.12065057240941117,0.0,0,25,False,0.33855474734730584,0.0017197857545368511
237,118500,119000,500,0.0,0.2753665939589954,0.2753665939589954,0.4174074074074074,0.42671114549757266,0.2753665939589954,,,0.924,,0.2753665939589954,0.0,,1.0,0.076,0.5539340871733078,False,latched,0.12692554395595504,0.0,0,25,False,0.33855474734730584,0.0017197857545368511
238,119000,119500,500,0.0,0.32075471698113206,0.16037735849056603,0.3090909090909091,0.16318376799797688,0.16037735849056603,,,0.918,,0.32075471698113206,0.0,,1.0,0.082,0.5810407461695066,False,latched,0.07469308664474314,0.0,0,25,False,0.33855474734730584,0.0017197857545368511
239,119500,120000,500,0.0,0.9754098360655737,0.16256830601092895,0.952,,0.3251366120218579,,,0.952,,0.9754098360655737,0.0,,1.0,0.048,0.6113592363281719,False,latched,0.046436649387909236,0.0,0,25,False,0.33855474734730584,0.0017197857545368511
