run_name,method,method_type,seed,source_dataset,target_dataset,scenario,stream_mode,initial_known_classes,novel_target_classes,common_feature_count,source_exact_duplicates_removed_before_split,target_rows,window_count,true_change_window,stream_window_size,evaluation_window_size,evaluation_window_count,true_change_evaluation_window,adaptation_enabled,label_budget_mode,label_budget_fraction,labels_queried,label_budget_ceiling,label_budget_utilization,realized_label_fraction_target,updates,update_windows,query_seed,queried_label_totals,model_update_history,fit_seconds,prediction_seconds,update_seconds,seconds_per_target_observation,peak_process_memory_mb,model_size_mb,source_reference_macro_f1,global_known_macro_f1,global_known_balanced_accuracy,global_known_mcc,global_novel_auprc,global_novel_auroc,global_resilience_score,mean_known_macro_f1,mean_novel_auprc,mean_resilience_score,mean_source_forgetting,evaluation_mean_known_macro_f1,evaluation_mean_novel_auprc,evaluation_mean_resilience_score,false_trigger_rate,false_trigger_count,pre_change_monitoring_windows,trigger_delay_windows,drift_trigger_windows,drift_calibration,stream_pre_change_reference,stream_initial_degradation,stream_normalized_recovery_area,stream_first_passage_recovery_time_windows,evaluation_pre_change_reference,evaluation_initial_degradation,evaluation_normalized_recovery_area,evaluation_recovery_time_blocks,pre_change_reference,initial_degradation,normalized_recovery_area,primary_normalized_recovery_area,recovery_time_evaluation_blocks,recovery_time_windows,recovery_time_observations,eligible_post_evaluation_blocks,metric_contract_version,resilience_definition,integrity_checks,short_method,configured_budget
E05_UNSW_paired_5seed_v015,paired_prototype_static,prototype,11,NF-UNSW-NB15-v3-Historical-Pilot,NF-UNSW-NB15-v3-Future-Session-Aligned-Pilot,supported_6class_capture_session_and_prevalence_shift,chronological,"['Benign', 'DoS', 'Exploits', 'Fuzzers', 'Generic', 'Reconnaissance']",[],48,3030,120000,240,40,500,5000,24,4,False,absolute,0.0,0,0,0.0,0.0,0,[],11,{},[],0.6585685999889392,1.4952055001922417,0.0,1.2460045834935347e-05,570.9375,0.269927978515625,0.3402745331018427,0.3148257545924646,0.36258757192783825,0.46612295007813837,,,0.3148257545924646,0.45717270487276723,,0.45717270487276723,0.0,0.4298564023547659,,0.4298564023547659,0.0,0,10,1,[41],"{'reference_mode': 'target_warmup', 'reference_start_window': 0, 'reference_end_window': 10, 'calibration_start_window': 10, 'calibration_end_window': 30, 'monitoring_start_window': 30, 'threshold_method': 'median_plus_scaled_mad', 'mad_multiplier': 3.0, 'calibration_median': 0.06658449237060762, 'calibration_raw_mad': 0.010700847751783142, 'calibration_scaled_mad': 0.015865076876793685, 'mean_shift_threshold': 0.11417972300098868, 'consecutive_windows': 2, 'one_shot': True, 'target_labels_used': False, 'calibration_window_count': 20}",0.9891924583756577,0.5255602344975323,0.3545718925800893,4,0.989226650245949,0.6710797233552057,0.3214453964594161,,0.989226650245949,0.6710797233552057,0.3214453964594161,0.3214453964594161,,,,20,1.2-decoupled-support-aware-evaluation,"mean(known-class macro-F1, novel safe-or-correct rate when novel rows occur), summarized over support-eligible evaluation blocks","{'initial_model_saw_novel_target_class_names': False, 'label_budget_respected': True, 'predictions_scored_before_updates': True, 'preprocessing_fit_on_source_only': True, 'evaluation_uses_pre_update_predictions': True, 'drift_calibration_excludes_target_labels': True, 'change_boundary_aligned_to_evaluation_blocks': True}",prototype_static,0
E05_UNSW_paired_5seed_v015,paired_naive_replay_B050,prototype,11,NF-UNSW-NB15-v3-Historical-Pilot,NF-UNSW-NB15-v3-Future-Session-Aligned-Pilot,supported_6class_capture_session_and_prevalence_shift,chronological,"['Benign', 'DoS', 'Exploits', 'Fuzzers', 'Generic', 'Reconnaissance']",[],48,3030,120000,240,40,500,5000,24,4,True,absolute,0.0,50,50,1.0,0.0004166666666666667,1,[41],11,"{'Benign': 39, 'Exploits': 6, 'Fuzzers': 2, 'Reconnaissance': 1, 'Generic': 1, 'DoS': 1}","[{'update_rule': 'replay', 'classes': {'Benign': {'incoming_count': 39, 'final_memory_count': 500}, 'DoS': {'incoming_count': 1, 'final_memory_count': 400}, 'Exploits': {'incoming_count': 6, 'final_memory_count': 500}, 'Fuzzers': {'incoming_count': 2, 'final_memory_count': 500}, 'Generic': {'incoming_count': 1, 'final_memory_count': 386}, 'Reconnaissance': {'incoming_count': 1, 'final_memory_count': 500}}}]",0.7104498000117019,1.9623110998945776,0.005483799992362037,1.635259249912148e-05,573.453125,0.27037715911865234,0.3402745331018427,0.3127289641276913,0.3592297458299782,0.46655447706930825,,,0.3127289641276913,0.4559071643892906,,0.4559071643892906,0.0,0.42844067911854244,,0.42844067911854244,0.0,0,10,1,[41],"{'reference_mode': 'target_warmup', 'reference_start_window': 0, 'reference_end_window': 10, 'calibration_start_window': 10, 'calibration_end_window': 30, 'monitoring_start_window': 30, 'threshold_method': 'median_plus_scaled_mad', 'mad_multiplier': 3.0, 'calibration_median': 0.06658449237060762, 'calibration_raw_mad': 0.010700847751783142, 'calibration_scaled_mad': 0.015865076876793685, 'mean_shift_threshold': 0.11417972300098868, 'consecutive_windows': 2, 'one_shot': True, 'target_labels_used': False, 'calibration_window_count': 20}",0.9891924583756577,0.5255602344975323,0.35303155139155096,4,0.989226650245949,0.6721723863100404,0.3197280267514268,,0.989226650245949,0.6721723863100404,0.3197280267514268,0.3197280267514268,,,,20,1.2-decoupled-support-aware-evaluation,"mean(known-class macro-F1, novel safe-or-correct rate when novel rows occur), summarized over support-eligible evaluation blocks","{'initial_model_saw_novel_target_class_names': False, 'label_budget_respected': True, 'predictions_scored_before_updates': True, 'preprocessing_fit_on_source_only': True, 'evaluation_uses_pre_update_predictions': True, 'drift_calibration_excludes_target_labels': True, 'change_boundary_aligned_to_evaluation_blocks': True}",naive_B050,50
E05_UNSW_paired_5seed_v015,paired_source_anchored_B050,prototype,11,NF-UNSW-NB15-v3-Historical-Pilot,NF-UNSW-NB15-v3-Future-Session-Aligned-Pilot,supported_6class_capture_session_and_prevalence_shift,chronological,"['Benign', 'DoS', 'Exploits', 'Fuzzers', 'Generic', 'Reconnaissance']",[],48,3030,120000,240,40,500,5000,24,4,True,absolute,0.0,50,50,1.0,0.0004166666666666667,1,[41],11,"{'Benign': 39, 'Exploits': 6, 'Fuzzers': 2, 'Reconnaissance': 1, 'Generic': 1, 'DoS': 1}","[{'update_rule': 'source_anchored', 'minimum_target_samples_per_class': 5, 'anchor_reliability_tau': 25.0, 'anchor_max_alpha': 0.05, 'classes': {'Benign': {'incoming_count': 39, 'cumulative_target_count': 39, 'updated': True, 'alpha': 0.044092068645640074, 'reliability': 0.609375, 'source_anchor_weight': 500.0, 'reason': 'anchored_update'}, 'DoS': {'incoming_count': 1, 'cumulative_target_count': 1, 'updated': False, 'alpha': 0.0, 'reason': 'insufficient_target_support'}, 'Exploits': {'incoming_count': 6, 'cumulative_target_count': 6, 'updated': True, 'alpha': 0.0022950401632028557, 'reliability': 0.1935483870967742, 'source_anchor_weight': 500.0, 'reason': 'anchored_update'}, 'Fuzzers': {'incoming_count': 2, 'cumulative_target_count': 2, 'updated': False, 'alpha': 0.0, 'reason': 'insufficient_target_support'}, 'Generic': {'incoming_count': 1, 'cumulative_target_count': 1, 'updated': False, 'alpha': 0.0, 'reason': 'insufficient_target_support'}, 'Reconnaissance': {'incoming_count': 1, 'cumulative_target_count': 1, 'updated': False, 'alpha': 0.0, 'reason': 'insufficient_target_support'}}}]",0.6008653000171762,1.490505900233984,0.010160199977690354,1.2420882501949867e-05,499.85546875,0.2716054916381836,0.3402745331018427,0.31597301816465356,0.36319705126067764,0.46915292492364546,,,0.31597301816465356,0.45831144644020533,,0.45831144644020533,0.0,0.4309445526089397,,0.4309445526089397,0.0,0,10,1,[41],"{'reference_mode': 'target_warmup', 'reference_start_window': 0, 'reference_end_window': 10, 'calibration_start_window': 10, 'calibration_end_window': 30, 'monitoring_start_window': 30, 'threshold_method': 'median_plus_scaled_mad', 'mad_multiplier': 3.0, 'calibration_median': 0.06658449237060762, 'calibration_raw_mad': 0.010700847751783142, 'calibration_scaled_mad': 0.015865076876793685, 'mean_shift_threshold': 0.11417972300098868, 'consecutive_windows': 2, 'one_shot': True, 'target_labels_used': False, 'calibration_window_count': 20}",0.9891924583756577,0.5255602344975323,0.35594821178121394,4,0.989226650245949,0.6696666884736677,0.3227653975983704,,0.989226650245949,0.6696666884736677,0.3227653975983704,0.3227653975983704,,,,20,1.2-decoupled-support-aware-evaluation,"mean(known-class macro-F1, novel safe-or-correct rate when novel rows occur), summarized over support-eligible evaluation blocks","{'initial_model_saw_novel_target_class_names': False, 'label_budget_respected': True, 'predictions_scored_before_updates': True, 'preprocessing_fit_on_source_only': True, 'evaluation_uses_pre_update_predictions': True, 'drift_calibration_excludes_target_labels': True, 'change_boundary_aligned_to_evaluation_blocks': True}",anchored_B050,50
E05_UNSW_paired_5seed_v015,paired_naive_replay_B200,prototype,11,NF-UNSW-NB15-v3-Historical-Pilot,NF-UNSW-NB15-v3-Future-Session-Aligned-Pilot,supported_6class_capture_session_and_prevalence_shift,chronological,"['Benign', 'DoS', 'Exploits', 'Fuzzers', 'Generic', 'Reconnaissance']",[],48,3030,120000,240,40,500,5000,24,4,True,absolute,0.0,200,200,1.0,0.0016666666666666668,1,[41],11,"{'Benign': 178, 'Exploits': 11, 'DoS': 4, 'Fuzzers': 4, 'Generic': 2, 'Reconnaissance': 1}","[{'update_rule': 'replay', 'classes': {'Benign': {'incoming_count': 178, 'final_memory_count': 500}, 'DoS': {'incoming_count': 4, 'final_memory_count': 403}, 'Exploits': {'incoming_count': 11, 'final_memory_count': 500}, 'Fuzzers': {'incoming_count': 4, 'final_memory_count': 500}, 'Generic': {'incoming_count': 2, 'final_memory_count': 387}, 'Reconnaissance': {'incoming_count': 1, 'final_memory_count': 500}}}]",0.5786539000109769,1.5077784000022803,0.012477899988880381,1.2564820000019002e-05,499.6015625,0.27074337005615234,0.3402745331018427,0.30712203983179126,0.35829647067193077,0.46084167990571656,,,0.30712203983179126,0.451469494964921,,0.451469494964921,0.00546900539075079,0.42371971724028096,,0.42371971724028096,0.0,0,10,1,[41],"{'reference_mode': 'target_warmup', 'reference_start_window': 0, 'reference_end_window': 10, 'calibration_start_window': 10, 'calibration_end_window': 30, 'monitoring_start_window': 30, 'threshold_method': 'median_plus_scaled_mad', 'mad_multiplier': 3.0, 'calibration_median': 0.06658449237060762, 'calibration_raw_mad': 0.010700847751783142, 'calibration_scaled_mad': 0.015865076876793685, 'mean_shift_threshold': 0.11417972300098868, 'consecutive_windows': 2, 'one_shot': True, 'target_labels_used': False, 'calibration_window_count': 20}",0.9891924583756577,0.5255602344975323,0.34765326736063124,4,0.989226650245949,0.6744787412882502,0.31400117512191883,,0.989226650245949,0.6744787412882502,0.31400117512191883,0.31400117512191883,,,,20,1.2-decoupled-support-aware-evaluation,"mean(known-class macro-F1, novel safe-or-correct rate when novel rows occur), summarized over support-eligible evaluation blocks","{'initial_model_saw_novel_target_class_names': False, 'label_budget_respected': True, 'predictions_scored_before_updates': True, 'preprocessing_fit_on_source_only': True, 'evaluation_uses_pre_update_predictions': True, 'drift_calibration_excludes_target_labels': True, 'change_boundary_aligned_to_evaluation_blocks': True}",naive_B200,200
E05_UNSW_paired_5seed_v015,paired_source_anchored_B200,prototype,11,NF-UNSW-NB15-v3-Historical-Pilot,NF-UNSW-NB15-v3-Future-Session-Aligned-Pilot,supported_6class_capture_session_and_prevalence_shift,chronological,"['Benign', 'DoS', 'Exploits', 'Fuzzers', 'Generic', 'Reconnaissance']",[],48,3030,120000,240,40,500,5000,24,4,True,absolute,0.0,200,200,1.0,0.0016666666666666668,1,[41],11,"{'Benign': 178, 'Exploits': 11, 'DoS': 4, 'Fuzzers': 4, 'Generic': 2, 'Reconnaissance': 1}","[{'update_rule': 'source_anchored', 'minimum_target_samples_per_class': 5, 'anchor_reliability_tau': 25.0, 'anchor_max_alpha': 0.05, 'classes': {'Benign': {'incoming_count': 178, 'cumulative_target_count': 178, 'updated': True, 'alpha': 0.05, 'reliability': 0.8768472906403941, 'source_anchor_weight': 500.0, 'reason': 'anchored_update'}, 'DoS': {'incoming_count': 4, 'cumulative_target_count': 4, 'updated': False, 'alpha': 0.0, 'reason': 'insufficient_target_support'}, 'Exploits': {'incoming_count': 11, 'cumulative_target_count': 11, 'updated': True, 'alpha': 0.006577516851489455, 'reliability': 0.3055555555555556, 'source_anchor_weight': 500.0, 'reason': 'anchored_update'}, 'Fuzzers': {'incoming_count': 4, 'cumulative_target_count': 4, 'updated': False, 'alpha': 0.0, 'reason': 'insufficient_target_support'}, 'Generic': {'incoming_count': 2, 'cumulative_target_count': 2, 'updated': False, 'alpha': 0.0, 'reason': 'insufficient_target_support'}, 'Reconnaissance': {'incoming_count': 1, 'cumulative_target_count': 1, 'updated': False, 'alpha': 0.0, 'reason': 'insufficient_target_support'}}}]",0.6006265000032727,1.4960858001431916,0.008174899994628504,1.246738166785993e-05,500.21484375,0.2716054916381836,0.3402745331018427,0.3152880671054053,0.3626966087480617,0.46687285220886166,,,0.3152880671054053,0.45754232035356207,,0.45754232035356207,0.0,0.43031006202206346,,0.43031006202206346,0.0,0,10,1,[41],"{'reference_mode': 'target_warmup', 'reference_start_window': 0, 'reference_end_window': 10, 'calibration_start_window': 10, 'calibration_end_window': 30, 'monitoring_start_window': 30, 'threshold_method': 'median_plus_scaled_mad', 'mad_multiplier': 3.0, 'calibration_median': 0.06658449237060762, 'calibration_raw_mad': 0.010700847751783142, 'calibration_scaled_mad': 0.015865076876793685, 'mean_shift_threshold': 0.11417972300098868, 'consecutive_windows': 2, 'one_shot': True, 'target_labels_used': False, 'calibration_window_count': 20}",0.9891924583756577,0.5255602344975323,0.3550202770913117,4,0.989226650245949,0.6703756301583346,0.32199571685426376,,0.989226650245949,0.6703756301583346,0.32199571685426376,0.32199571685426376,,,,20,1.2-decoupled-support-aware-evaluation,"mean(known-class macro-F1, novel safe-or-correct rate when novel rows occur), summarized over support-eligible evaluation blocks","{'initial_model_saw_novel_target_class_names': False, 'label_budget_respected': True, 'predictions_scored_before_updates': True, 'preprocessing_fit_on_source_only': True, 'evaluation_uses_pre_update_predictions': True, 'drift_calibration_excludes_target_labels': True, 'change_boundary_aligned_to_evaluation_blocks': True}",anchored_B200,200
E05_UNSW_paired_5seed_v015,paired_prototype_static,prototype,23,NF-UNSW-NB15-v3-Historical-Pilot,NF-UNSW-NB15-v3-Future-Session-Aligned-Pilot,supported_6class_capture_session_and_prevalence_shift,chronological,"['Benign', 'DoS', 'Exploits', 'Fuzzers', 'Generic', 'Reconnaissance']",[],48,3030,120000,240,40,500,5000,24,4,False,absolute,0.0,0,0,0.0,0.0,0,[],23,{},[],0.5987393999821506,1.4793774000718258,0.0,1.2328145000598549e-05,497.37109375,0.269927978515625,0.3195107374980352,0.2999972831665148,0.34321013758472274,0.42869052728054863,,,0.2999972831665148,0.4396829101355989,,0.4396829101355989,0.0,0.4191676030913322,,0.4191676030913322,0.0,0,10,1,[41],"{'reference_mode': 'target_warmup', 'reference_start_window': 0, 'reference_end_window': 10, 'calibration_start_window': 10, 'calibration_end_window': 30, 'monitoring_start_window': 30, 'threshold_method': 'median_plus_scaled_mad', 'mad_multiplier': 3.0, 'calibration_median': 0.06663309054162181, 'calibration_raw_mad': 0.011179893337708736, 'calibration_scaled_mad': 0.01657530986248697, 'mean_shift_threshold': 0.11635902012908272, 'consecutive_windows': 2, 'one_shot': True, 'target_labels_used': False, 'calibration_window_count': 20}",0.9857827552219698,0.6353404873836406,0.3351873847676199,4,0.9858199536479746,0.6766763617364688,0.31023629806666986,,0.9858199536479746,0.6766763617364688,0.31023629806666986,0.31023629806666986,,,,20,1.2-decoupled-support-aware-evaluation,"mean(known-class macro-F1, novel safe-or-correct rate when novel rows occur), summarized over support-eligible evaluation blocks","{'initial_model_saw_novel_target_class_names': False, 'label_budget_respected': True, 'predictions_scored_before_updates': True, 'preprocessing_fit_on_source_only': True, 'evaluation_uses_pre_update_predictions': True, 'drift_calibration_excludes_target_labels': True, 'change_boundary_aligned_to_evaluation_blocks': True}",prototype_static,0
E05_UNSW_paired_5seed_v015,paired_naive_replay_B050,prototype,23,NF-UNSW-NB15-v3-Historical-Pilot,NF-UNSW-NB15-v3-Future-Session-Aligned-Pilot,supported_6class_capture_session_and_prevalence_shift,chronological,"['Benign', 'DoS', 'Exploits', 'Fuzzers', 'Generic', 'Reconnaissance']",[],48,3030,120000,240,40,500,5000,24,4,True,absolute,0.0,50,50,1.0,0.0004166666666666667,1,[41],23,"{'Benign': 40, 'Exploits': 5, 'Fuzzers': 2, 'Reconnaissance': 1, 'Generic': 1, 'DoS': 1}","[{'update_rule': 'replay', 'classes': {'Benign': {'incoming_count': 40, 'final_memory_count': 500}, 'DoS': {'incoming_count': 1, 'final_memory_count': 400}, 'Exploits': {'incoming_count': 5, 'final_memory_count': 500}, 'Fuzzers': {'incoming_count': 2, 'final_memory_count': 500}, 'Generic': {'incoming_count': 1, 'final_memory_count': 386}, 'Reconnaissance': {'incoming_count': 1, 'final_memory_count': 500}}}]",0.6930731000029482,1.7503194997261744,0.006242199975531548,1.4585995831051453e-05,573.41015625,0.27037715911865234,0.3195107374980352,0.3004157199268424,0.3413319085714645,0.4282052038130647,,,0.3004157199268424,0.44217621600346135,,0.44217621600346135,0.0014535810436962502,0.41981059706810653,,0.41981059706810653,0.0,0,10,1,[41],"{'reference_mode': 'target_warmup', 'reference_start_window': 0, 'reference_end_window': 10, 'calibration_start_window': 10, 'calibration_end_window': 30, 'monitoring_start_window': 30, 'threshold_method': 'median_plus_scaled_mad', 'mad_multiplier': 3.0, 'calibration_median': 0.06663309054162181, 'calibration_raw_mad': 0.011179893337708736, 'calibration_scaled_mad': 0.01657530986248697, 'mean_shift_threshold': 0.11635902012908272, 'consecutive_windows': 2, 'one_shot': True, 'target_labels_used': False, 'calibration_window_count': 20}",0.9857827552219698,0.6353404873836406,0.3382225028254126,4,0.9858199536479746,0.6829074318576316,0.31101898943873424,,0.9858199536479746,0.6829074318576316,0.31101898943873424,0.31101898943873424,,,,20,1.2-decoupled-support-aware-evaluation,"mean(known-class macro-F1, novel safe-or-correct rate when novel rows occur), summarized over support-eligible evaluation blocks","{'initial_model_saw_novel_target_class_names': False, 'label_budget_respected': True, 'predictions_scored_before_updates': True, 'preprocessing_fit_on_source_only': True, 'evaluation_uses_pre_update_predictions': True, 'drift_calibration_excludes_target_labels': True, 'change_boundary_aligned_to_evaluation_blocks': True}",naive_B050,50
E05_UNSW_paired_5seed_v015,paired_source_anchored_B050,prototype,23,NF-UNSW-NB15-v3-Historical-Pilot,NF-UNSW-NB15-v3-Future-Session-Aligned-Pilot,supported_6class_capture_session_and_prevalence_shift,chronological,"['Benign', 'DoS', 'Exploits', 'Fuzzers', 'Generic', 'Reconnaissance']",[],48,3030,120000,240,40,500,5000,24,4,True,absolute,0.0,50,50,1.0,0.0004166666666666667,1,[41],23,"{'Benign': 40, 'Exploits': 5, 'Fuzzers': 2, 'Reconnaissance': 1, 'Generic': 1, 'DoS': 1}","[{'update_rule': 'source_anchored', 'minimum_target_samples_per_class': 5, 'anchor_reliability_tau': 25.0, 'anchor_max_alpha': 0.05, 'classes': {'Benign': {'incoming_count': 40, 'cumulative_target_count': 40, 'updated': True, 'alpha': 0.045584045584045586, 'reliability': 0.6153846153846154, 'source_anchor_weight': 500.0, 'reason': 'anchored_update'}, 'DoS': {'incoming_count': 1, 'cumulative_target_count': 1, 'updated': False, 'alpha': 0.0, 'reason': 'insufficient_target_support'}, 'Exploits': {'incoming_count': 5, 'cumulative_target_count': 5, 'updated': True, 'alpha': 0.0016501650165016502, 'reliability': 0.16666666666666666, 'source_anchor_weight': 500.0, 'reason': 'anchored_update'}, 'Fuzzers': {'incoming_count': 2, 'cumulative_target_count': 2, 'updated': False, 'alpha': 0.0, 'reason': 'insufficient_target_support'}, 'Generic': {'incoming_count': 1, 'cumulative_target_count': 1, 'updated': False, 'alpha': 0.0, 'reason': 'insufficient_target_support'}, 'Reconnaissance': {'incoming_count': 1, 'cumulative_target_count': 1, 'updated': False, 'alpha': 0.0, 'reason': 'insufficient_target_support'}}}]",0.6372485999891069,1.580823999713175,0.005231700022704899,1.3173533330943125e-05,574.41015625,0.2716054916381836,0.3195107374980352,0.300002030942169,0.3430726439730882,0.4291662635799486,,,0.300002030942169,0.4396212646908512,,0.4396212646908512,0.00042747230200647633,0.41913968952614816,,0.41913968952614816,0.0,0,10,1,[41],"{'reference_mode': 'target_warmup', 'reference_start_window': 0, 'reference_end_window': 10, 'calibration_start_window': 10, 'calibration_end_window': 30, 'monitoring_start_window': 30, 'threshold_method': 'median_plus_scaled_mad', 'mad_multiplier': 3.0, 'calibration_median': 0.06663309054162181, 'calibration_raw_mad': 0.011179893337708736, 'calibration_scaled_mad': 0.01657530986248697, 'mean_shift_threshold': 0.11635902012908272, 'consecutive_windows': 2, 'one_shot': True, 'target_labels_used': False, 'calibration_window_count': 20}",0.9857827552219698,0.6353404873836406,0.3351123433517448,4,0.9858199536479746,0.6766763617364688,0.31020231997757064,,0.9858199536479746,0.6766763617364688,0.31020231997757064,0.31020231997757064,,,,20,1.2-decoupled-support-aware-evaluation,"mean(known-class macro-F1, novel safe-or-correct rate when novel rows occur), summarized over support-eligible evaluation blocks","{'initial_model_saw_novel_target_class_names': False, 'label_budget_respected': True, 'predictions_scored_before_updates': True, 'preprocessing_fit_on_source_only': True, 'evaluation_uses_pre_update_predictions': True, 'drift_calibration_excludes_target_labels': True, 'change_boundary_aligned_to_evaluation_blocks': True}",anchored_B050,50
E05_UNSW_paired_5seed_v015,paired_naive_replay_B200,prototype,23,NF-UNSW-NB15-v3-Historical-Pilot,NF-UNSW-NB15-v3-Future-Session-Aligned-Pilot,supported_6class_capture_session_and_prevalence_shift,chronological,"['Benign', 'DoS', 'Exploits', 'Fuzzers', 'Generic', 'Reconnaissance']",[],48,3030,120000,240,40,500,5000,24,4,True,absolute,0.0,200,200,1.0,0.0016666666666666668,1,[41],23,"{'Benign': 177, 'Exploits': 11, 'DoS': 4, 'Generic': 3, 'Fuzzers': 3, 'Reconnaissance': 2}","[{'update_rule': 'replay', 'classes': {'Benign': {'incoming_count': 177, 'final_memory_count': 500}, 'DoS': {'incoming_count': 4, 'final_memory_count': 403}, 'Exploits': {'incoming_count': 11, 'final_memory_count': 500}, 'Fuzzers': {'incoming_count': 3, 'final_memory_count': 500}, 'Generic': {'incoming_count': 3, 'final_memory_count': 388}, 'Reconnaissance': {'incoming_count': 2, 'final_memory_count': 500}}}]",0.6201336999947671,1.7428110001201276,0.007998799992492422,1.4523425001001063e-05,573.06640625,0.27083492279052734,0.3195107374980352,0.29902114305934496,0.3421596446727615,0.4308302207643161,,,0.29902114305934496,0.43902146637663353,,0.43902146637663353,0.0,0.41782687176798455,,0.41782687176798455,0.0,0,10,1,[41],"{'reference_mode': 'target_warmup', 'reference_start_window': 0, 'reference_end_window': 10, 'calibration_start_window': 10, 'calibration_end_window': 30, 'monitoring_start_window': 30, 'threshold_method': 'median_plus_scaled_mad', 'mad_multiplier': 3.0, 'calibration_median': 0.06663309054162181, 'calibration_raw_mad': 0.011179893337708736, 'calibration_scaled_mad': 0.01657530986248697, 'mean_shift_threshold': 0.11635902012908272, 'consecutive_windows': 2, 'one_shot': True, 'target_labels_used': False, 'calibration_window_count': 20}",0.9857827552219698,0.6353404873836406,0.3343822048164047,4,0.9858199536479746,0.679146358043565,0.308604278363616,,0.9858199536479746,0.679146358043565,0.308604278363616,0.308604278363616,,,,20,1.2-decoupled-support-aware-evaluation,"mean(known-class macro-F1, novel safe-or-correct rate when novel rows occur), summarized over support-eligible evaluation blocks","{'initial_model_saw_novel_target_class_names': False, 'label_budget_respected': True, 'predictions_scored_before_updates': True, 'preprocessing_fit_on_source_only': True, 'evaluation_uses_pre_update_predictions': True, 'drift_calibration_excludes_target_labels': True, 'change_boundary_aligned_to_evaluation_blocks': True}",naive_B200,200
E05_UNSW_paired_5seed_v015,paired_source_anchored_B200,prototype,23,NF-UNSW-NB15-v3-Historical-Pilot,NF-UNSW-NB15-v3-Future-Session-Aligned-Pilot,supported_6class_capture_session_and_prevalence_shift,chronological,"['Benign', 'DoS', 'Exploits', 'Fuzzers', 'Generic', 'Reconnaissance']",[],48,3030,120000,240,40,500,5000,24,4,True,absolute,0.0,200,200,1.0,0.0016666666666666668,1,[41],23,"{'Benign': 177, 'Exploits': 11, 'DoS': 4, 'Generic': 3, 'Fuzzers': 3, 'Reconnaissance': 2}","[{'update_rule': 'source_anchored', 'minimum_target_samples_per_class': 5, 'anchor_reliability_tau': 25.0, 'anchor_max_alpha': 0.05, 'classes': {'Benign': {'incoming_count': 177, 'cumulative_target_count': 177, 'updated': True, 'alpha': 0.05, 'reliability': 0.8762376237623762, 'source_anchor_weight': 500.0, 'reason': 'anchored_update'}, 'DoS': {'incoming_count': 4, 'cumulative_target_count': 4, 'updated': False, 'alpha': 0.0, 'reason': 'insufficient_target_support'}, 'Exploits': {'incoming_count': 11, 'cumulative_target_count': 11, 'updated': True, 'alpha': 0.006577516851489455, 'reliability': 0.3055555555555556, 'source_anchor_weight': 500.0, 'reason': 'anchored_update'}, 'Fuzzers': {'incoming_count': 3, 'cumulative_target_count': 3, 'updated': False, 'alpha': 0.0, 'reason': 'insufficient_target_support'}, 'Generic': {'incoming_count': 3, 'cumulative_target_count': 3, 'updated': False, 'alpha': 0.0, 'reason': 'insufficient_target_support'}, 'Reconnaissance': {'incoming_count': 2, 'cumulative_target_count': 2, 'updated': False, 'alpha': 0.0, 'reason': 'insufficient_target_support'}}}]",0.636670799984131,1.8503493999305647,0.013173399987863377,1.5419578332754705e-05,573.15234375,0.2716054916381836,0.3195107374980352,0.300002667127572,0.3431354177055203,0.4288516164931058,,,0.300002667127572,0.43963467106572135,,0.43963467106572135,0.0004380881271674126,0.4191235886748614,,0.4191235886748614,0.0,0,10,1,[41],"{'reference_mode': 'target_warmup', 'reference_start_window': 0, 'reference_end_window': 10, 'calibration_start_window': 10, 'calibration_end_window': 30, 'monitoring_start_window': 30, 'threshold_method': 'median_plus_scaled_mad', 'mad_multiplier': 3.0, 'calibration_median': 0.06663309054162181, 'calibration_raw_mad': 0.011179893337708736, 'calibration_scaled_mad': 0.01657530986248697, 'mean_shift_threshold': 0.11635902012908272, 'consecutive_windows': 2, 'one_shot': True, 'target_labels_used': False, 'calibration_window_count': 20}",0.9857827552219698,0.6353404873836406,0.33512866302234046,4,0.9858199536479746,0.6766763617364688,0.31018272104221467,,0.9858199536479746,0.6766763617364688,0.31018272104221467,0.31018272104221467,,,,20,1.2-decoupled-support-aware-evaluation,"mean(known-class macro-F1, novel safe-or-correct rate when novel rows occur), summarized over support-eligible evaluation blocks","{'initial_model_saw_novel_target_class_names': False, 'label_budget_respected': True, 'predictions_scored_before_updates': True, 'preprocessing_fit_on_source_only': True, 'evaluation_uses_pre_update_predictions': True, 'drift_calibration_excludes_target_labels': True, 'change_boundary_aligned_to_evaluation_blocks': True}",anchored_B200,200
E05_UNSW_paired_5seed_v015,paired_prototype_static,prototype,37,NF-UNSW-NB15-v3-Historical-Pilot,NF-UNSW-NB15-v3-Future-Session-Aligned-Pilot,supported_6class_capture_session_and_prevalence_shift,chronological,"['Benign', 'DoS', 'Exploits', 'Fuzzers', 'Generic', 'Reconnaissance']",[],48,3030,120000,240,40,500,5000,24,4,False,absolute,0.0,0,0,0.0,0.0,0,[],37,{},[],0.649702900002012,1.7635693999473006,0.0,1.4696411666227504e-05,569.99609375,0.2697296142578125,0.33200100948030187,0.32162127563310633,0.3649577241503743,0.45041101014516,,,0.32162127563310633,0.4637961349011185,,0.4637961349011185,0.0,0.436786067183605,,0.436786067183605,0.0,0,10,1,[41],"{'reference_mode': 'target_warmup', 'reference_start_window': 0, 'reference_end_window': 10, 'calibration_start_window': 10, 'calibration_end_window': 30, 'monitoring_start_window': 30, 'threshold_method': 'median_plus_scaled_mad', 'mad_multiplier': 3.0, 'calibration_median': 0.06731565452095323, 'calibration_raw_mad': 0.012660621354012927, 'calibration_scaled_mad': 0.018770637219459565, 'mean_shift_threshold': 0.12362756617933192, 'consecutive_windows': 2, 'one_shot': True, 'target_labels_used': False, 'calibration_window_count': 20}",0.9907668675314261,0.4377833759228701,0.361720764072167,4,0.9907875850551241,0.6157855794270403,0.3290168029216519,,0.9907875850551241,0.6157855794270403,0.3290168029216519,0.3290168029216519,,,,20,1.2-decoupled-support-aware-evaluation,"mean(known-class macro-F1, novel safe-or-correct rate when novel rows occur), summarized over support-eligible evaluation blocks","{'initial_model_saw_novel_target_class_names': False, 'label_budget_respected': True, 'predictions_scored_before_updates': True, 'preprocessing_fit_on_source_only': True, 'evaluation_uses_pre_update_predictions': True, 'drift_calibration_excludes_target_labels': True, 'change_boundary_aligned_to_evaluation_blocks': True}",prototype_static,0
E05_UNSW_paired_5seed_v015,paired_naive_replay_B050,prototype,37,NF-UNSW-NB15-v3-Historical-Pilot,NF-UNSW-NB15-v3-Future-Session-Aligned-Pilot,supported_6class_capture_session_and_prevalence_shift,chronological,"['Benign', 'DoS', 'Exploits', 'Fuzzers', 'Generic', 'Reconnaissance']",[],48,3030,120000,240,40,500,5000,24,4,True,absolute,0.0,50,50,1.0,0.0004166666666666667,1,[41],37,"{'Benign': 38, 'Exploits': 5, 'Generic': 2, 'DoS': 2, 'Fuzzers': 2, 'Reconnaissance': 1}","[{'update_rule': 'replay', 'classes': {'Benign': {'incoming_count': 38, 'final_memory_count': 500}, 'DoS': {'incoming_count': 2, 'final_memory_count': 400}, 'Exploits': {'incoming_count': 5, 'final_memory_count': 500}, 'Fuzzers': {'incoming_count': 2, 'final_memory_count': 500}, 'Generic': {'incoming_count': 2, 'final_memory_count': 386}, 'Reconnaissance': {'incoming_count': 1, 'final_memory_count': 500}}}]",0.6255532999930438,1.741702399798669,0.009836599987465888,1.4514186664988908e-05,573.18359375,0.27037715911865234,0.33200100948030187,0.32684463818721815,0.3680938424377578,0.4603134177755433,,,0.32684463818721815,0.46814648902440437,,0.46814648902440437,0.0,0.4415605142936994,,0.4415605142936994,0.0,0,10,1,[41],"{'reference_mode': 'target_warmup', 'reference_start_window': 0, 'reference_end_window': 10, 'calibration_start_window': 10, 'calibration_end_window': 30, 'monitoring_start_window': 30, 'threshold_method': 'median_plus_scaled_mad', 'mad_multiplier': 3.0, 'calibration_median': 0.06731565452095323, 'calibration_raw_mad': 0.012660621354012927, 'calibration_scaled_mad': 0.018770637219459565, 'mean_shift_threshold': 0.12362756617933192, 'consecutive_windows': 2, 'one_shot': True, 'target_labels_used': False, 'calibration_window_count': 20}",0.9907668675314261,0.4377833759228701,0.36698983908771554,4,0.9907875850551241,0.5987352803893485,0.3347994112410674,,0.9907875850551241,0.5987352803893485,0.3347994112410674,0.3347994112410674,,,,20,1.2-decoupled-support-aware-evaluation,"mean(known-class macro-F1, novel safe-or-correct rate when novel rows occur), summarized over support-eligible evaluation blocks","{'initial_model_saw_novel_target_class_names': False, 'label_budget_respected': True, 'predictions_scored_before_updates': True, 'preprocessing_fit_on_source_only': True, 'evaluation_uses_pre_update_predictions': True, 'drift_calibration_excludes_target_labels': True, 'change_boundary_aligned_to_evaluation_blocks': True}",naive_B050,50
E05_UNSW_paired_5seed_v015,paired_source_anchored_B050,prototype,37,NF-UNSW-NB15-v3-Historical-Pilot,NF-UNSW-NB15-v3-Future-Session-Aligned-Pilot,supported_6class_capture_session_and_prevalence_shift,chronological,"['Benign', 'DoS', 'Exploits', 'Fuzzers', 'Generic', 'Reconnaissance']",[],48,3030,120000,240,40,500,5000,24,4,True,absolute,0.0,50,50,1.0,0.0004166666666666667,1,[41],37,"{'Benign': 38, 'Exploits': 5, 'Generic': 2, 'DoS': 2, 'Fuzzers': 2, 'Reconnaissance': 1}","[{'update_rule': 'source_anchored', 'minimum_target_samples_per_class': 5, 'anchor_reliability_tau': 25.0, 'anchor_max_alpha': 0.05, 'classes': {'Benign': {'incoming_count': 38, 'cumulative_target_count': 38, 'updated': True, 'alpha': 0.04260341063315041, 'reliability': 0.6031746031746031, 'source_anchor_weight': 500.0, 'reason': 'anchored_update'}, 'DoS': {'incoming_count': 2, 'cumulative_target_count': 2, 'updated': False, 'alpha': 0.0, 'reason': 'insufficient_target_support'}, 'Exploits': {'incoming_count': 5, 'cumulative_target_count': 5, 'updated': True, 'alpha': 0.0016501650165016502, 'reliability': 0.16666666666666666, 'source_anchor_weight': 500.0, 'reason': 'anchored_update'}, 'Fuzzers': {'incoming_count': 2, 'cumulative_target_count': 2, 'updated': False, 'alpha': 0.0, 'reason': 'insufficient_target_support'}, 'Generic': {'incoming_count': 2, 'cumulative_target_count': 2, 'updated': False, 'alpha': 0.0, 'reason': 'insufficient_target_support'}, 'Reconnaissance': {'incoming_count': 1, 'cumulative_target_count': 1, 'updated': False, 'alpha': 0.0, 'reason': 'insufficient_target_support'}}}]",0.6679744000139181,1.7318638996221125,0.010374500008765608,1.4432199163517604e-05,573.1953125,0.2714071273803711,0.33200100948030187,0.32269625164315824,0.36584512078128756,0.45335129391192447,,,0.32269625164315824,0.46478898089832893,,0.46478898089832893,0.0,0.4377339187672315,,0.4377339187672315,0.0,0,10,1,[41],"{'reference_mode': 'target_warmup', 'reference_start_window': 0, 'reference_end_window': 10, 'calibration_start_window': 10, 'calibration_end_window': 30, 'monitoring_start_window': 30, 'threshold_method': 'median_plus_scaled_mad', 'mad_multiplier': 3.0, 'calibration_median': 0.06731565452095323, 'calibration_raw_mad': 0.012660621354012927, 'calibration_scaled_mad': 0.018770637219459565, 'mean_shift_threshold': 0.12362756617933192, 'consecutive_windows': 2, 'one_shot': True, 'target_labels_used': False, 'calibration_window_count': 20}",0.9907668675314261,0.4377833759228701,0.36292328227871634,4,0.9907875850551241,0.6156232229362946,0.33016480065346493,,0.9907875850551241,0.6156232229362946,0.33016480065346493,0.33016480065346493,,,,20,1.2-decoupled-support-aware-evaluation,"mean(known-class macro-F1, novel safe-or-correct rate when novel rows occur), summarized over support-eligible evaluation blocks","{'initial_model_saw_novel_target_class_names': False, 'label_budget_respected': True, 'predictions_scored_before_updates': True, 'preprocessing_fit_on_source_only': True, 'evaluation_uses_pre_update_predictions': True, 'drift_calibration_excludes_target_labels': True, 'change_boundary_aligned_to_evaluation_blocks': True}",anchored_B050,50
E05_UNSW_paired_5seed_v015,paired_naive_replay_B200,prototype,37,NF-UNSW-NB15-v3-Historical-Pilot,NF-UNSW-NB15-v3-Future-Session-Aligned-Pilot,supported_6class_capture_session_and_prevalence_shift,chronological,"['Benign', 'DoS', 'Exploits', 'Fuzzers', 'Generic', 'Reconnaissance']",[],48,3030,120000,240,40,500,5000,24,4,True,absolute,0.0,200,200,1.0,0.0016666666666666668,1,[41],37,"{'Benign': 177, 'Exploits': 12, 'DoS': 4, 'Fuzzers': 4, 'Generic': 2, 'Reconnaissance': 1}","[{'update_rule': 'replay', 'classes': {'Benign': {'incoming_count': 177, 'final_memory_count': 500}, 'DoS': {'incoming_count': 4, 'final_memory_count': 402}, 'Exploits': {'incoming_count': 12, 'final_memory_count': 500}, 'Fuzzers': {'incoming_count': 4, 'final_memory_count': 500}, 'Generic': {'incoming_count': 2, 'final_memory_count': 386}, 'Reconnaissance': {'incoming_count': 1, 'final_memory_count': 500}}}]",0.6771233000035863,1.784206799871754,0.010973299999022856,1.4868389998931282e-05,573.2578125,0.27056026458740234,0.33200100948030187,0.3234823210061972,0.3656341606975757,0.45455857442514863,,,0.3234823210061972,0.46433923803181293,,0.46433923803181293,0.0,0.43830483793337177,,0.43830483793337177,0.0,0,10,1,[41],"{'reference_mode': 'target_warmup', 'reference_start_window': 0, 'reference_end_window': 10, 'calibration_start_window': 10, 'calibration_end_window': 30, 'monitoring_start_window': 30, 'threshold_method': 'median_plus_scaled_mad', 'mad_multiplier': 3.0, 'calibration_median': 0.06731565452095323, 'calibration_raw_mad': 0.012660621354012927, 'calibration_scaled_mad': 0.018770637219459565, 'mean_shift_threshold': 0.12362756617933192, 'consecutive_windows': 2, 'one_shot': True, 'target_labels_used': False, 'calibration_window_count': 20}",0.9907668675314261,0.4377833759228701,0.36237346903351564,4,0.9907875850551241,0.6138716445147945,0.33085627379029287,,0.9907875850551241,0.6138716445147945,0.33085627379029287,0.33085627379029287,,,,20,1.2-decoupled-support-aware-evaluation,"mean(known-class macro-F1, novel safe-or-correct rate when novel rows occur), summarized over support-eligible evaluation blocks","{'initial_model_saw_novel_target_class_names': False, 'label_budget_respected': True, 'predictions_scored_before_updates': True, 'preprocessing_fit_on_source_only': True, 'evaluation_uses_pre_update_predictions': True, 'drift_calibration_excludes_target_labels': True, 'change_boundary_aligned_to_evaluation_blocks': True}",naive_B200,200
E05_UNSW_paired_5seed_v015,paired_source_anchored_B200,prototype,37,NF-UNSW-NB15-v3-Historical-Pilot,NF-UNSW-NB15-v3-Future-Session-Aligned-Pilot,supported_6class_capture_session_and_prevalence_shift,chronological,"['Benign', 'DoS', 'Exploits', 'Fuzzers', 'Generic', 'Reconnaissance']",[],48,3030,120000,240,40,500,5000,24,4,True,absolute,0.0,200,200,1.0,0.0016666666666666668,1,[41],37,"{'Benign': 177, 'Exploits': 12, 'DoS': 4, 'Fuzzers': 4, 'Generic': 2, 'Reconnaissance': 1}","[{'update_rule': 'source_anchored', 'minimum_target_samples_per_class': 5, 'anchor_reliability_tau': 25.0, 'anchor_max_alpha': 0.05, 'classes': {'Benign': {'incoming_count': 177, 'cumulative_target_count': 177, 'updated': True, 'alpha': 0.05, 'reliability': 0.8762376237623762, 'source_anchor_weight': 500.0, 'reason': 'anchored_update'}, 'DoS': {'incoming_count': 4, 'cumulative_target_count': 4, 'updated': False, 'alpha': 0.0, 'reason': 'insufficient_target_support'}, 'Exploits': {'incoming_count': 12, 'cumulative_target_count': 12, 'updated': True, 'alpha': 0.007601351351351352, 'reliability': 0.32432432432432434, 'source_anchor_weight': 500.0, 'reason': 'anchored_update'}, 'Fuzzers': {'incoming_count': 4, 'cumulative_target_count': 4, 'updated': False, 'alpha': 0.0, 'reason': 'insufficient_target_support'}, 'Generic': {'incoming_count': 2, 'cumulative_target_count': 2, 'updated': False, 'alpha': 0.0, 'reason': 'insufficient_target_support'}, 'Reconnaissance': {'incoming_count': 1, 'cumulative_target_count': 1, 'updated': False, 'alpha': 0.0, 'reason': 'insufficient_target_support'}}}]",0.7508876999781933,1.9068093002133537,0.005439600005047396,1.5890077501777947e-05,573.31640625,0.2714071273803711,0.33200100948030187,0.3217945563010352,0.36517734752105513,0.4507378622892062,,,0.3217945563010352,0.464016059863356,,0.464016059863356,0.00026316956536074054,0.43693509046561557,,0.43693509046561557,0.0,0,10,1,[41],"{'reference_mode': 'target_warmup', 'reference_start_window': 0, 'reference_end_window': 10, 'calibration_start_window': 10, 'calibration_end_window': 30, 'monitoring_start_window': 30, 'threshold_method': 'median_plus_scaled_mad', 'mad_multiplier': 3.0, 'calibration_median': 0.06731565452095323, 'calibration_raw_mad': 0.012660621354012927, 'calibration_scaled_mad': 0.018770637219459565, 'mean_shift_threshold': 0.12362756617933192, 'consecutive_windows': 2, 'one_shot': True, 'target_labels_used': False, 'calibration_window_count': 20}",0.9907668675314261,0.4377833759228701,0.3619871334506086,4,0.9907875850551241,0.6157319908905837,0.32919729361522754,,0.9907875850551241,0.6157319908905837,0.32919729361522754,0.32919729361522754,,,,20,1.2-decoupled-support-aware-evaluation,"mean(known-class macro-F1, novel safe-or-correct rate when novel rows occur), summarized over support-eligible evaluation blocks","{'initial_model_saw_novel_target_class_names': False, 'label_budget_respected': True, 'predictions_scored_before_updates': True, 'preprocessing_fit_on_source_only': True, 'evaluation_uses_pre_update_predictions': True, 'drift_calibration_excludes_target_labels': True, 'change_boundary_aligned_to_evaluation_blocks': True}",anchored_B200,200
E05_UNSW_paired_5seed_v015,paired_prototype_static,prototype,53,NF-UNSW-NB15-v3-Historical-Pilot,NF-UNSW-NB15-v3-Future-Session-Aligned-Pilot,supported_6class_capture_session_and_prevalence_shift,chronological,"['Benign', 'DoS', 'Exploits', 'Fuzzers', 'Generic', 'Reconnaissance']",[],48,3030,120000,240,40,500,5000,24,4,False,absolute,0.0,0,0,0.0,0.0,0,[],53,{},[],0.7232347999815829,1.7813846002391074,0.0,1.4844871668659228e-05,571.0078125,0.269744873046875,0.33527219102444245,0.3062008772462576,0.34875700093934814,0.4670160065790853,,,0.3062008772462576,0.4484288137305418,,0.4484288137305418,0.0,0.42436009524060075,,0.42436009524060075,0.0,0,10,1,[41],"{'reference_mode': 'target_warmup', 'reference_start_window': 0, 'reference_end_window': 10, 'calibration_start_window': 10, 'calibration_end_window': 30, 'monitoring_start_window': 30, 'threshold_method': 'median_plus_scaled_mad', 'mad_multiplier': 3.0, 'calibration_median': 0.06491277910944739, 'calibration_raw_mad': 0.010370721066346001, 'calibration_scaled_mad': 0.01537563105296458, 'mean_shift_threshold': 0.11103967226834113, 'consecutive_windows': 2, 'one_shot': True, 'target_labels_used': False, 'calibration_window_count': 20}",0.994753732207981,0.6079763701601844,0.3409463750033648,4,0.9947681688519054,0.6798849225125243,0.31191034276503077,,0.9947681688519054,0.6798849225125243,0.31191034276503077,0.31191034276503077,,,,20,1.2-decoupled-support-aware-evaluation,"mean(known-class macro-F1, novel safe-or-correct rate when novel rows occur), summarized over support-eligible evaluation blocks","{'initial_model_saw_novel_target_class_names': False, 'label_budget_respected': True, 'predictions_scored_before_updates': True, 'preprocessing_fit_on_source_only': True, 'evaluation_uses_pre_update_predictions': True, 'drift_calibration_excludes_target_labels': True, 'change_boundary_aligned_to_evaluation_blocks': True}",prototype_static,0
E05_UNSW_paired_5seed_v015,paired_naive_replay_B050,prototype,53,NF-UNSW-NB15-v3-Historical-Pilot,NF-UNSW-NB15-v3-Future-Session-Aligned-Pilot,supported_6class_capture_session_and_prevalence_shift,chronological,"['Benign', 'DoS', 'Exploits', 'Fuzzers', 'Generic', 'Reconnaissance']",[],48,3030,120000,240,40,500,5000,24,4,True,absolute,0.0,50,50,1.0,0.0004166666666666667,1,[41],53,"{'Benign': 40, 'Exploits': 5, 'Fuzzers': 2, 'Reconnaissance': 1, 'Generic': 1, 'DoS': 1}","[{'update_rule': 'replay', 'classes': {'Benign': {'incoming_count': 40, 'final_memory_count': 500}, 'DoS': {'incoming_count': 1, 'final_memory_count': 398}, 'Exploits': {'incoming_count': 5, 'final_memory_count': 500}, 'Fuzzers': {'incoming_count': 2, 'final_memory_count': 500}, 'Generic': {'incoming_count': 1, 'final_memory_count': 386}, 'Reconnaissance': {'incoming_count': 1, 'final_memory_count': 500}}}]",0.6295099999988452,1.8070545998052694,0.009432999999262393,1.5058788331710578e-05,574.33203125,0.27019405364990234,0.33527219102444245,0.3109686673302943,0.35171677778276417,0.4731601732058194,,,0.3109686673302943,0.45189187327149793,,0.45189187327149793,0.0,0.42793687368403854,,0.42793687368403854,0.0,0,10,1,[41],"{'reference_mode': 'target_warmup', 'reference_start_window': 0, 'reference_end_window': 10, 'calibration_start_window': 10, 'calibration_end_window': 30, 'monitoring_start_window': 30, 'threshold_method': 'median_plus_scaled_mad', 'mad_multiplier': 3.0, 'calibration_median': 0.06491277910944739, 'calibration_raw_mad': 0.010370721066346001, 'calibration_scaled_mad': 0.01537563105296458, 'mean_shift_threshold': 0.11103967226834113, 'consecutive_windows': 2, 'one_shot': True, 'target_labels_used': False, 'calibration_window_count': 20}",0.994753732207981,0.6079763701601844,0.3451239631989108,4,0.9947681688519054,0.6714551249440872,0.3162250507206332,,0.9947681688519054,0.6714551249440872,0.3162250507206332,0.3162250507206332,,,,20,1.2-decoupled-support-aware-evaluation,"mean(known-class macro-F1, novel safe-or-correct rate when novel rows occur), summarized over support-eligible evaluation blocks","{'initial_model_saw_novel_target_class_names': False, 'label_budget_respected': True, 'predictions_scored_before_updates': True, 'preprocessing_fit_on_source_only': True, 'evaluation_uses_pre_update_predictions': True, 'drift_calibration_excludes_target_labels': True, 'change_boundary_aligned_to_evaluation_blocks': True}",naive_B050,50
E05_UNSW_paired_5seed_v015,paired_source_anchored_B050,prototype,53,NF-UNSW-NB15-v3-Historical-Pilot,NF-UNSW-NB15-v3-Future-Session-Aligned-Pilot,supported_6class_capture_session_and_prevalence_shift,chronological,"['Benign', 'DoS', 'Exploits', 'Fuzzers', 'Generic', 'Reconnaissance']",[],48,3030,120000,240,40,500,5000,24,4,True,absolute,0.0,50,50,1.0,0.0004166666666666667,1,[41],53,"{'Benign': 40, 'Exploits': 5, 'Fuzzers': 2, 'Reconnaissance': 1, 'Generic': 1, 'DoS': 1}","[{'update_rule': 'source_anchored', 'minimum_target_samples_per_class': 5, 'anchor_reliability_tau': 25.0, 'anchor_max_alpha': 0.05, 'classes': {'Benign': {'incoming_count': 40, 'cumulative_target_count': 40, 'updated': True, 'alpha': 0.045584045584045586, 'reliability': 0.6153846153846154, 'source_anchor_weight': 500.0, 'reason': 'anchored_update'}, 'DoS': {'incoming_count': 1, 'cumulative_target_count': 1, 'updated': False, 'alpha': 0.0, 'reason': 'insufficient_target_support'}, 'Exploits': {'incoming_count': 5, 'cumulative_target_count': 5, 'updated': True, 'alpha': 0.0016501650165016502, 'reliability': 0.16666666666666666, 'source_anchor_weight': 500.0, 'reason': 'anchored_update'}, 'Fuzzers': {'incoming_count': 2, 'cumulative_target_count': 2, 'updated': False, 'alpha': 0.0, 'reason': 'insufficient_target_support'}, 'Generic': {'incoming_count': 1, 'cumulative_target_count': 1, 'updated': False, 'alpha': 0.0, 'reason': 'insufficient_target_support'}, 'Reconnaissance': {'incoming_count': 1, 'cumulative_target_count': 1, 'updated': False, 'alpha': 0.0, 'reason': 'insufficient_target_support'}}}]",0.4653517000260763,1.02660500005004,0.004799799993634224,8.555041667083666e-06,574.375,0.2714223861694336,0.33527219102444245,0.30755213441040696,0.3496933944987179,0.46969369462956295,,,0.30755213441040696,0.4496477560607654,,0.4496477560607654,0.0,0.4255865123225455,,0.4255865123225455,0.0,0,10,1,[41],"{'reference_mode': 'target_warmup', 'reference_start_window': 0, 'reference_end_window': 10, 'calibration_start_window': 10, 'calibration_end_window': 30, 'monitoring_start_window': 30, 'threshold_method': 'median_plus_scaled_mad', 'mad_multiplier': 3.0, 'calibration_median': 0.06491277910944739, 'calibration_raw_mad': 0.010370721066346001, 'calibration_scaled_mad': 0.01537563105296458, 'mean_shift_threshold': 0.11103967226834113, 'consecutive_windows': 2, 'one_shot': True, 'target_labels_used': False, 'calibration_window_count': 20}",0.994753732207981,0.6079763701601844,0.34241682014863867,4,0.9947681688519054,0.6796350240270124,0.3133897834472072,,0.9947681688519054,0.6796350240270124,0.3133897834472072,0.3133897834472072,,,,20,1.2-decoupled-support-aware-evaluation,"mean(known-class macro-F1, novel safe-or-correct rate when novel rows occur), summarized over support-eligible evaluation blocks","{'initial_model_saw_novel_target_class_names': False, 'label_budget_respected': True, 'predictions_scored_before_updates': True, 'preprocessing_fit_on_source_only': True, 'evaluation_uses_pre_update_predictions': True, 'drift_calibration_excludes_target_labels': True, 'change_boundary_aligned_to_evaluation_blocks': True}",anchored_B050,50
E05_UNSW_paired_5seed_v015,paired_naive_replay_B200,prototype,53,NF-UNSW-NB15-v3-Historical-Pilot,NF-UNSW-NB15-v3-Future-Session-Aligned-Pilot,supported_6class_capture_session_and_prevalence_shift,chronological,"['Benign', 'DoS', 'Exploits', 'Fuzzers', 'Generic', 'Reconnaissance']",[],48,3030,120000,240,40,500,5000,24,4,True,absolute,0.0,200,200,1.0,0.0016666666666666668,1,[41],53,"{'Benign': 177, 'Exploits': 12, 'DoS': 4, 'Fuzzers': 4, 'Generic': 2, 'Reconnaissance': 1}","[{'update_rule': 'replay', 'classes': {'Benign': {'incoming_count': 177, 'final_memory_count': 500}, 'DoS': {'incoming_count': 4, 'final_memory_count': 401}, 'Exploits': {'incoming_count': 12, 'final_memory_count': 500}, 'Fuzzers': {'incoming_count': 4, 'final_memory_count': 500}, 'Generic': {'incoming_count': 2, 'final_memory_count': 387}, 'Reconnaissance': {'incoming_count': 1, 'final_memory_count': 500}}}]",0.6721220999897923,1.842361300077755,0.007783800014294684,1.5353010833981292e-05,573.28515625,0.27056026458740234,0.33527219102444245,0.30721964112841027,0.3479085431354348,0.46815774305231217,,,0.30721964112841027,0.44845344836418505,,0.44845344836418505,0.0003716593182673367,0.42497290550498185,,0.42497290550498185,0.0,0,10,1,[41],"{'reference_mode': 'target_warmup', 'reference_start_window': 0, 'reference_end_window': 10, 'calibration_start_window': 10, 'calibration_end_window': 30, 'monitoring_start_window': 30, 'threshold_method': 'median_plus_scaled_mad', 'mad_multiplier': 3.0, 'calibration_median': 0.06491277910944739, 'calibration_raw_mad': 0.010370721066346001, 'calibration_scaled_mad': 0.01537563105296458, 'mean_shift_threshold': 0.11103967226834113, 'consecutive_windows': 2, 'one_shot': True, 'target_labels_used': False, 'calibration_window_count': 20}",0.994753732207981,0.6079763701601844,0.3409760924695223,4,0.9947681688519054,0.6656957163072941,0.3126495826605997,,0.9947681688519054,0.6656957163072941,0.3126495826605997,0.3126495826605997,,,,20,1.2-decoupled-support-aware-evaluation,"mean(known-class macro-F1, novel safe-or-correct rate when novel rows occur), summarized over support-eligible evaluation blocks","{'initial_model_saw_novel_target_class_names': False, 'label_budget_respected': True, 'predictions_scored_before_updates': True, 'preprocessing_fit_on_source_only': True, 'evaluation_uses_pre_update_predictions': True, 'drift_calibration_excludes_target_labels': True, 'change_boundary_aligned_to_evaluation_blocks': True}",naive_B200,200
E05_UNSW_paired_5seed_v015,paired_source_anchored_B200,prototype,53,NF-UNSW-NB15-v3-Historical-Pilot,NF-UNSW-NB15-v3-Future-Session-Aligned-Pilot,supported_6class_capture_session_and_prevalence_shift,chronological,"['Benign', 'DoS', 'Exploits', 'Fuzzers', 'Generic', 'Reconnaissance']",[],48,3030,120000,240,40,500,5000,24,4,True,absolute,0.0,200,200,1.0,0.0016666666666666668,1,[41],53,"{'Benign': 177, 'Exploits': 12, 'DoS': 4, 'Fuzzers': 4, 'Generic': 2, 'Reconnaissance': 1}","[{'update_rule': 'source_anchored', 'minimum_target_samples_per_class': 5, 'anchor_reliability_tau': 25.0, 'anchor_max_alpha': 0.05, 'classes': {'Benign': {'incoming_count': 177, 'cumulative_target_count': 177, 'updated': True, 'alpha': 0.05, 'reliability': 0.8762376237623762, 'source_anchor_weight': 500.0, 'reason': 'anchored_update'}, 'DoS': {'incoming_count': 4, 'cumulative_target_count': 4, 'updated': False, 'alpha': 0.0, 'reason': 'insufficient_target_support'}, 'Exploits': {'incoming_count': 12, 'cumulative_target_count': 12, 'updated': True, 'alpha': 0.007601351351351352, 'reliability': 0.32432432432432434, 'source_anchor_weight': 500.0, 'reason': 'anchored_update'}, 'Fuzzers': {'incoming_count': 4, 'cumulative_target_count': 4, 'updated': False, 'alpha': 0.0, 'reason': 'insufficient_target_support'}, 'Generic': {'incoming_count': 2, 'cumulative_target_count': 2, 'updated': False, 'alpha': 0.0, 'reason': 'insufficient_target_support'}, 'Reconnaissance': {'incoming_count': 1, 'cumulative_target_count': 1, 'updated': False, 'alpha': 0.0, 'reason': 'insufficient_target_support'}}}]",0.7115680999995675,1.8596160002052784,0.007969800004502758,1.5496800001710655e-05,573.30859375,0.2714223861694336,0.33527219102444245,0.3069860297569299,0.34916573576700977,0.4671730468230728,,,0.3069860297569299,0.4491905570339191,,0.4491905570339191,0.0002224657589434115,0.4251834374974133,,0.4251834374974133,0.0,0,10,1,[41],"{'reference_mode': 'target_warmup', 'reference_start_window': 0, 'reference_end_window': 10, 'calibration_start_window': 10, 'calibration_end_window': 30, 'monitoring_start_window': 30, 'threshold_method': 'median_plus_scaled_mad', 'mad_multiplier': 3.0, 'calibration_median': 0.06491277910944739, 'calibration_raw_mad': 0.010370721066346001, 'calibration_scaled_mad': 0.01537563105296458, 'mean_shift_threshold': 0.11103967226834113, 'consecutive_windows': 2, 'one_shot': True, 'target_labels_used': False, 'calibration_window_count': 20}",0.994753732207981,0.6079763701601844,0.34186528783018444,4,0.9947681688519054,0.6798849225125243,0.3129035497645223,,0.9947681688519054,0.6798849225125243,0.3129035497645223,0.3129035497645223,,,,20,1.2-decoupled-support-aware-evaluation,"mean(known-class macro-F1, novel safe-or-correct rate when novel rows occur), summarized over support-eligible evaluation blocks","{'initial_model_saw_novel_target_class_names': False, 'label_budget_respected': True, 'predictions_scored_before_updates': True, 'preprocessing_fit_on_source_only': True, 'evaluation_uses_pre_update_predictions': True, 'drift_calibration_excludes_target_labels': True, 'change_boundary_aligned_to_evaluation_blocks': True}",anchored_B200,200
E05_UNSW_paired_5seed_v015,paired_prototype_static,prototype,71,NF-UNSW-NB15-v3-Historical-Pilot,NF-UNSW-NB15-v3-Future-Session-Aligned-Pilot,supported_6class_capture_session_and_prevalence_shift,chronological,"['Benign', 'DoS', 'Exploits', 'Fuzzers', 'Generic', 'Reconnaissance']",[],48,3030,120000,240,40,500,5000,24,4,False,absolute,0.0,0,0,0.0,0.0,0,[],71,{},[],0.5897856999945361,1.6151887998275924,0.0,1.3459906665229937e-05,571.265625,0.269927978515625,0.3493834277766399,0.31340688465597155,0.36558784331292077,0.466132633769402,,,0.31340688465597155,0.4544295480884621,,0.4544295480884621,0.0,0.428592740340938,,0.428592740340938,0.0,0,10,1,[41],"{'reference_mode': 'target_warmup', 'reference_start_window': 0, 'reference_end_window': 10, 'calibration_start_window': 10, 'calibration_end_window': 30, 'monitoring_start_window': 30, 'threshold_method': 'median_plus_scaled_mad', 'mad_multiplier': 3.0, 'calibration_median': 0.06575995769462242, 'calibration_raw_mad': 0.011353851324622525, 'calibration_scaled_mad': 0.016833219973885354, 'mean_shift_threshold': 0.11625961761627848, 'consecutive_windows': 2, 'one_shot': True, 'target_labels_used': False, 'calibration_window_count': 20}",0.9880919866474089,0.49469785800737864,0.3518525103291932,4,0.9881252593993259,0.6659127647492313,0.3204919958445063,,0.9881252593993259,0.6659127647492313,0.3204919958445063,0.3204919958445063,,,,20,1.2-decoupled-support-aware-evaluation,"mean(known-class macro-F1, novel safe-or-correct rate when novel rows occur), summarized over support-eligible evaluation blocks","{'initial_model_saw_novel_target_class_names': False, 'label_budget_respected': True, 'predictions_scored_before_updates': True, 'preprocessing_fit_on_source_only': True, 'evaluation_uses_pre_update_predictions': True, 'drift_calibration_excludes_target_labels': True, 'change_boundary_aligned_to_evaluation_blocks': True}",prototype_static,0
E05_UNSW_paired_5seed_v015,paired_naive_replay_B050,prototype,71,NF-UNSW-NB15-v3-Historical-Pilot,NF-UNSW-NB15-v3-Future-Session-Aligned-Pilot,supported_6class_capture_session_and_prevalence_shift,chronological,"['Benign', 'DoS', 'Exploits', 'Fuzzers', 'Generic', 'Reconnaissance']",[],48,3030,120000,240,40,500,5000,24,4,True,absolute,0.0,50,50,1.0,0.0004166666666666667,1,[41],71,"{'Benign': 40, 'Exploits': 5, 'Fuzzers': 2, 'Reconnaissance': 1, 'Generic': 1, 'DoS': 1}","[{'update_rule': 'replay', 'classes': {'Benign': {'incoming_count': 40, 'final_memory_count': 500}, 'DoS': {'incoming_count': 1, 'final_memory_count': 399}, 'Exploits': {'incoming_count': 5, 'final_memory_count': 500}, 'Fuzzers': {'incoming_count': 2, 'final_memory_count': 500}, 'Generic': {'incoming_count': 1, 'final_memory_count': 387}, 'Reconnaissance': {'incoming_count': 1, 'final_memory_count': 500}}}]",0.6352073999878485,1.714058200159343,0.012822399992728606,1.428381833466119e-05,573.33203125,0.27037715911865234,0.3493834277766399,0.3129191476271769,0.36381798134247645,0.4671545449984503,,,0.3129191476271769,0.45390228226551405,,0.45390228226551405,0.0,0.4283306240537768,,0.4283306240537768,0.0,0,10,1,[41],"{'reference_mode': 'target_warmup', 'reference_start_window': 0, 'reference_end_window': 10, 'calibration_start_window': 10, 'calibration_end_window': 30, 'monitoring_start_window': 30, 'threshold_method': 'median_plus_scaled_mad', 'mad_multiplier': 3.0, 'calibration_median': 0.06575995769462242, 'calibration_raw_mad': 0.011353851324622525, 'calibration_scaled_mad': 0.016833219973885354, 'mean_shift_threshold': 0.11625961761627848, 'consecutive_windows': 2, 'one_shot': True, 'target_labels_used': False, 'calibration_window_count': 20}",0.9880919866474089,0.49469785800737864,0.351212166114193,4,0.9881252593993259,0.6629426555069322,0.320173676338349,,0.9881252593993259,0.6629426555069322,0.320173676338349,0.320173676338349,,,,20,1.2-decoupled-support-aware-evaluation,"mean(known-class macro-F1, novel safe-or-correct rate when novel rows occur), summarized over support-eligible evaluation blocks","{'initial_model_saw_novel_target_class_names': False, 'label_budget_respected': True, 'predictions_scored_before_updates': True, 'preprocessing_fit_on_source_only': True, 'evaluation_uses_pre_update_predictions': True, 'drift_calibration_excludes_target_labels': True, 'change_boundary_aligned_to_evaluation_blocks': True}",naive_B050,50
E05_UNSW_paired_5seed_v015,paired_source_anchored_B050,prototype,71,NF-UNSW-NB15-v3-Historical-Pilot,NF-UNSW-NB15-v3-Future-Session-Aligned-Pilot,supported_6class_capture_session_and_prevalence_shift,chronological,"['Benign', 'DoS', 'Exploits', 'Fuzzers', 'Generic', 'Reconnaissance']",[],48,3030,120000,240,40,500,5000,24,4,True,absolute,0.0,50,50,1.0,0.0004166666666666667,1,[41],71,"{'Benign': 40, 'Exploits': 5, 'Fuzzers': 2, 'Reconnaissance': 1, 'Generic': 1, 'DoS': 1}","[{'update_rule': 'source_anchored', 'minimum_target_samples_per_class': 5, 'anchor_reliability_tau': 25.0, 'anchor_max_alpha': 0.05, 'classes': {'Benign': {'incoming_count': 40, 'cumulative_target_count': 40, 'updated': True, 'alpha': 0.045584045584045586, 'reliability': 0.6153846153846154, 'source_anchor_weight': 500.0, 'reason': 'anchored_update'}, 'DoS': {'incoming_count': 1, 'cumulative_target_count': 1, 'updated': False, 'alpha': 0.0, 'reason': 'insufficient_target_support'}, 'Exploits': {'incoming_count': 5, 'cumulative_target_count': 5, 'updated': True, 'alpha': 0.0016501650165016502, 'reliability': 0.16666666666666666, 'source_anchor_weight': 500.0, 'reason': 'anchored_update'}, 'Fuzzers': {'incoming_count': 2, 'cumulative_target_count': 2, 'updated': False, 'alpha': 0.0, 'reason': 'insufficient_target_support'}, 'Generic': {'incoming_count': 1, 'cumulative_target_count': 1, 'updated': False, 'alpha': 0.0, 'reason': 'insufficient_target_support'}, 'Reconnaissance': {'incoming_count': 1, 'cumulative_target_count': 1, 'updated': False, 'alpha': 0.0, 'reason': 'insufficient_target_support'}}}]",0.6630717999942135,1.6866996002499945,0.004954400006681681,1.4055830002083288e-05,574.609375,0.2716054916381836,0.3493834277766399,0.31295794986063225,0.36466593212437964,0.4670340740291627,,,0.31295794986063225,0.45386408372275694,,0.45386408372275694,0.0,0.42821040675722394,,0.42821040675722394,0.0,0,10,1,[41],"{'reference_mode': 'target_warmup', 'reference_start_window': 0, 'reference_end_window': 10, 'calibration_start_window': 10, 'calibration_end_window': 30, 'monitoring_start_window': 30, 'threshold_method': 'median_plus_scaled_mad', 'mad_multiplier': 3.0, 'calibration_median': 0.06575995769462242, 'calibration_raw_mad': 0.011353851324622525, 'calibration_scaled_mad': 0.016833219973885354, 'mean_shift_threshold': 0.11625961761627848, 'consecutive_windows': 2, 'one_shot': True, 'target_labels_used': False, 'calibration_window_count': 20}",0.9880919866474089,0.49469785800737864,0.3511657754421423,4,0.9881252593993259,0.66578049334477,0.32002768193683856,,0.9881252593993259,0.66578049334477,0.32002768193683856,0.32002768193683856,,,,20,1.2-decoupled-support-aware-evaluation,"mean(known-class macro-F1, novel safe-or-correct rate when novel rows occur), summarized over support-eligible evaluation blocks","{'initial_model_saw_novel_target_class_names': False, 'label_budget_respected': True, 'predictions_scored_before_updates': True, 'preprocessing_fit_on_source_only': True, 'evaluation_uses_pre_update_predictions': True, 'drift_calibration_excludes_target_labels': True, 'change_boundary_aligned_to_evaluation_blocks': True}",anchored_B050,50
E05_UNSW_paired_5seed_v015,paired_naive_replay_B200,prototype,71,NF-UNSW-NB15-v3-Historical-Pilot,NF-UNSW-NB15-v3-Future-Session-Aligned-Pilot,supported_6class_capture_session_and_prevalence_shift,chronological,"['Benign', 'DoS', 'Exploits', 'Fuzzers', 'Generic', 'Reconnaissance']",[],48,3030,120000,240,40,500,5000,24,4,True,absolute,0.0,200,200,1.0,0.0016666666666666668,1,[41],71,"{'Benign': 176, 'Exploits': 12, 'DoS': 4, 'Fuzzers': 4, 'Reconnaissance': 2, 'Generic': 2}","[{'update_rule': 'replay', 'classes': {'Benign': {'incoming_count': 176, 'final_memory_count': 500}, 'DoS': {'incoming_count': 4, 'final_memory_count': 402}, 'Exploits': {'incoming_count': 12, 'final_memory_count': 500}, 'Fuzzers': {'incoming_count': 4, 'final_memory_count': 500}, 'Generic': {'incoming_count': 2, 'final_memory_count': 388}, 'Reconnaissance': {'incoming_count': 2, 'final_memory_count': 500}}}]",0.6490752999961842,1.8307486003322992,0.010694900003727525,1.5256238336102494e-05,575.3515625,0.27074337005615234,0.3493834277766399,0.3137713153595579,0.36485687245529447,0.4674572419016714,,,0.3137713153595579,0.4548165095410468,,0.4548165095410468,0.0,0.42909340674285845,,0.42909340674285845,0.0,0,10,1,[41],"{'reference_mode': 'target_warmup', 'reference_start_window': 0, 'reference_end_window': 10, 'calibration_start_window': 10, 'calibration_end_window': 30, 'monitoring_start_window': 30, 'threshold_method': 'median_plus_scaled_mad', 'mad_multiplier': 3.0, 'calibration_median': 0.06575995769462242, 'calibration_raw_mad': 0.011353851324622525, 'calibration_scaled_mad': 0.016833219973885354, 'mean_shift_threshold': 0.11625961761627848, 'consecutive_windows': 2, 'one_shot': True, 'target_labels_used': False, 'calibration_window_count': 20}",0.9880919866474089,0.49469785800737864,0.35232246024213326,4,0.9881252593993259,0.6595357719682351,0.3211000156037317,,0.9881252593993259,0.6595357719682351,0.3211000156037317,0.3211000156037317,,,,20,1.2-decoupled-support-aware-evaluation,"mean(known-class macro-F1, novel safe-or-correct rate when novel rows occur), summarized over support-eligible evaluation blocks","{'initial_model_saw_novel_target_class_names': False, 'label_budget_respected': True, 'predictions_scored_before_updates': True, 'preprocessing_fit_on_source_only': True, 'evaluation_uses_pre_update_predictions': True, 'drift_calibration_excludes_target_labels': True, 'change_boundary_aligned_to_evaluation_blocks': True}",naive_B200,200
E05_UNSW_paired_5seed_v015,paired_source_anchored_B200,prototype,71,NF-UNSW-NB15-v3-Historical-Pilot,NF-UNSW-NB15-v3-Future-Session-Aligned-Pilot,supported_6class_capture_session_and_prevalence_shift,chronological,"['Benign', 'DoS', 'Exploits', 'Fuzzers', 'Generic', 'Reconnaissance']",[],48,3030,120000,240,40,500,5000,24,4,True,absolute,0.0,200,200,1.0,0.0016666666666666668,1,[41],71,"{'Benign': 176, 'Exploits': 12, 'DoS': 4, 'Fuzzers': 4, 'Reconnaissance': 2, 'Generic': 2}","[{'update_rule': 'source_anchored', 'minimum_target_samples_per_class': 5, 'anchor_reliability_tau': 25.0, 'anchor_max_alpha': 0.05, 'classes': {'Benign': {'incoming_count': 176, 'cumulative_target_count': 176, 'updated': True, 'alpha': 0.05, 'reliability': 0.8756218905472637, 'source_anchor_weight': 500.0, 'reason': 'anchored_update'}, 'DoS': {'incoming_count': 4, 'cumulative_target_count': 4, 'updated': False, 'alpha': 0.0, 'reason': 'insufficient_target_support'}, 'Exploits': {'incoming_count': 12, 'cumulative_target_count': 12, 'updated': True, 'alpha': 0.007601351351351352, 'reliability': 0.32432432432432434, 'source_anchor_weight': 500.0, 'reason': 'anchored_update'}, 'Fuzzers': {'incoming_count': 4, 'cumulative_target_count': 4, 'updated': False, 'alpha': 0.0, 'reason': 'insufficient_target_support'}, 'Generic': {'incoming_count': 2, 'cumulative_target_count': 2, 'updated': False, 'alpha': 0.0, 'reason': 'insufficient_target_support'}, 'Reconnaissance': {'incoming_count': 2, 'cumulative_target_count': 2, 'updated': False, 'alpha': 0.0, 'reason': 'insufficient_target_support'}}}]",0.6834345000097528,1.7849825998710003,0.008844299998600036,1.4874854998925002e-05,574.83203125,0.2716054916381836,0.3493834277766399,0.31256537925444833,0.364335806896073,0.4651218865767707,,,0.31256537925444833,0.45333877851260046,,0.45333877851260046,2.2305744621792476e-05,0.4278467275331555,,0.4278467275331555,0.0,0,10,1,[41],"{'reference_mode': 'target_warmup', 'reference_start_window': 0, 'reference_end_window': 10, 'calibration_start_window': 10, 'calibration_end_window': 30, 'monitoring_start_window': 30, 'threshold_method': 'median_plus_scaled_mad', 'mad_multiplier': 3.0, 'calibration_median': 0.06575995769462242, 'calibration_raw_mad': 0.011353851324622525, 'calibration_scaled_mad': 0.016833219973885354, 'mean_shift_threshold': 0.11625961761627848, 'consecutive_windows': 2, 'one_shot': True, 'target_labels_used': False, 'calibration_window_count': 20}",0.9880919866474089,0.49469785800737864,0.35052781231653624,4,0.9881252593993259,0.6658469620696978,0.3195860222740268,,0.9881252593993259,0.6658469620696978,0.3195860222740268,0.3195860222740268,,,,20,1.2-decoupled-support-aware-evaluation,"mean(known-class macro-F1, novel safe-or-correct rate when novel rows occur), summarized over support-eligible evaluation blocks","{'initial_model_saw_novel_target_class_names': False, 'label_budget_respected': True, 'predictions_scored_before_updates': True, 'preprocessing_fit_on_source_only': True, 'evaluation_uses_pre_update_predictions': True, 'drift_calibration_excludes_target_labels': True, 'change_boundary_aligned_to_evaluation_blocks': True}",anchored_B200,200
