seed,condition,method,selection_strategy,update_rule,budget,labels_queried,selected_MAD_multiplier,drift_trigger_windows,trigger_delay_windows,query_selection_sha256,summary_path,global_known_macro_f1,global_novel_auprc,global_novel_exact_recall,global_novel_rejection_rate,global_novel_harmful_acceptance_rate,global_acquisition_macro_f1,evaluation_mean_acquisition_macro_f1,primary_normalized_recovery_area,safety_normalized_recovery_area,mean_source_forgetting,recovery_time_evaluation_blocks,static_selected_MAD_multiplier,static_summary_path,static_global_known_macro_f1,static_global_novel_auprc,static_global_novel_exact_recall,static_global_novel_rejection_rate,static_global_novel_harmful_acceptance_rate,static_global_acquisition_macro_f1,static_evaluation_mean_acquisition_macro_f1,static_primary_normalized_recovery_area,static_safety_normalized_recovery_area,static_mean_source_forgetting,static_recovery_time_evaluation_blocks,delta_global_novel_exact_recall_vs_static,delta_global_acquisition_macro_f1_vs_static,delta_primary_normalized_recovery_area_vs_static,delta_mean_source_forgetting_vs_static
11,random_naive_B050,cse_dos_random_naive_replay_B050,random_nested,naive_replay,50,50,3.0,[41],1,fe930d3703039853db50269fbcef425d4131520eec7ebf6365294cbed00f034f,C:\Users\ASUS\raids-nids\results\runs\E13_CSE_DoS_prospective_random_naive_replay_B050_v018__NF-CICIDS2018-v3-DoS-Historical-Pilot-to-NF-CICIDS2018-v3-DoS-Emergence-Pilot__dos_goldeneye_first_family_emergence__cse_dos_random_naive_replay_B050__seed11\summary.json,0.8507462686567164,0.13752423350173054,0.8435603762135923,0.0390625,0.11737712378640777,0.8123807316044558,0.8178797508028138,0.8779079835767213,0.91265026974916,0.014410385251247911,1.0,3.0,C:\Users\ASUS\raids-nids\results\runs\E12_CSE_DoS_prospective_static_v018__NF-CICIDS2018-v3-DoS-Historical-Pilot-to-NF-CICIDS2018-v3-DoS-Emergence-Pilot__dos_goldeneye_first_family_emergence__cse_dos_prototype_static_open_guard_safe__seed11\summary.json,0.8906489736678416,0.15258415406981218,0.0,0.03951759708737864,0.9604824029126213,0.3944205130357677,0.6058609734335688,0.36737577678680616,0.5435309417159496,0.0,,0.8435603762135923,0.4179602185686881,0.5105322067899152,0.014410385251247911
11,random_anchored_B050,cse_dos_random_source_anchored_B050,random_nested,source_anchored,50,50,3.0,[41],1,fe930d3703039853db50269fbcef425d4131520eec7ebf6365294cbed00f034f,C:\Users\ASUS\raids-nids\results\runs\E13_CSE_DoS_prospective_random_source_anchored_B050_v018__NF-CICIDS2018-v3-DoS-Historical-Pilot-to-NF-CICIDS2018-v3-DoS-Emergence-Pilot__dos_goldeneye_first_family_emergence__cse_dos_random_source_anchored_B050__seed11\summary.json,0.850513470545267,0.13752236795390033,0.8435603762135923,0.0390625,0.11737712378640777,0.8120554382180072,0.8176463217077613,0.8777457098544611,0.9125696761103282,0.014900188233900952,1.0,3.0,C:\Users\ASUS\raids-nids\results\runs\E12_CSE_DoS_prospective_static_v018__NF-CICIDS2018-v3-DoS-Historical-Pilot-to-NF-CICIDS2018-v3-DoS-Emergence-Pilot__dos_goldeneye_first_family_emergence__cse_dos_prototype_static_open_guard_safe__seed11\summary.json,0.8906489736678416,0.15258415406981218,0.0,0.03951759708737864,0.9604824029126213,0.3944205130357677,0.6058609734335688,0.36737577678680616,0.5435309417159496,0.0,,0.8435603762135923,0.4176349251822395,0.510369933067655,0.014900188233900952
11,ud_naive_B050,cse_dos_ud_naive_replay_B050,uncertainty_diversity,naive_replay,50,50,3.0,[41],1,5bd93e609e9dc1dd4cd0eedbae32739177221a235d407cf6a1f14ac537bfbe9e,C:\Users\ASUS\raids-nids\results\runs\E13_CSE_DoS_prospective_ud_naive_replay_B050_v018__NF-CICIDS2018-v3-DoS-Historical-Pilot-to-NF-CICIDS2018-v3-DoS-Emergence-Pilot__dos_goldeneye_first_family_emergence__cse_dos_ud_naive_replay_B050__seed11\summary.json,0.8498427672955975,0.14577861804307218,0.018810679611650484,0.029202063106796117,0.9519872572815534,0.38936370286739835,0.585057404638904,0.3591541568139631,0.5187104566159509,0.017099342555459012,,3.0,C:\Users\ASUS\raids-nids\results\runs\E12_CSE_DoS_prospective_static_v018__NF-CICIDS2018-v3-DoS-Historical-Pilot-to-NF-CICIDS2018-v3-DoS-Emergence-Pilot__dos_goldeneye_first_family_emergence__cse_dos_prototype_static_open_guard_safe__seed11\summary.json,0.8906489736678416,0.15258415406981218,0.0,0.03951759708737864,0.9604824029126213,0.3944205130357677,0.6058609734335688,0.36737577678680616,0.5435309417159496,0.0,,0.018810679611650484,-0.005056810168369341,-0.008221619972843042,0.017099342555459012
11,ud_anchored_B050,cse_dos_ud_source_anchored_B050,uncertainty_diversity,source_anchored,50,50,3.0,[41],1,5bd93e609e9dc1dd4cd0eedbae32739177221a235d407cf6a1f14ac537bfbe9e,C:\Users\ASUS\raids-nids\results\runs\E13_CSE_DoS_prospective_ud_source_anchored_B050_v018__NF-CICIDS2018-v3-DoS-Historical-Pilot-to-NF-CICIDS2018-v3-DoS-Emergence-Pilot__dos_goldeneye_first_family_emergence__cse_dos_ud_source_anchored_B050__seed11\summary.json,0.8488458583064392,0.14611908463568934,0.018810679611650484,0.029202063106796117,0.9519872572815534,0.38908557634669705,0.5845304872789597,0.35901421571915737,0.5180123123862329,0.019880573835778112,,3.0,C:\Users\ASUS\raids-nids\results\runs\E12_CSE_DoS_prospective_static_v018__NF-CICIDS2018-v3-DoS-Historical-Pilot-to-NF-CICIDS2018-v3-DoS-Emergence-Pilot__dos_goldeneye_first_family_emergence__cse_dos_prototype_static_open_guard_safe__seed11\summary.json,0.8906489736678416,0.15258415406981218,0.0,0.03951759708737864,0.9604824029126213,0.3944205130357677,0.6058609734335688,0.36737577678680616,0.5435309417159496,0.0,,0.018810679611650484,-0.005334936689070646,-0.008361561067648793,0.019880573835778112
11,random_naive_B200,cse_dos_random_naive_replay_B200,random_nested,naive_replay,200,200,3.0,[41],1,0085c5acf825a08bf3f952713087b9de27db7afa2c727b3a9ce395077178ae24,C:\Users\ASUS\raids-nids\results\runs\E13_CSE_DoS_prospective_random_naive_replay_B200_v018__NF-CICIDS2018-v3-DoS-Historical-Pilot-to-NF-CICIDS2018-v3-DoS-Emergence-Pilot__dos_goldeneye_first_family_emergence__cse_dos_random_naive_replay_B200__seed11\summary.json,0.8430924344828439,0.1373160717810606,0.8439396237864077,0.03868325242718446,0.11737712378640777,0.801256450585084,0.8105382496979443,0.87273625456529,0.9097985441507913,0.018742941429515166,1.0,3.0,C:\Users\ASUS\raids-nids\results\runs\E12_CSE_DoS_prospective_static_v018__NF-CICIDS2018-v3-DoS-Historical-Pilot-to-NF-CICIDS2018-v3-DoS-Emergence-Pilot__dos_goldeneye_first_family_emergence__cse_dos_prototype_static_open_guard_safe__seed11\summary.json,0.8906489736678416,0.15258415406981218,0.0,0.03951759708737864,0.9604824029126213,0.3944205130357677,0.6058609734335688,0.36737577678680616,0.5435309417159496,0.0,,0.8439396237864077,0.4068359375493163,0.5053604777784839,0.018742941429515166
11,random_anchored_B200,cse_dos_random_source_anchored_B200,random_nested,source_anchored,200,200,3.0,[41],1,0085c5acf825a08bf3f952713087b9de27db7afa2c727b3a9ce395077178ae24,C:\Users\ASUS\raids-nids\results\runs\E13_CSE_DoS_prospective_random_source_anchored_B200_v018__NF-CICIDS2018-v3-DoS-Historical-Pilot-to-NF-CICIDS2018-v3-DoS-Emergence-Pilot__dos_goldeneye_first_family_emergence__cse_dos_random_source_anchored_B200__seed11\summary.json,0.8425632911392406,0.13735443504416556,0.8439396237864077,0.03868325242718446,0.11737712378640777,0.800724347428732,0.8100851176022629,0.872471166762622,0.9096609469191405,0.019412113954290232,1.0,3.0,C:\Users\ASUS\raids-nids\results\runs\E12_CSE_DoS_prospective_static_v018__NF-CICIDS2018-v3-DoS-Historical-Pilot-to-NF-CICIDS2018-v3-DoS-Emergence-Pilot__dos_goldeneye_first_family_emergence__cse_dos_prototype_static_open_guard_safe__seed11\summary.json,0.8906489736678416,0.15258415406981218,0.0,0.03951759708737864,0.9604824029126213,0.3944205130357677,0.6058609734335688,0.36737577678680616,0.5435309417159496,0.0,,0.8439396237864077,0.4063038343929643,0.5050953899758159,0.019412113954290232
11,ud_naive_B200,cse_dos_ud_naive_replay_B200,uncertainty_diversity,naive_replay,200,200,3.0,[41],1,2838c4be24665a0b38ec8050315db20dd7fff4546fc3a838ff1f16d03c619813,C:\Users\ASUS\raids-nids\results\runs\E13_CSE_DoS_prospective_ud_naive_replay_B200_v018__NF-CICIDS2018-v3-DoS-Historical-Pilot-to-NF-CICIDS2018-v3-DoS-Emergence-Pilot__dos_goldeneye_first_family_emergence__cse_dos_ud_naive_replay_B200__seed11\summary.json,0.8444559630253553,0.1373033152995605,0.8437879247572816,0.038834951456310676,0.11737712378640777,0.8022406075195241,0.8115528064428418,0.8733831247648339,0.9103043508291027,0.01654729360908563,1.0,3.0,C:\Users\ASUS\raids-nids\results\runs\E12_CSE_DoS_prospective_static_v018__NF-CICIDS2018-v3-DoS-Historical-Pilot-to-NF-CICIDS2018-v3-DoS-Emergence-Pilot__dos_goldeneye_first_family_emergence__cse_dos_prototype_static_open_guard_safe__seed11\summary.json,0.8906489736678416,0.15258415406981218,0.0,0.03951759708737864,0.9604824029126213,0.3944205130357677,0.6058609734335688,0.36737577678680616,0.5435309417159496,0.0,,0.8437879247572816,0.4078200944837564,0.5060073479780278,0.01654729360908563
11,ud_anchored_B200,cse_dos_ud_source_anchored_B200,uncertainty_diversity,source_anchored,200,200,3.0,[41],1,2838c4be24665a0b38ec8050315db20dd7fff4546fc3a838ff1f16d03c619813,C:\Users\ASUS\raids-nids\results\runs\E13_CSE_DoS_prospective_ud_source_anchored_B200_v018__NF-CICIDS2018-v3-DoS-Historical-Pilot-to-NF-CICIDS2018-v3-DoS-Emergence-Pilot__dos_goldeneye_first_family_emergence__cse_dos_ud_source_anchored_B200__seed11\summary.json,0.8422842234765352,0.137313795660958,0.8437879247572816,0.03875910194174757,0.11745297330097088,0.7993245576501484,0.8095767827954911,0.8718088433680595,0.9094559725366,0.020004110977966522,1.0,3.0,C:\Users\ASUS\raids-nids\results\runs\E12_CSE_DoS_prospective_static_v018__NF-CICIDS2018-v3-DoS-Historical-Pilot-to-NF-CICIDS2018-v3-DoS-Emergence-Pilot__dos_goldeneye_first_family_emergence__cse_dos_prototype_static_open_guard_safe__seed11\summary.json,0.8906489736678416,0.15258415406981218,0.0,0.03951759708737864,0.9604824029126213,0.3944205130357677,0.6058609734335688,0.36737577678680616,0.5435309417159496,0.0,,0.8437879247572816,0.40490404461438073,0.5044330665812533,0.020004110977966522
23,random_naive_B050,cse_dos_random_naive_replay_B050,random_nested,naive_replay,50,50,3.0,[41],1,fe930d3703039853db50269fbcef425d4131520eec7ebf6365294cbed00f034f,C:\Users\ASUS\raids-nids\results\runs\R19_DoS_s023_RN50__NF-CICIDS2018-v3-DoS-Historical-Pilot-to-NF-CICIDS2018-v3-DoS-Emergence-Pilot__dos_goldeneye_first_family_emergence__cse_dos_random_naive_replay_B050__seed23\summary.json,0.8206739761570386,0.13880086685198886,0.8431052791262136,0.03784890776699029,0.11904581310679611,0.7804624475694748,0.7920479424511179,0.8723778112057782,0.9035107296842976,0.01847049627729266,1.0,3.0,C:\Users\ASUS\raids-nids\results\runs\R18_CSE_DoS_guard_seed_robustness_s023__NF-CICIDS2018-v3-DoS-Historical-Pilot-to-NF-CICIDS2018-v3-DoS-Emergence-Pilot__dos_goldeneye_first_family_emergence__cse_dos_prototype_static_open_guard_safe__seed23\summary.json,0.8729356252106505,0.16329765608299773,0.0,0.03853155339805825,0.9614684466019418,0.3999250002757343,0.6075400442024411,0.398644087571,0.535510462328069,0.0,,0.8431052791262136,0.3805374472937405,0.47373372363477817,0.01847049627729266
23,random_anchored_B050,cse_dos_random_source_anchored_B050,random_nested,source_anchored,50,50,3.0,[41],1,fe930d3703039853db50269fbcef425d4131520eec7ebf6365294cbed00f034f,C:\Users\ASUS\raids-nids\results\runs\R19_DoS_s023_RA50__NF-CICIDS2018-v3-DoS-Historical-Pilot-to-NF-CICIDS2018-v3-DoS-Emergence-Pilot__dos_goldeneye_first_family_emergence__cse_dos_random_source_anchored_B050__seed23\summary.json,0.8206665491095045,0.13879640417052952,0.8431052791262136,0.03784890776699029,0.11904581310679611,0.7804970700146943,0.7920436181543365,0.8724003477169825,0.9035219653407146,0.018070960113398638,1.0,3.0,C:\Users\ASUS\raids-nids\results\runs\R18_CSE_DoS_guard_seed_robustness_s023__NF-CICIDS2018-v3-DoS-Historical-Pilot-to-NF-CICIDS2018-v3-DoS-Emergence-Pilot__dos_goldeneye_first_family_emergence__cse_dos_prototype_static_open_guard_safe__seed23\summary.json,0.8729356252106505,0.16329765608299773,0.0,0.03853155339805825,0.9614684466019418,0.3999250002757343,0.6075400442024411,0.398644087571,0.535510462328069,0.0,,0.8431052791262136,0.38057206973895996,0.4737562601459825,0.018070960113398638
23,ud_naive_B050,cse_dos_ud_naive_replay_B050,uncertainty_diversity,naive_replay,50,50,3.0,[41],1,31f920b8988f9e46f0156624511843cb0e186a78f3a8608d6d6c871a37d350a8,C:\Users\ASUS\raids-nids\results\runs\R19_DoS_s023_UN50__NF-CICIDS2018-v3-DoS-Historical-Pilot-to-NF-CICIDS2018-v3-DoS-Emergence-Pilot__dos_goldeneye_first_family_emergence__cse_dos_ud_naive_replay_B050__seed23\summary.json,0.8314915230969867,0.1548716453650248,0.016155946601941747,0.028746966019417477,0.9550970873786407,0.39053935910127413,0.5829247776908403,0.38222035270616234,0.5086606804692549,0.017149911622304444,,3.0,C:\Users\ASUS\raids-nids\results\runs\R18_CSE_DoS_guard_seed_robustness_s023__NF-CICIDS2018-v3-DoS-Historical-Pilot-to-NF-CICIDS2018-v3-DoS-Emergence-Pilot__dos_goldeneye_first_family_emergence__cse_dos_prototype_static_open_guard_safe__seed23\summary.json,0.8729356252106505,0.16329765608299773,0.0,0.03853155339805825,0.9614684466019418,0.3999250002757343,0.6075400442024411,0.398644087571,0.535510462328069,0.0,,0.016155946601941747,-0.009385641174460169,-0.01642373486483767,0.017149911622304444
23,ud_anchored_B050,cse_dos_ud_source_anchored_B050,uncertainty_diversity,source_anchored,50,50,3.0,[41],1,31f920b8988f9e46f0156624511843cb0e186a78f3a8608d6d6c871a37d350a8,C:\Users\ASUS\raids-nids\results\runs\R19_DoS_s023_UA50__NF-CICIDS2018-v3-DoS-Historical-Pilot-to-NF-CICIDS2018-v3-DoS-Emergence-Pilot__dos_goldeneye_first_family_emergence__cse_dos_ud_source_anchored_B050__seed23\summary.json,0.829812096557499,0.15614054082789894,0.01630764563106796,0.028746966019417477,0.9549453883495146,0.39146205669767686,0.5835699939769899,0.3853363726685195,0.5074282094690319,0.0196738749584499,,3.0,C:\Users\ASUS\raids-nids\results\runs\R18_CSE_DoS_guard_seed_robustness_s023__NF-CICIDS2018-v3-DoS-Historical-Pilot-to-NF-CICIDS2018-v3-DoS-Emergence-Pilot__dos_goldeneye_first_family_emergence__cse_dos_prototype_static_open_guard_safe__seed23\summary.json,0.8729356252106505,0.16329765608299773,0.0,0.03853155339805825,0.9614684466019418,0.3999250002757343,0.6075400442024411,0.398644087571,0.535510462328069,0.0,,0.01630764563106796,-0.008462943578057436,-0.013307714902480505,0.0196738749584499
23,random_naive_B200,cse_dos_random_naive_replay_B200,random_nested,naive_replay,200,200,3.0,[41],1,0085c5acf825a08bf3f952713087b9de27db7afa2c727b3a9ce395077178ae24,C:\Users\ASUS\raids-nids\results\runs\R19_DoS_s023_RN200__NF-CICIDS2018-v3-DoS-Historical-Pilot-to-NF-CICIDS2018-v3-DoS-Emergence-Pilot__dos_goldeneye_first_family_emergence__cse_dos_random_naive_replay_B200__seed23\summary.json,0.8212975143668213,0.13866832707385396,0.8433328276699029,0.037545509708737865,0.11912166262135922,0.7815255359461638,0.7927456768050627,0.8725031990380385,0.9036207087387508,0.019536665545779427,1.0,3.0,C:\Users\ASUS\raids-nids\results\runs\R18_CSE_DoS_guard_seed_robustness_s023__NF-CICIDS2018-v3-DoS-Historical-Pilot-to-NF-CICIDS2018-v3-DoS-Emergence-Pilot__dos_goldeneye_first_family_emergence__cse_dos_prototype_static_open_guard_safe__seed23\summary.json,0.8729356252106505,0.16329765608299773,0.0,0.03853155339805825,0.9614684466019418,0.3999250002757343,0.6075400442024411,0.398644087571,0.535510462328069,0.0,,0.8433328276699029,0.3816005356704295,0.4738591114670385,0.019536665545779427
23,random_anchored_B200,cse_dos_random_source_anchored_B200,random_nested,source_anchored,200,200,3.0,[41],1,0085c5acf825a08bf3f952713087b9de27db7afa2c727b3a9ce395077178ae24,C:\Users\ASUS\raids-nids\results\runs\R19_DoS_s023_RA200__NF-CICIDS2018-v3-DoS-Historical-Pilot-to-NF-CICIDS2018-v3-DoS-Emergence-Pilot__dos_goldeneye_first_family_emergence__cse_dos_random_source_anchored_B200__seed23\summary.json,0.8199977315404101,0.13870040574428621,0.8433328276699029,0.037469660194174755,0.11919751213592233,0.7805601729678759,0.7917156199318512,0.8718337987027859,0.902988346986778,0.019899777945637204,1.0,3.0,C:\Users\ASUS\raids-nids\results\runs\R18_CSE_DoS_guard_seed_robustness_s023__NF-CICIDS2018-v3-DoS-Historical-Pilot-to-NF-CICIDS2018-v3-DoS-Emergence-Pilot__dos_goldeneye_first_family_emergence__cse_dos_prototype_static_open_guard_safe__seed23\summary.json,0.8729356252106505,0.16329765608299773,0.0,0.03853155339805825,0.9614684466019418,0.3999250002757343,0.6075400442024411,0.398644087571,0.535510462328069,0.0,,0.8433328276699029,0.38063517269214164,0.4731897111317859,0.019899777945637204
23,ud_naive_B200,cse_dos_ud_naive_replay_B200,uncertainty_diversity,naive_replay,200,200,3.0,[41],1,b56cb50323b63c0e56e29633ee251d972f5f6b6b51398841150190f165c0c730,C:\Users\ASUS\raids-nids\results\runs\R19_DoS_s023_UN200__NF-CICIDS2018-v3-DoS-Historical-Pilot-to-NF-CICIDS2018-v3-DoS-Emergence-Pilot__dos_goldeneye_first_family_emergence__cse_dos_ud_naive_replay_B200__seed23\summary.json,0.8213197713940431,0.13860108796309273,0.83203125,0.037545509708737865,0.13042324029126215,0.779243527893736,0.7917231866500876,0.8721644738686912,0.9036250204126731,0.0176990705553123,1.0,3.0,C:\Users\ASUS\raids-nids\results\runs\R18_CSE_DoS_guard_seed_robustness_s023__NF-CICIDS2018-v3-DoS-Historical-Pilot-to-NF-CICIDS2018-v3-DoS-Emergence-Pilot__dos_goldeneye_first_family_emergence__cse_dos_prototype_static_open_guard_safe__seed23\summary.json,0.8729356252106505,0.16329765608299773,0.0,0.03853155339805825,0.9614684466019418,0.3999250002757343,0.6075400442024411,0.398644087571,0.535510462328069,0.0,,0.83203125,0.37931852761800167,0.4735203862976912,0.0176990705553123
23,ud_anchored_B200,cse_dos_ud_source_anchored_B200,uncertainty_diversity,source_anchored,200,200,3.0,[41],1,b56cb50323b63c0e56e29633ee251d972f5f6b6b51398841150190f165c0c730,C:\Users\ASUS\raids-nids\results\runs\R19_DoS_s023_UA200__NF-CICIDS2018-v3-DoS-Historical-Pilot-to-NF-CICIDS2018-v3-DoS-Emergence-Pilot__dos_goldeneye_first_family_emergence__cse_dos_ud_source_anchored_B200__seed23\summary.json,0.8204214040502661,0.13865827116190688,0.83203125,0.037545509708737865,0.13042324029126215,0.7784760246468947,0.7910314320282672,0.8715456772742,0.9031843328722129,0.020423833226794346,1.0,3.0,C:\Users\ASUS\raids-nids\results\runs\R18_CSE_DoS_guard_seed_robustness_s023__NF-CICIDS2018-v3-DoS-Historical-Pilot-to-NF-CICIDS2018-v3-DoS-Emergence-Pilot__dos_goldeneye_first_family_emergence__cse_dos_prototype_static_open_guard_safe__seed23\summary.json,0.8729356252106505,0.16329765608299773,0.0,0.03853155339805825,0.9614684466019418,0.3999250002757343,0.6075400442024411,0.398644087571,0.535510462328069,0.0,,0.83203125,0.3785510243711604,0.47290158970319995,0.020423833226794346
37,random_naive_B050,cse_dos_random_naive_replay_B050,random_nested,naive_replay,50,50,3.0,[41],1,fe930d3703039853db50269fbcef425d4131520eec7ebf6365294cbed00f034f,C:\Users\ASUS\raids-nids\results\runs\R19_DoS_s037_RN50__NF-CICIDS2018-v3-DoS-Historical-Pilot-to-NF-CICIDS2018-v3-DoS-Emergence-Pilot__dos_goldeneye_first_family_emergence__cse_dos_random_naive_replay_B050__seed37\summary.json,0.8289632487665168,0.1396327154941124,0.8429535800970874,0.03739381067961165,0.11965260922330097,0.7864988822737013,0.798680559052936,0.8725445645213049,0.9030184867858703,0.01708776211012832,1.0,3.0,C:\Users\ASUS\raids-nids\results\runs\R18_CSE_DoS_guard_seed_robustness_s037__NF-CICIDS2018-v3-DoS-Historical-Pilot-to-NF-CICIDS2018-v3-DoS-Emergence-Pilot__dos_goldeneye_first_family_emergence__cse_dos_prototype_static_open_guard_safe__seed37\summary.json,0.8790681248166837,0.16436984346524453,0.0,0.03830400485436893,0.9616959951456311,0.40336960761155577,0.6124136625812548,0.4005123057380933,0.5357386604489986,0.0,,0.8429535800970874,0.3831292746621456,0.4720322587832116,0.01708776211012832
37,random_anchored_B050,cse_dos_random_source_anchored_B050,random_nested,source_anchored,50,50,3.0,[41],1,fe930d3703039853db50269fbcef425d4131520eec7ebf6365294cbed00f034f,C:\Users\ASUS\raids-nids\results\runs\R19_DoS_s037_RA50__NF-CICIDS2018-v3-DoS-Historical-Pilot-to-NF-CICIDS2018-v3-DoS-Emergence-Pilot__dos_goldeneye_first_family_emergence__cse_dos_random_source_anchored_B050__seed37\summary.json,0.8285969861694076,0.13964687057606073,0.8429535800970874,0.03739381067961165,0.11965260922330097,0.786226332125229,0.7983807212693715,0.8723406279360432,0.9029080769730381,0.018189817157580404,1.0,3.0,C:\Users\ASUS\raids-nids\results\runs\R18_CSE_DoS_guard_seed_robustness_s037__NF-CICIDS2018-v3-DoS-Historical-Pilot-to-NF-CICIDS2018-v3-DoS-Emergence-Pilot__dos_goldeneye_first_family_emergence__cse_dos_prototype_static_open_guard_safe__seed37\summary.json,0.8790681248166837,0.16436984346524453,0.0,0.03830400485436893,0.9616959951456311,0.40336960761155577,0.6124136625812548,0.4005123057380933,0.5357386604489986,0.0,,0.8429535800970874,0.3828567245136732,0.47182832219794985,0.018189817157580404
37,ud_naive_B050,cse_dos_ud_naive_replay_B050,uncertainty_diversity,naive_replay,50,50,3.0,[41],1,144a3aa0a56d18b870fa1a2bd17fe6c5459f359f76f9db2562365f36576961f7,C:\Users\ASUS\raids-nids\results\runs\R19_DoS_s037_UN50__NF-CICIDS2018-v3-DoS-Historical-Pilot-to-NF-CICIDS2018-v3-DoS-Emergence-Pilot__dos_goldeneye_first_family_emergence__cse_dos_ud_naive_replay_B050__seed37\summary.json,0.8382261706826811,0.15725493904440654,0.014259708737864078,0.028822815533980584,0.9569174757281553,0.39392228274616403,0.5885313139601712,0.3847952789398743,0.5083038066741019,0.02055558155721543,,3.0,C:\Users\ASUS\raids-nids\results\runs\R18_CSE_DoS_guard_seed_robustness_s037__NF-CICIDS2018-v3-DoS-Historical-Pilot-to-NF-CICIDS2018-v3-DoS-Emergence-Pilot__dos_goldeneye_first_family_emergence__cse_dos_prototype_static_open_guard_safe__seed37\summary.json,0.8790681248166837,0.16436984346524453,0.0,0.03830400485436893,0.9616959951456311,0.40336960761155577,0.6124136625812548,0.4005123057380933,0.5357386604489986,0.0,,0.014259708737864078,-0.009447324865391737,-0.015717026798219014,0.02055558155721543
37,ud_anchored_B050,cse_dos_ud_source_anchored_B050,uncertainty_diversity,source_anchored,50,50,3.0,[41],1,144a3aa0a56d18b870fa1a2bd17fe6c5459f359f76f9db2562365f36576961f7,C:\Users\ASUS\raids-nids\results\runs\R19_DoS_s037_UA50__NF-CICIDS2018-v3-DoS-Historical-Pilot-to-NF-CICIDS2018-v3-DoS-Emergence-Pilot__dos_goldeneye_first_family_emergence__cse_dos_ud_source_anchored_B050__seed37\summary.json,0.8382982419136714,0.15708071356612674,0.014259708737864078,0.028822815533980584,0.9569174757281553,0.3940519873100978,0.5887475821264959,0.38530583376522837,0.5084513139859429,0.019911452505710234,,3.0,C:\Users\ASUS\raids-nids\results\runs\R18_CSE_DoS_guard_seed_robustness_s037__NF-CICIDS2018-v3-DoS-Historical-Pilot-to-NF-CICIDS2018-v3-DoS-Emergence-Pilot__dos_goldeneye_first_family_emergence__cse_dos_prototype_static_open_guard_safe__seed37\summary.json,0.8790681248166837,0.16436984346524453,0.0,0.03830400485436893,0.9616959951456311,0.40336960761155577,0.6124136625812548,0.4005123057380933,0.5357386604489986,0.0,,0.014259708737864078,-0.009317620301457996,-0.015206471972864954,0.019911452505710234
37,random_naive_B200,cse_dos_random_naive_replay_B200,random_nested,naive_replay,200,200,3.0,[41],1,0085c5acf825a08bf3f952713087b9de27db7afa2c727b3a9ce395077178ae24,C:\Users\ASUS\raids-nids\results\runs\R19_DoS_s037_RN200__NF-CICIDS2018-v3-DoS-Historical-Pilot-to-NF-CICIDS2018-v3-DoS-Emergence-Pilot__dos_goldeneye_first_family_emergence__cse_dos_random_naive_replay_B200__seed37\summary.json,0.8271957512901448,0.13969333526714056,0.8424226334951457,0.03731796116504854,0.12025940533980582,0.7846343655880802,0.7970725281202172,0.8712646830150227,0.9023279408465968,0.020222243711167872,1.0,3.0,C:\Users\ASUS\raids-nids\results\runs\R18_CSE_DoS_guard_seed_robustness_s037__NF-CICIDS2018-v3-DoS-Historical-Pilot-to-NF-CICIDS2018-v3-DoS-Emergence-Pilot__dos_goldeneye_first_family_emergence__cse_dos_prototype_static_open_guard_safe__seed37\summary.json,0.8790681248166837,0.16436984346524453,0.0,0.03830400485436893,0.9616959951456311,0.40336960761155577,0.6124136625812548,0.4005123057380933,0.5357386604489986,0.0,,0.8424226334951457,0.3812647579765244,0.47075237727692937,0.020222243711167872
37,random_anchored_B200,cse_dos_random_source_anchored_B200,random_nested,source_anchored,200,200,3.0,[41],1,0085c5acf825a08bf3f952713087b9de27db7afa2c727b3a9ce395077178ae24,C:\Users\ASUS\raids-nids\results\runs\R19_DoS_s037_RA200__NF-CICIDS2018-v3-DoS-Historical-Pilot-to-NF-CICIDS2018-v3-DoS-Emergence-Pilot__dos_goldeneye_first_family_emergence__cse_dos_random_source_anchored_B200__seed37\summary.json,0.8268577800608924,0.1397520968962498,0.8424226334951457,0.03731796116504854,0.12025940533980582,0.7844212600009524,0.7968047725695605,0.8711365832215252,0.9022027329191702,0.020461242863610705,1.0,3.0,C:\Users\ASUS\raids-nids\results\runs\R18_CSE_DoS_guard_seed_robustness_s037__NF-CICIDS2018-v3-DoS-Historical-Pilot-to-NF-CICIDS2018-v3-DoS-Emergence-Pilot__dos_goldeneye_first_family_emergence__cse_dos_prototype_static_open_guard_safe__seed37\summary.json,0.8790681248166837,0.16436984346524453,0.0,0.03830400485436893,0.9616959951456311,0.40336960761155577,0.6124136625812548,0.4005123057380933,0.5357386604489986,0.0,,0.8424226334951457,0.3810516523893966,0.4706242774834319,0.020461242863610705
37,ud_naive_B200,cse_dos_ud_naive_replay_B200,uncertainty_diversity,naive_replay,200,200,3.0,[41],1,c6f28dded8c20f260d265fef8fd0b64f39bf5e42412bcb7bfc053e73b8ce32c2,C:\Users\ASUS\raids-nids\results\runs\R19_DoS_s037_UN200__NF-CICIDS2018-v3-DoS-Historical-Pilot-to-NF-CICIDS2018-v3-DoS-Emergence-Pilot__dos_goldeneye_first_family_emergence__cse_dos_ud_naive_replay_B200__seed37\summary.json,0.8301702919826585,0.13952365024318475,0.8282387742718447,0.03731796116504854,0.1344432645631068,0.7836342055254775,0.7982193695437626,0.8723153766406216,0.9032629339950496,0.016062294000734195,1.0,3.0,C:\Users\ASUS\raids-nids\results\runs\R18_CSE_DoS_guard_seed_robustness_s037__NF-CICIDS2018-v3-DoS-Historical-Pilot-to-NF-CICIDS2018-v3-DoS-Emergence-Pilot__dos_goldeneye_first_family_emergence__cse_dos_prototype_static_open_guard_safe__seed37\summary.json,0.8790681248166837,0.16436984346524453,0.0,0.03830400485436893,0.9616959951456311,0.40336960761155577,0.6124136625812548,0.4005123057380933,0.5357386604489986,0.0,,0.8282387742718447,0.3802645979139217,0.4718030709025283,0.016062294000734195
37,ud_anchored_B200,cse_dos_ud_source_anchored_B200,uncertainty_diversity,source_anchored,200,200,3.0,[41],1,c6f28dded8c20f260d265fef8fd0b64f39bf5e42412bcb7bfc053e73b8ce32c2,C:\Users\ASUS\raids-nids\results\runs\R19_DoS_s037_UA200__NF-CICIDS2018-v3-DoS-Historical-Pilot-to-NF-CICIDS2018-v3-DoS-Emergence-Pilot__dos_goldeneye_first_family_emergence__cse_dos_ud_source_anchored_B200__seed37\summary.json,0.8271369876741157,0.13969314854530682,0.8282387742718447,0.03731796116504854,0.1344432645631068,0.7815263142804978,0.7957978854233406,0.8708183064925173,0.9023457119410828,0.021074609114167888,1.0,3.0,C:\Users\ASUS\raids-nids\results\runs\R18_CSE_DoS_guard_seed_robustness_s037__NF-CICIDS2018-v3-DoS-Historical-Pilot-to-NF-CICIDS2018-v3-DoS-Emergence-Pilot__dos_goldeneye_first_family_emergence__cse_dos_prototype_static_open_guard_safe__seed37\summary.json,0.8790681248166837,0.16436984346524453,0.0,0.03830400485436893,0.9616959951456311,0.40336960761155577,0.6124136625812548,0.4005123057380933,0.5357386604489986,0.0,,0.8282387742718447,0.378156706668942,0.470306000754424,0.021074609114167888
53,random_naive_B050,cse_dos_random_naive_replay_B050,random_nested,naive_replay,50,50,4.0,[41],1,fe930d3703039853db50269fbcef425d4131520eec7ebf6365294cbed00f034f,C:\Users\ASUS\raids-nids\results\runs\R19_DoS_s053_RN50__NF-CICIDS2018-v3-DoS-Historical-Pilot-to-NF-CICIDS2018-v3-DoS-Emergence-Pilot__dos_goldeneye_first_family_emergence__cse_dos_random_naive_replay_B050__seed53\summary.json,0.8721617942880545,0.13776769498985425,0.8431052791262136,0.03989684466019418,0.11699787621359223,0.8335422667166834,0.8361077083280425,0.8847478660607319,0.9147005900942876,0.009663270352375365,1.0,4.0,C:\Users\ASUS\raids-nids\results\runs\R18_CSE_DoS_guard_seed_robustness_s053__NF-CICIDS2018-v3-DoS-Historical-Pilot-to-NF-CICIDS2018-v3-DoS-Emergence-Pilot__dos_goldeneye_first_family_emergence__cse_dos_prototype_static_open_guard_safe__seed53\summary.json,0.9024370230573562,0.15109738958810437,0.0,0.03997269417475728,0.9600273058252428,0.40246541827420723,0.6167037882968223,0.3732536073143093,0.5430431407283284,0.0,,0.8431052791262136,0.4310768484424762,0.5114942587464226,0.009663270352375365
53,random_anchored_B050,cse_dos_random_source_anchored_B050,random_nested,source_anchored,50,50,4.0,[41],1,fe930d3703039853db50269fbcef425d4131520eec7ebf6365294cbed00f034f,C:\Users\ASUS\raids-nids\results\runs\R19_DoS_s053_RA50__NF-CICIDS2018-v3-DoS-Historical-Pilot-to-NF-CICIDS2018-v3-DoS-Emergence-Pilot__dos_goldeneye_first_family_emergence__cse_dos_random_source_anchored_B050__seed53\summary.json,0.8721210369085477,0.13776921387147306,0.8431052791262136,0.03989684466019418,0.11699787621359223,0.8336102308478976,0.8361087631007095,0.8848183151243307,0.9146934368602927,0.008992733194632462,1.0,4.0,C:\Users\ASUS\raids-nids\results\runs\R18_CSE_DoS_guard_seed_robustness_s053__NF-CICIDS2018-v3-DoS-Historical-Pilot-to-NF-CICIDS2018-v3-DoS-Emergence-Pilot__dos_goldeneye_first_family_emergence__cse_dos_prototype_static_open_guard_safe__seed53\summary.json,0.9024370230573562,0.15109738958810437,0.0,0.03997269417475728,0.9600273058252428,0.40246541827420723,0.6167037882968223,0.3732536073143093,0.5430431407283284,0.0,,0.8431052791262136,0.4311448125736904,0.5115647078100214,0.008992733194632462
53,ud_naive_B050,cse_dos_ud_naive_replay_B050,uncertainty_diversity,naive_replay,50,50,4.0,[41],1,0a6058ad19c04fdb18a03537f8867cc5a41f85fafaafdeb54bf8a82b64181f4c,C:\Users\ASUS\raids-nids\results\runs\R19_DoS_s053_UN50__NF-CICIDS2018-v3-DoS-Historical-Pilot-to-NF-CICIDS2018-v3-DoS-Emergence-Pilot__dos_goldeneye_first_family_emergence__cse_dos_ud_naive_replay_B050__seed53\summary.json,0.8640064059789136,0.14458414928588018,0.015776699029126214,0.03079490291262136,0.9534283980582524,0.39678828376041836,0.5966440605479932,0.3645758764039618,0.5193081865879526,0.020774904644341848,,4.0,C:\Users\ASUS\raids-nids\results\runs\R18_CSE_DoS_guard_seed_robustness_s053__NF-CICIDS2018-v3-DoS-Historical-Pilot-to-NF-CICIDS2018-v3-DoS-Emergence-Pilot__dos_goldeneye_first_family_emergence__cse_dos_prototype_static_open_guard_safe__seed53\summary.json,0.9024370230573562,0.15109738958810437,0.0,0.03997269417475728,0.9600273058252428,0.40246541827420723,0.6167037882968223,0.3732536073143093,0.5430431407283284,0.0,,0.015776699029126214,-0.005677134513788873,-0.008677730910347514,0.020774904644341848
53,ud_anchored_B050,cse_dos_ud_source_anchored_B050,uncertainty_diversity,source_anchored,50,50,4.0,[41],1,0a6058ad19c04fdb18a03537f8867cc5a41f85fafaafdeb54bf8a82b64181f4c,C:\Users\ASUS\raids-nids\results\runs\R19_DoS_s053_UA50__NF-CICIDS2018-v3-DoS-Historical-Pilot-to-NF-CICIDS2018-v3-DoS-Emergence-Pilot__dos_goldeneye_first_family_emergence__cse_dos_ud_source_anchored_B050__seed53\summary.json,0.8645298989825493,0.14465114517611177,0.015928398058252427,0.03079490291262136,0.9532766990291263,0.3969254625049862,0.596859727089197,0.36452329849753107,0.5197296213217997,0.018205709973684713,,4.0,C:\Users\ASUS\raids-nids\results\runs\R18_CSE_DoS_guard_seed_robustness_s053__NF-CICIDS2018-v3-DoS-Historical-Pilot-to-NF-CICIDS2018-v3-DoS-Emergence-Pilot__dos_goldeneye_first_family_emergence__cse_dos_prototype_static_open_guard_safe__seed53\summary.json,0.9024370230573562,0.15109738958810437,0.0,0.03997269417475728,0.9600273058252428,0.40246541827420723,0.6167037882968223,0.3732536073143093,0.5430431407283284,0.0,,0.015928398058252427,-0.0055399557692210055,-0.00873030881677822,0.018205709973684713
53,random_naive_B200,cse_dos_random_naive_replay_B200,random_nested,naive_replay,200,200,4.0,[41],1,0085c5acf825a08bf3f952713087b9de27db7afa2c727b3a9ce395077178ae24,C:\Users\ASUS\raids-nids\results\runs\R19_DoS_s053_RN200__NF-CICIDS2018-v3-DoS-Historical-Pilot-to-NF-CICIDS2018-v3-DoS-Emergence-Pilot__dos_goldeneye_first_family_emergence__cse_dos_random_naive_replay_B200__seed53\summary.json,0.8690148330675943,0.13753396792276182,0.8433328276699029,0.039669296116504854,0.11699787621359223,0.8286661075828058,0.83320767926479,0.8812376808963043,0.9131525898877321,0.010441054017582987,1.0,4.0,C:\Users\ASUS\raids-nids\results\runs\R18_CSE_DoS_guard_seed_robustness_s053__NF-CICIDS2018-v3-DoS-Historical-Pilot-to-NF-CICIDS2018-v3-DoS-Emergence-Pilot__dos_goldeneye_first_family_emergence__cse_dos_prototype_static_open_guard_safe__seed53\summary.json,0.9024370230573562,0.15109738958810437,0.0,0.03997269417475728,0.9600273058252428,0.40246541827420723,0.6167037882968223,0.3732536073143093,0.5430431407283284,0.0,,0.8433328276699029,0.42620068930859856,0.5079840735819949,0.010441054017582987
53,random_anchored_B200,cse_dos_random_source_anchored_B200,random_nested,source_anchored,200,200,4.0,[41],1,0085c5acf825a08bf3f952713087b9de27db7afa2c727b3a9ce395077178ae24,C:\Users\ASUS\raids-nids\results\runs\R19_DoS_s053_RA200__NF-CICIDS2018-v3-DoS-Historical-Pilot-to-NF-CICIDS2018-v3-DoS-Emergence-Pilot__dos_goldeneye_first_family_emergence__cse_dos_random_source_anchored_B200__seed53\summary.json,0.8683723909549075,0.13755626573665716,0.8433328276699029,0.03951759708737864,0.11714957524271845,0.827974698119276,0.8326319405337212,0.8808915448537745,0.9128272928357588,0.0120026663165568,1.0,4.0,C:\Users\ASUS\raids-nids\results\runs\R18_CSE_DoS_guard_seed_robustness_s053__NF-CICIDS2018-v3-DoS-Historical-Pilot-to-NF-CICIDS2018-v3-DoS-Emergence-Pilot__dos_goldeneye_first_family_emergence__cse_dos_prototype_static_open_guard_safe__seed53\summary.json,0.9024370230573562,0.15109738958810437,0.0,0.03997269417475728,0.9600273058252428,0.40246541827420723,0.6167037882968223,0.3732536073143093,0.5430431407283284,0.0,,0.8433328276699029,0.4255092798450688,0.5076379375394653,0.0120026663165568
53,ud_naive_B200,cse_dos_ud_naive_replay_B200,uncertainty_diversity,naive_replay,200,200,4.0,[41],1,b6dfb8f489338a5b5e51a79acb0d459533909f259c140cb4a02a87973ddd4ac3,C:\Users\ASUS\raids-nids\results\runs\R19_DoS_s053_UN200__NF-CICIDS2018-v3-DoS-Historical-Pilot-to-NF-CICIDS2018-v3-DoS-Emergence-Pilot__dos_goldeneye_first_family_emergence__cse_dos_ud_naive_replay_B200__seed53\summary.json,0.8694995985438916,0.13747517515856955,0.8302108616504854,0.039669296116504854,0.1301198422330097,0.824132780536498,0.832030822432588,0.8806809313347345,0.9132739568040718,0.0050365463388204875,1.0,4.0,C:\Users\ASUS\raids-nids\results\runs\R18_CSE_DoS_guard_seed_robustness_s053__NF-CICIDS2018-v3-DoS-Historical-Pilot-to-NF-CICIDS2018-v3-DoS-Emergence-Pilot__dos_goldeneye_first_family_emergence__cse_dos_prototype_static_open_guard_safe__seed53\summary.json,0.9024370230573562,0.15109738958810437,0.0,0.03997269417475728,0.9600273058252428,0.40246541827420723,0.6167037882968223,0.3732536073143093,0.5430431407283284,0.0,,0.8302108616504854,0.42166736226229073,0.5074273240204252,0.0050365463388204875
53,ud_anchored_B200,cse_dos_ud_source_anchored_B200,uncertainty_diversity,source_anchored,200,200,4.0,[41],1,b6dfb8f489338a5b5e51a79acb0d459533909f259c140cb4a02a87973ddd4ac3,C:\Users\ASUS\raids-nids\results\runs\R19_DoS_s053_UA200__NF-CICIDS2018-v3-DoS-Historical-Pilot-to-NF-CICIDS2018-v3-DoS-Emergence-Pilot__dos_goldeneye_first_family_emergence__cse_dos_ud_source_anchored_B200__seed53\summary.json,0.8664612628099974,0.13750334894988242,0.8302108616504854,0.03951759708737864,0.13027154126213591,0.8200016136401146,0.8292719077802033,0.8786105229368468,0.9120187332907547,0.012717353459992076,1.0,4.0,C:\Users\ASUS\raids-nids\results\runs\R18_CSE_DoS_guard_seed_robustness_s053__NF-CICIDS2018-v3-DoS-Historical-Pilot-to-NF-CICIDS2018-v3-DoS-Emergence-Pilot__dos_goldeneye_first_family_emergence__cse_dos_prototype_static_open_guard_safe__seed53\summary.json,0.9024370230573562,0.15109738958810437,0.0,0.03997269417475728,0.9600273058252428,0.40246541827420723,0.6167037882968223,0.3732536073143093,0.5430431407283284,0.0,,0.8302108616504854,0.41753619536590736,0.5053569156225375,0.012717353459992076
71,random_naive_B050,cse_dos_random_naive_replay_B050,random_nested,naive_replay,50,50,3.0,[41],1,fe930d3703039853db50269fbcef425d4131520eec7ebf6365294cbed00f034f,C:\Users\ASUS\raids-nids\results\runs\R19_DoS_s071_RN50__NF-CICIDS2018-v3-DoS-Historical-Pilot-to-NF-CICIDS2018-v3-DoS-Emergence-Pilot__dos_goldeneye_first_family_emergence__cse_dos_random_naive_replay_B050__seed71\summary.json,0.8476983379791155,0.1374935246294734,0.8436362257281553,0.037469660194174755,0.11889411407766991,0.8006520122797581,0.8137647850640173,0.8729568845245477,0.9021813884751363,0.015110009448348524,1.0,3.0,C:\Users\ASUS\raids-nids\results\runs\R18_CSE_DoS_guard_seed_robustness_s071__NF-CICIDS2018-v3-DoS-Historical-Pilot-to-NF-CICIDS2018-v3-DoS-Emergence-Pilot__dos_goldeneye_first_family_emergence__cse_dos_prototype_static_open_guard_safe__seed71\summary.json,0.8940166195170064,0.15684091889382548,0.0,0.038000606796116505,0.9619993932038835,0.40072959078322473,0.6129658187298213,0.3788411665693369,0.536416008578236,0.0,,0.8436362257281553,0.3999224214965334,0.49411571795521075,0.015110009448348524
71,random_anchored_B050,cse_dos_random_source_anchored_B050,random_nested,source_anchored,50,50,3.0,[41],1,fe930d3703039853db50269fbcef425d4131520eec7ebf6365294cbed00f034f,C:\Users\ASUS\raids-nids\results\runs\R19_DoS_s071_RA50__NF-CICIDS2018-v3-DoS-Historical-Pilot-to-NF-CICIDS2018-v3-DoS-Emergence-Pilot__dos_goldeneye_first_family_emergence__cse_dos_random_source_anchored_B050__seed71\summary.json,0.8467403219647982,0.13750286054033545,0.8436362257281553,0.037469660194174755,0.11889411407766991,0.8000032017512382,0.8129847250272677,0.8724892697043138,0.9018635136087187,0.018415697829041913,1.0,3.0,C:\Users\ASUS\raids-nids\results\runs\R18_CSE_DoS_guard_seed_robustness_s071__NF-CICIDS2018-v3-DoS-Historical-Pilot-to-NF-CICIDS2018-v3-DoS-Emergence-Pilot__dos_goldeneye_first_family_emergence__cse_dos_prototype_static_open_guard_safe__seed71\summary.json,0.8940166195170064,0.15684091889382548,0.0,0.038000606796116505,0.9619993932038835,0.40072959078322473,0.6129658187298213,0.3788411665693369,0.536416008578236,0.0,,0.8436362257281553,0.39927361096801345,0.4936481031349769,0.018415697829041913
71,ud_naive_B050,cse_dos_ud_naive_replay_B050,uncertainty_diversity,naive_replay,50,50,3.0,[41],1,fefe1e5057344b4363f014341ee920674958b0d92300ed8198417c42eabaa7c2,C:\Users\ASUS\raids-nids\results\runs\R19_DoS_s071_UN50__NF-CICIDS2018-v3-DoS-Historical-Pilot-to-NF-CICIDS2018-v3-DoS-Emergence-Pilot__dos_goldeneye_first_family_emergence__cse_dos_ud_naive_replay_B050__seed71\summary.json,0.8480740130162518,0.15042723700634458,0.02017597087378641,0.026850728155339804,0.9529733009708737,0.3938009371769119,0.5887400746229273,0.368050499355235,0.5081226009697611,0.02876184485161744,,3.0,C:\Users\ASUS\raids-nids\results\runs\R18_CSE_DoS_guard_seed_robustness_s071__NF-CICIDS2018-v3-DoS-Historical-Pilot-to-NF-CICIDS2018-v3-DoS-Emergence-Pilot__dos_goldeneye_first_family_emergence__cse_dos_prototype_static_open_guard_safe__seed71\summary.json,0.8940166195170064,0.15684091889382548,0.0,0.038000606796116505,0.9619993932038835,0.40072959078322473,0.6129658187298213,0.3788411665693369,0.536416008578236,0.0,,0.02017597087378641,-0.00692865360631284,-0.010790667214101934,0.02876184485161744
71,ud_anchored_B050,cse_dos_ud_source_anchored_B050,uncertainty_diversity,source_anchored,50,50,3.0,[41],1,fefe1e5057344b4363f014341ee920674958b0d92300ed8198417c42eabaa7c2,C:\Users\ASUS\raids-nids\results\runs\R19_DoS_s071_UA50__NF-CICIDS2018-v3-DoS-Historical-Pilot-to-NF-CICIDS2018-v3-DoS-Emergence-Pilot__dos_goldeneye_first_family_emergence__cse_dos_ud_source_anchored_B050__seed71\summary.json,0.8494116924211238,0.1504819157832199,0.02017597087378641,0.026850728155339804,0.9529733009708737,0.39428889532394623,0.5895342038383239,0.36860094855544157,0.5091614727085385,0.022130644645244734,,3.0,C:\Users\ASUS\raids-nids\results\runs\R18_CSE_DoS_guard_seed_robustness_s071__NF-CICIDS2018-v3-DoS-Historical-Pilot-to-NF-CICIDS2018-v3-DoS-Emergence-Pilot__dos_goldeneye_first_family_emergence__cse_dos_prototype_static_open_guard_safe__seed71\summary.json,0.8940166195170064,0.15684091889382548,0.0,0.038000606796116505,0.9619993932038835,0.40072959078322473,0.6129658187298213,0.3788411665693369,0.536416008578236,0.0,,0.02017597087378641,-0.0064406954592785,-0.010240218013895352,0.022130644645244734
71,random_naive_B200,cse_dos_random_naive_replay_B200,random_nested,naive_replay,200,200,3.0,[41],1,0085c5acf825a08bf3f952713087b9de27db7afa2c727b3a9ce395077178ae24,C:\Users\ASUS\raids-nids\results\runs\R19_DoS_s071_RN200__NF-CICIDS2018-v3-DoS-Historical-Pilot-to-NF-CICIDS2018-v3-DoS-Emergence-Pilot__dos_goldeneye_first_family_emergence__cse_dos_random_naive_replay_B200__seed71\summary.json,0.8438995178387322,0.1374089905565198,0.8441671723300971,0.03693871359223301,0.11889411407766991,0.7964052940133249,0.8104505422005603,0.8706829577346825,0.9007375599774433,0.02186158781860718,1.0,3.0,C:\Users\ASUS\raids-nids\results\runs\R18_CSE_DoS_guard_seed_robustness_s071__NF-CICIDS2018-v3-DoS-Historical-Pilot-to-NF-CICIDS2018-v3-DoS-Emergence-Pilot__dos_goldeneye_first_family_emergence__cse_dos_prototype_static_open_guard_safe__seed71\summary.json,0.8940166195170064,0.15684091889382548,0.0,0.038000606796116505,0.9619993932038835,0.40072959078322473,0.6129658187298213,0.3788411665693369,0.536416008578236,0.0,,0.8441671723300971,0.3956757032301002,0.4918417911653456,0.02186158781860718
71,random_anchored_B200,cse_dos_random_source_anchored_B200,random_nested,source_anchored,200,200,3.0,[41],1,0085c5acf825a08bf3f952713087b9de27db7afa2c727b3a9ce395077178ae24,C:\Users\ASUS\raids-nids\results\runs\R19_DoS_s071_RA200__NF-CICIDS2018-v3-DoS-Historical-Pilot-to-NF-CICIDS2018-v3-DoS-Emergence-Pilot__dos_goldeneye_first_family_emergence__cse_dos_random_source_anchored_B200__seed71\summary.json,0.8443561276945009,0.13745589993230636,0.8441671723300971,0.03693871359223301,0.11889411407766991,0.7968939777714381,0.8108443549328354,0.8709610299732651,0.9009322901163138,0.02011310239941799,1.0,3.0,C:\Users\ASUS\raids-nids\results\runs\R18_CSE_DoS_guard_seed_robustness_s071__NF-CICIDS2018-v3-DoS-Historical-Pilot-to-NF-CICIDS2018-v3-DoS-Emergence-Pilot__dos_goldeneye_first_family_emergence__cse_dos_prototype_static_open_guard_safe__seed71\summary.json,0.8940166195170064,0.15684091889382548,0.0,0.038000606796116505,0.9619993932038835,0.40072959078322473,0.6129658187298213,0.3788411665693369,0.536416008578236,0.0,,0.8441671723300971,0.3961643869882134,0.49211986340392816,0.02011310239941799
71,ud_naive_B200,cse_dos_ud_naive_replay_B200,uncertainty_diversity,naive_replay,200,200,3.0,[41],1,f6295703a02a628bd6e9fa3fcf1762d67983ceffe80c656b0c655cb1bcc3deeb,C:\Users\ASUS\raids-nids\results\runs\R19_DoS_s071_UN200__NF-CICIDS2018-v3-DoS-Historical-Pilot-to-NF-CICIDS2018-v3-DoS-Emergence-Pilot__dos_goldeneye_first_family_emergence__cse_dos_ud_naive_replay_B200__seed71\summary.json,0.8467474242358926,0.1373664849481145,0.8355203276699029,0.037090412621359224,0.12738925970873785,0.7963439695094048,0.8118642051419794,0.8716967272866104,0.901783843113961,0.014584014478489641,1.0,3.0,C:\Users\ASUS\raids-nids\results\runs\R18_CSE_DoS_guard_seed_robustness_s071__NF-CICIDS2018-v3-DoS-Historical-Pilot-to-NF-CICIDS2018-v3-DoS-Emergence-Pilot__dos_goldeneye_first_family_emergence__cse_dos_prototype_static_open_guard_safe__seed71\summary.json,0.8940166195170064,0.15684091889382548,0.0,0.038000606796116505,0.9619993932038835,0.40072959078322473,0.6129658187298213,0.3788411665693369,0.536416008578236,0.0,,0.8355203276699029,0.39561437872618005,0.4928555607172735,0.014584014478489641
71,ud_anchored_B200,cse_dos_ud_source_anchored_B200,uncertainty_diversity,source_anchored,200,200,3.0,[41],1,f6295703a02a628bd6e9fa3fcf1762d67983ceffe80c656b0c655cb1bcc3deeb,C:\Users\ASUS\raids-nids\results\runs\R19_DoS_s071_UA200__NF-CICIDS2018-v3-DoS-Historical-Pilot-to-NF-CICIDS2018-v3-DoS-Emergence-Pilot__dos_goldeneye_first_family_emergence__cse_dos_ud_source_anchored_B200__seed71\summary.json,0.8450688589701683,0.13739459012347466,0.8355203276699029,0.037090412621359224,0.12738925970873785,0.7953121420978814,0.8105570070495601,0.8708694858169933,0.9012030162152106,0.020726737866527935,1.0,3.0,C:\Users\ASUS\raids-nids\results\runs\R18_CSE_DoS_guard_seed_robustness_s071__NF-CICIDS2018-v3-DoS-Historical-Pilot-to-NF-CICIDS2018-v3-DoS-Emergence-Pilot__dos_goldeneye_first_family_emergence__cse_dos_prototype_static_open_guard_safe__seed71\summary.json,0.8940166195170064,0.15684091889382548,0.0,0.038000606796116505,0.9619993932038835,0.40072959078322473,0.6129658187298213,0.3788411665693369,0.536416008578236,0.0,,0.8355203276699029,0.39458255131465664,0.4920283192476564,0.020726737866527935
83,random_naive_B050,cse_dos_random_naive_replay_B050,random_nested,naive_replay,50,50,3.0,[41],1,fe930d3703039853db50269fbcef425d4131520eec7ebf6365294cbed00f034f,C:\Users\ASUS\raids-nids\results\runs\R19_DoS_s083_RN50__NF-CICIDS2018-v3-DoS-Historical-Pilot-to-NF-CICIDS2018-v3-DoS-Emergence-Pilot__dos_goldeneye_first_family_emergence__cse_dos_random_naive_replay_B050__seed83\summary.json,0.833187947062782,0.1404792921939372,0.8415124393203883,0.038910800970873786,0.11957675970873786,0.789308877080326,0.8018492749159662,0.8714099182100341,0.9021873078452405,0.017268151156497564,1.0,3.0,C:\Users\ASUS\raids-nids\results\runs\R18_CSE_DoS_guard_seed_robustness_s083__NF-CICIDS2018-v3-DoS-Historical-Pilot-to-NF-CICIDS2018-v3-DoS-Emergence-Pilot__dos_goldeneye_first_family_emergence__cse_dos_prototype_static_open_guard_safe__seed83\summary.json,0.8834657969580071,0.15996919764116968,0.0,0.03936589805825243,0.9606341019417476,0.3999881224254007,0.6097847524758125,0.38676957124908057,0.5355652468351461,0.0,,0.8415124393203883,0.3893207546549253,0.48464034696095354,0.017268151156497564
83,random_anchored_B050,cse_dos_random_source_anchored_B050,random_nested,source_anchored,50,50,3.0,[41],1,fe930d3703039853db50269fbcef425d4131520eec7ebf6365294cbed00f034f,C:\Users\ASUS\raids-nids\results\runs\R19_DoS_s083_RA50__NF-CICIDS2018-v3-DoS-Historical-Pilot-to-NF-CICIDS2018-v3-DoS-Emergence-Pilot__dos_goldeneye_first_family_emergence__cse_dos_random_source_anchored_B050__seed83\summary.json,0.8324968671483881,0.14048685348072726,0.8415124393203883,0.038910800970873786,0.11957675970873786,0.7886150096838933,0.8012632812837136,0.8710435108460319,0.9019195113098868,0.01834394093407338,1.0,3.0,C:\Users\ASUS\raids-nids\results\runs\R18_CSE_DoS_guard_seed_robustness_s083__NF-CICIDS2018-v3-DoS-Historical-Pilot-to-NF-CICIDS2018-v3-DoS-Emergence-Pilot__dos_goldeneye_first_family_emergence__cse_dos_prototype_static_open_guard_safe__seed83\summary.json,0.8834657969580071,0.15996919764116968,0.0,0.03936589805825243,0.9606341019417476,0.3999881224254007,0.6097847524758125,0.38676957124908057,0.5355652468351461,0.0,,0.8415124393203883,0.3886268872584926,0.48427393959695136,0.01834394093407338
83,ud_naive_B050,cse_dos_ud_naive_replay_B050,uncertainty_diversity,naive_replay,50,50,3.0,[41],1,76111baef56c3e371b7d6e609727de33c8c3d0f50bab78eaaab07c16301e6f16,C:\Users\ASUS\raids-nids\results\runs\R19_DoS_s083_UN50__NF-CICIDS2018-v3-DoS-Historical-Pilot-to-NF-CICIDS2018-v3-DoS-Emergence-Pilot__dos_goldeneye_first_family_emergence__cse_dos_ud_naive_replay_B050__seed83\summary.json,0.8485344122584255,0.15165839047451785,0.013425364077669902,0.02988470873786408,0.956689927184466,0.3935358070165587,0.5904570085333863,0.37614041296761314,0.5126677986242417,0.013972833350758341,,3.0,C:\Users\ASUS\raids-nids\results\runs\R18_CSE_DoS_guard_seed_robustness_s083__NF-CICIDS2018-v3-DoS-Historical-Pilot-to-NF-CICIDS2018-v3-DoS-Emergence-Pilot__dos_goldeneye_first_family_emergence__cse_dos_prototype_static_open_guard_safe__seed83\summary.json,0.8834657969580071,0.15996919764116968,0.0,0.03936589805825243,0.9606341019417476,0.3999881224254007,0.6097847524758125,0.38676957124908057,0.5355652468351461,0.0,,0.013425364077669902,-0.006452315408842002,-0.010629158281467432,0.013972833350758341
83,ud_anchored_B050,cse_dos_ud_source_anchored_B050,uncertainty_diversity,source_anchored,50,50,3.0,[41],1,76111baef56c3e371b7d6e609727de33c8c3d0f50bab78eaaab07c16301e6f16,C:\Users\ASUS\raids-nids\results\runs\R19_DoS_s083_UA50__NF-CICIDS2018-v3-DoS-Historical-Pilot-to-NF-CICIDS2018-v3-DoS-Emergence-Pilot__dos_goldeneye_first_family_emergence__cse_dos_ud_source_anchored_B050__seed83\summary.json,0.8477905073649754,0.15208778643960946,0.013425364077669902,0.02988470873786408,0.956689927184466,0.39336148094921214,0.5901538368652414,0.37599475329043974,0.5119018488432481,0.016783927720973427,,3.0,C:\Users\ASUS\raids-nids\results\runs\R18_CSE_DoS_guard_seed_robustness_s083__NF-CICIDS2018-v3-DoS-Historical-Pilot-to-NF-CICIDS2018-v3-DoS-Emergence-Pilot__dos_goldeneye_first_family_emergence__cse_dos_prototype_static_open_guard_safe__seed83\summary.json,0.8834657969580071,0.15996919764116968,0.0,0.03936589805825243,0.9606341019417476,0.3999881224254007,0.6097847524758125,0.38676957124908057,0.5355652468351461,0.0,,0.013425364077669902,-0.006626641476188577,-0.010774817958640825,0.016783927720973427
83,random_naive_B200,cse_dos_random_naive_replay_B200,random_nested,naive_replay,200,200,3.0,[41],1,0085c5acf825a08bf3f952713087b9de27db7afa2c727b3a9ce395077178ae24,C:\Users\ASUS\raids-nids\results\runs\R19_DoS_s083_RN200__NF-CICIDS2018-v3-DoS-Historical-Pilot-to-NF-CICIDS2018-v3-DoS-Emergence-Pilot__dos_goldeneye_first_family_emergence__cse_dos_random_naive_replay_B200__seed83\summary.json,0.8320599736804356,0.1403593060984774,0.8411331917475728,0.038455703883495146,0.12041110436893204,0.7876064708681512,0.8008412468981124,0.8704079970240916,0.9016727496684976,0.021047046778130334,1.0,3.0,C:\Users\ASUS\raids-nids\results\runs\R18_CSE_DoS_guard_seed_robustness_s083__NF-CICIDS2018-v3-DoS-Historical-Pilot-to-NF-CICIDS2018-v3-DoS-Emergence-Pilot__dos_goldeneye_first_family_emergence__cse_dos_prototype_static_open_guard_safe__seed83\summary.json,0.8834657969580071,0.15996919764116968,0.0,0.03936589805825243,0.9606341019417476,0.3999881224254007,0.6097847524758125,0.38676957124908057,0.5355652468351461,0.0,,0.8411331917475728,0.38761834844275045,0.483638425775011,0.021047046778130334
83,random_anchored_B200,cse_dos_random_source_anchored_B200,random_nested,source_anchored,200,200,3.0,[41],1,0085c5acf825a08bf3f952713087b9de27db7afa2c727b3a9ce395077178ae24,C:\Users\ASUS\raids-nids\results\runs\R19_DoS_s083_RA200__NF-CICIDS2018-v3-DoS-Historical-Pilot-to-NF-CICIDS2018-v3-DoS-Emergence-Pilot__dos_goldeneye_first_family_emergence__cse_dos_random_source_anchored_B200__seed83\summary.json,0.8315133968127192,0.14040488973596912,0.8411331917475728,0.038455703883495146,0.12041110436893204,0.7873151443098529,0.8004445985652678,0.8701183191653956,0.9014166937137348,0.02077041573224585,1.0,3.0,C:\Users\ASUS\raids-nids\results\runs\R18_CSE_DoS_guard_seed_robustness_s083__NF-CICIDS2018-v3-DoS-Historical-Pilot-to-NF-CICIDS2018-v3-DoS-Emergence-Pilot__dos_goldeneye_first_family_emergence__cse_dos_prototype_static_open_guard_safe__seed83\summary.json,0.8834657969580071,0.15996919764116968,0.0,0.03936589805825243,0.9606341019417476,0.3999881224254007,0.6097847524758125,0.38676957124908057,0.5355652468351461,0.0,,0.8411331917475728,0.3873270218844522,0.48334874791631505,0.02077041573224585
83,ud_naive_B200,cse_dos_ud_naive_replay_B200,uncertainty_diversity,naive_replay,200,200,3.0,[41],1,a6438e28178f37e4b2b7c38ec0052a03efd850ee03e616c6a8bd84daf4cd1160,C:\Users\ASUS\raids-nids\results\runs\R19_DoS_s083_UN200__NF-CICIDS2018-v3-DoS-Historical-Pilot-to-NF-CICIDS2018-v3-DoS-Emergence-Pilot__dos_goldeneye_first_family_emergence__cse_dos_ud_naive_replay_B200__seed83\summary.json,0.8313529705441838,0.14030085760408947,0.8245979975728155,0.03853155339805825,0.1368704490291262,0.7827573976351466,0.7986840285208738,0.8690036001809839,0.9012585096883243,0.023561326786969074,1.0,3.0,C:\Users\ASUS\raids-nids\results\runs\R18_CSE_DoS_guard_seed_robustness_s083__NF-CICIDS2018-v3-DoS-Historical-Pilot-to-NF-CICIDS2018-v3-DoS-Emergence-Pilot__dos_goldeneye_first_family_emergence__cse_dos_prototype_static_open_guard_safe__seed83\summary.json,0.8834657969580071,0.15996919764116968,0.0,0.03936589805825243,0.9606341019417476,0.3999881224254007,0.6097847524758125,0.38676957124908057,0.5355652468351461,0.0,,0.8245979975728155,0.3827692752097459,0.4822340289319033,0.023561326786969074
83,ud_anchored_B200,cse_dos_ud_source_anchored_B200,uncertainty_diversity,source_anchored,200,200,3.0,[41],1,a6438e28178f37e4b2b7c38ec0052a03efd850ee03e616c6a8bd84daf4cd1160,C:\Users\ASUS\raids-nids\results\runs\R19_DoS_s083_UA200__NF-CICIDS2018-v3-DoS-Historical-Pilot-to-NF-CICIDS2018-v3-DoS-Emergence-Pilot__dos_goldeneye_first_family_emergence__cse_dos_ud_source_anchored_B200__seed83\summary.json,0.8315206878693148,0.14034349606037802,0.8245979975728155,0.03853155339805825,0.1368704490291262,0.7828858315336918,0.7988029760198452,0.8690058815557696,0.9012569101016901,0.020286491275443647,1.0,3.0,C:\Users\ASUS\raids-nids\results\runs\R18_CSE_DoS_guard_seed_robustness_s083__NF-CICIDS2018-v3-DoS-Historical-Pilot-to-NF-CICIDS2018-v3-DoS-Emergence-Pilot__dos_goldeneye_first_family_emergence__cse_dos_prototype_static_open_guard_safe__seed83\summary.json,0.8834657969580071,0.15996919764116968,0.0,0.03936589805825243,0.9606341019417476,0.3999881224254007,0.6097847524758125,0.38676957124908057,0.5355652468351461,0.0,,0.8245979975728155,0.38289770910829113,0.48223631030668906,0.020286491275443647
97,random_naive_B050,cse_dos_random_naive_replay_B050,random_nested,naive_replay,50,50,3.0,[41],1,fe930d3703039853db50269fbcef425d4131520eec7ebf6365294cbed00f034f,C:\Users\ASUS\raids-nids\results\runs\R19_DoS_s097_RN50__NF-CICIDS2018-v3-DoS-Historical-Pilot-to-NF-CICIDS2018-v3-DoS-Emergence-Pilot__dos_goldeneye_first_family_emergence__cse_dos_random_naive_replay_B050__seed97\summary.json,0.8417113556376142,0.1419035216365891,0.8418158373786407,0.039290048543689324,0.11889411407766991,0.7957813593082235,0.8083323306991256,0.8708143365684191,0.9019566814009109,0.019237099023055548,1.0,3.0,C:\Users\ASUS\raids-nids\results\runs\R18_CSE_DoS_guard_seed_robustness_s097__NF-CICIDS2018-v3-DoS-Historical-Pilot-to-NF-CICIDS2018-v3-DoS-Emergence-Pilot__dos_goldeneye_first_family_emergence__cse_dos_prototype_static_open_guard_safe__seed97\summary.json,0.8901821802363483,0.16065351646114703,0.0,0.03944174757281554,0.9605582524271845,0.3952986504410805,0.6066765736898231,0.3697546216134017,0.5363918681675764,0.0,,0.8418158373786407,0.400482708867143,0.5010597149550173,0.019237099023055548
97,random_anchored_B050,cse_dos_random_source_anchored_B050,random_nested,source_anchored,50,50,3.0,[41],1,fe930d3703039853db50269fbcef425d4131520eec7ebf6365294cbed00f034f,C:\Users\ASUS\raids-nids\results\runs\R19_DoS_s097_RA50__NF-CICIDS2018-v3-DoS-Historical-Pilot-to-NF-CICIDS2018-v3-DoS-Emergence-Pilot__dos_goldeneye_first_family_emergence__cse_dos_random_source_anchored_B050__seed97\summary.json,0.8417113556376142,0.1419038421974159,0.8418158373786407,0.039290048543689324,0.11889411407766991,0.7957747812304274,0.8083317925417787,0.8708265009096577,0.9019690817752558,0.019419300314161208,1.0,3.0,C:\Users\ASUS\raids-nids\results\runs\R18_CSE_DoS_guard_seed_robustness_s097__NF-CICIDS2018-v3-DoS-Historical-Pilot-to-NF-CICIDS2018-v3-DoS-Emergence-Pilot__dos_goldeneye_first_family_emergence__cse_dos_prototype_static_open_guard_safe__seed97\summary.json,0.8901821802363483,0.16065351646114703,0.0,0.03944174757281554,0.9605582524271845,0.3952986504410805,0.6066765736898231,0.3697546216134017,0.5363918681675764,0.0,,0.8418158373786407,0.40047613078934696,0.5010718792962561,0.019419300314161208
97,ud_naive_B050,cse_dos_ud_naive_replay_B050,uncertainty_diversity,naive_replay,50,50,3.0,[41],1,438071817e15a9d6887bba0d97c40eb1d58dd0bdda7317791ca1dcf837849829,C:\Users\ASUS\raids-nids\results\runs\R19_DoS_s097_UN50__NF-CICIDS2018-v3-DoS-Historical-Pilot-to-NF-CICIDS2018-v3-DoS-Emergence-Pilot__dos_goldeneye_first_family_emergence__cse_dos_ud_naive_replay_B050__seed97\summary.json,0.8676470588235294,0.15130646539332399,0.011225728155339806,0.03170509708737864,0.9570691747572816,0.3935418175963095,0.5953125633373803,0.365034127832713,0.5221346213815292,0.00867962566437603,,3.0,C:\Users\ASUS\raids-nids\results\runs\R18_CSE_DoS_guard_seed_robustness_s097__NF-CICIDS2018-v3-DoS-Historical-Pilot-to-NF-CICIDS2018-v3-DoS-Emergence-Pilot__dos_goldeneye_first_family_emergence__cse_dos_prototype_static_open_guard_safe__seed97\summary.json,0.8901821802363483,0.16065351646114703,0.0,0.03944174757281554,0.9605582524271845,0.3952986504410805,0.6066765736898231,0.3697546216134017,0.5363918681675764,0.0,,0.011225728155339806,-0.0017568328447709614,-0.004720493780688728,0.00867962566437603
97,ud_anchored_B050,cse_dos_ud_source_anchored_B050,uncertainty_diversity,source_anchored,50,50,3.0,[41],1,438071817e15a9d6887bba0d97c40eb1d58dd0bdda7317791ca1dcf837849829,C:\Users\ASUS\raids-nids\results\runs\R19_DoS_s097_UA50__NF-CICIDS2018-v3-DoS-Historical-Pilot-to-NF-CICIDS2018-v3-DoS-Emergence-Pilot__dos_goldeneye_first_family_emergence__cse_dos_ud_source_anchored_B050__seed97\summary.json,0.8653692348707012,0.15248139781037967,0.011225728155339806,0.03170509708737864,0.9570691747572816,0.393081126449152,0.594353666147601,0.36523993758354445,0.5206450024108814,0.013250610852225602,,3.0,C:\Users\ASUS\raids-nids\results\runs\R18_CSE_DoS_guard_seed_robustness_s097__NF-CICIDS2018-v3-DoS-Historical-Pilot-to-NF-CICIDS2018-v3-DoS-Emergence-Pilot__dos_goldeneye_first_family_emergence__cse_dos_prototype_static_open_guard_safe__seed97\summary.json,0.8901821802363483,0.16065351646114703,0.0,0.03944174757281554,0.9605582524271845,0.3952986504410805,0.6066765736898231,0.3697546216134017,0.5363918681675764,0.0,,0.011225728155339806,-0.002217523991928483,-0.004514684029857274,0.013250610852225602
97,random_naive_B200,cse_dos_random_naive_replay_B200,random_nested,naive_replay,200,200,3.0,[41],1,0085c5acf825a08bf3f952713087b9de27db7afa2c727b3a9ce395077178ae24,C:\Users\ASUS\raids-nids\results\runs\R19_DoS_s097_RN200__NF-CICIDS2018-v3-DoS-Historical-Pilot-to-NF-CICIDS2018-v3-DoS-Emergence-Pilot__dos_goldeneye_first_family_emergence__cse_dos_random_naive_replay_B200__seed97\summary.json,0.8382550002481512,0.14166573709337066,0.8421192354368932,0.038910800970873786,0.11896996359223301,0.7915657362094786,0.8052336005769556,0.8685341784366933,0.9006529017798416,0.02299453192994374,1.0,3.0,C:\Users\ASUS\raids-nids\results\runs\R18_CSE_DoS_guard_seed_robustness_s097__NF-CICIDS2018-v3-DoS-Historical-Pilot-to-NF-CICIDS2018-v3-DoS-Emergence-Pilot__dos_goldeneye_first_family_emergence__cse_dos_prototype_static_open_guard_safe__seed97\summary.json,0.8901821802363483,0.16065351646114703,0.0,0.03944174757281554,0.9605582524271845,0.3952986504410805,0.6066765736898231,0.3697546216134017,0.5363918681675764,0.0,,0.8421192354368932,0.3962670857683981,0.4987795568232916,0.02299453192994374
97,random_anchored_B200,cse_dos_random_source_anchored_B200,random_nested,source_anchored,200,200,3.0,[41],1,0085c5acf825a08bf3f952713087b9de27db7afa2c727b3a9ce395077178ae24,C:\Users\ASUS\raids-nids\results\runs\R19_DoS_s097_RA200__NF-CICIDS2018-v3-DoS-Historical-Pilot-to-NF-CICIDS2018-v3-DoS-Emergence-Pilot__dos_goldeneye_first_family_emergence__cse_dos_random_source_anchored_B200__seed97\summary.json,0.8387808885995102,0.1416967016926396,0.8421192354368932,0.038910800970873786,0.11896996359223301,0.7920481662797683,0.8056854871592609,0.8688747328175458,0.9008740989798182,0.021432458625943333,1.0,3.0,C:\Users\ASUS\raids-nids\results\runs\R18_CSE_DoS_guard_seed_robustness_s097__NF-CICIDS2018-v3-DoS-Historical-Pilot-to-NF-CICIDS2018-v3-DoS-Emergence-Pilot__dos_goldeneye_first_family_emergence__cse_dos_prototype_static_open_guard_safe__seed97\summary.json,0.8901821802363483,0.16065351646114703,0.0,0.03944174757281554,0.9605582524271845,0.3952986504410805,0.6066765736898231,0.3697546216134017,0.5363918681675764,0.0,,0.8421192354368932,0.3967495158386878,0.49912011120414407,0.021432458625943333
97,ud_naive_B200,cse_dos_ud_naive_replay_B200,uncertainty_diversity,naive_replay,200,200,3.0,[41],1,9cf38e7dc3397a6ca20569d2676ebf4595647c669fbb20c51a1a1261c84e8a0c,C:\Users\ASUS\raids-nids\results\runs\R19_DoS_s097_UN200__NF-CICIDS2018-v3-DoS-Historical-Pilot-to-NF-CICIDS2018-v3-DoS-Emergence-Pilot__dos_goldeneye_first_family_emergence__cse_dos_ud_naive_replay_B200__seed97\summary.json,0.8379522184300341,0.1416237621881959,0.83203125,0.03898665048543689,0.1289820995145631,0.7880481836955617,0.8037215541169354,0.8672645801424338,0.9006100285503393,0.023447498626299225,1.0,3.0,C:\Users\ASUS\raids-nids\results\runs\R18_CSE_DoS_guard_seed_robustness_s097__NF-CICIDS2018-v3-DoS-Historical-Pilot-to-NF-CICIDS2018-v3-DoS-Emergence-Pilot__dos_goldeneye_first_family_emergence__cse_dos_prototype_static_open_guard_safe__seed97\summary.json,0.8901821802363483,0.16065351646114703,0.0,0.03944174757281554,0.9605582524271845,0.3952986504410805,0.6066765736898231,0.3697546216134017,0.5363918681675764,0.0,,0.83203125,0.39274953325448125,0.49750995852903207,0.023447498626299225
97,ud_anchored_B200,cse_dos_ud_source_anchored_B200,uncertainty_diversity,source_anchored,200,200,3.0,[41],1,9cf38e7dc3397a6ca20569d2676ebf4595647c669fbb20c51a1a1261c84e8a0c,C:\Users\ASUS\raids-nids\results\runs\R19_DoS_s097_UA200__NF-CICIDS2018-v3-DoS-Historical-Pilot-to-NF-CICIDS2018-v3-DoS-Emergence-Pilot__dos_goldeneye_first_family_emergence__cse_dos_ud_source_anchored_B200__seed97\summary.json,0.8386872720958499,0.14168151139918012,0.8315003033980582,0.03898665048543689,0.12951304611650485,0.7885670394980864,0.8041576167068275,0.8677390211191912,0.9008867413989562,0.021676318185971547,1.0,3.0,C:\Users\ASUS\raids-nids\results\runs\R18_CSE_DoS_guard_seed_robustness_s097__NF-CICIDS2018-v3-DoS-Historical-Pilot-to-NF-CICIDS2018-v3-DoS-Emergence-Pilot__dos_goldeneye_first_family_emergence__cse_dos_prototype_static_open_guard_safe__seed97\summary.json,0.8901821802363483,0.16065351646114703,0.0,0.03944174757281554,0.9605582524271845,0.3952986504410805,0.6066765736898231,0.3697546216134017,0.5363918681675764,0.0,,0.8315003033980582,0.3932683890570059,0.4979843995057895,0.021676318185971547
109,random_naive_B050,cse_dos_random_naive_replay_B050,random_nested,naive_replay,50,50,3.0,[41],1,fe930d3703039853db50269fbcef425d4131520eec7ebf6365294cbed00f034f,C:\Users\ASUS\raids-nids\results\runs\R19_DoS_s109_RN50__NF-CICIDS2018-v3-DoS-Historical-Pilot-to-NF-CICIDS2018-v3-DoS-Emergence-Pilot__dos_goldeneye_first_family_emergence__cse_dos_random_naive_replay_B050__seed109\summary.json,0.8285237061550299,0.13676754366058197,0.8448498179611651,0.03610436893203883,0.11904581310679611,0.7853212128809093,0.7983876634062815,0.8733310057444497,0.9039117315979697,0.016497362280397485,1.0,3.0,C:\Users\ASUS\raids-nids\results\runs\R18_CSE_DoS_guard_seed_robustness_s109__NF-CICIDS2018-v3-DoS-Historical-Pilot-to-NF-CICIDS2018-v3-DoS-Emergence-Pilot__dos_goldeneye_first_family_emergence__cse_dos_prototype_static_open_guard_safe__seed109\summary.json,0.8786519679758561,0.16156128717708151,0.0,0.037090412621359224,0.9629095873786407,0.3972461814184927,0.6058512704762645,0.3865576572683078,0.535875572630895,0.0,,0.8448498179611651,0.38807503146241656,0.48677334847614184,0.016497362280397485
109,random_anchored_B050,cse_dos_random_source_anchored_B050,random_nested,source_anchored,50,50,3.0,[41],1,fe930d3703039853db50269fbcef425d4131520eec7ebf6365294cbed00f034f,C:\Users\ASUS\raids-nids\results\runs\R19_DoS_s109_RA50__NF-CICIDS2018-v3-DoS-Historical-Pilot-to-NF-CICIDS2018-v3-DoS-Emergence-Pilot__dos_goldeneye_first_family_emergence__cse_dos_random_source_anchored_B050__seed109\summary.json,0.8281718344232033,0.136773340883319,0.8448498179611651,0.03610436893203883,0.11904581310679611,0.7849668534443459,0.7980814242367128,0.8731407999329788,0.9038157846942875,0.01669395456952366,1.0,3.0,C:\Users\ASUS\raids-nids\results\runs\R18_CSE_DoS_guard_seed_robustness_s109__NF-CICIDS2018-v3-DoS-Historical-Pilot-to-NF-CICIDS2018-v3-DoS-Emergence-Pilot__dos_goldeneye_first_family_emergence__cse_dos_prototype_static_open_guard_safe__seed109\summary.json,0.8786519679758561,0.16156128717708151,0.0,0.037090412621359224,0.9629095873786407,0.3972461814184927,0.6058512704762645,0.3865576572683078,0.535875572630895,0.0,,0.8448498179611651,0.3877206720258532,0.48658314266467095,0.01669395456952366
109,ud_naive_B050,cse_dos_ud_naive_replay_B050,uncertainty_diversity,naive_replay,50,50,3.0,[41],1,a2768f7d68c86343b8e9c73b6a21e6b421b13b42750438329f4784e7dacb0a16,C:\Users\ASUS\raids-nids\results\runs\R19_DoS_s109_UN50__NF-CICIDS2018-v3-DoS-Historical-Pilot-to-NF-CICIDS2018-v3-DoS-Emergence-Pilot__dos_goldeneye_first_family_emergence__cse_dos_ud_naive_replay_B050__seed109\summary.json,0.8300898998544359,0.1556967099104904,0.027912621359223302,0.0245752427184466,0.9475121359223301,0.3951442564669746,0.5832407303546012,0.3824043721159021,0.5089583185911665,0.022895361082885934,,3.0,C:\Users\ASUS\raids-nids\results\runs\R18_CSE_DoS_guard_seed_robustness_s109__NF-CICIDS2018-v3-DoS-Historical-Pilot-to-NF-CICIDS2018-v3-DoS-Emergence-Pilot__dos_goldeneye_first_family_emergence__cse_dos_prototype_static_open_guard_safe__seed109\summary.json,0.8786519679758561,0.16156128717708151,0.0,0.037090412621359224,0.9629095873786407,0.3972461814184927,0.6058512704762645,0.3865576572683078,0.535875572630895,0.0,,0.027912621359223302,-0.0021019249515181193,-0.004153285152405706,0.022895361082885934
109,ud_anchored_B050,cse_dos_ud_source_anchored_B050,uncertainty_diversity,source_anchored,50,50,3.0,[41],1,a2768f7d68c86343b8e9c73b6a21e6b421b13b42750438329f4784e7dacb0a16,C:\Users\ASUS\raids-nids\results\runs\R19_DoS_s109_UA50__NF-CICIDS2018-v3-DoS-Historical-Pilot-to-NF-CICIDS2018-v3-DoS-Emergence-Pilot__dos_goldeneye_first_family_emergence__cse_dos_ud_source_anchored_B050__seed109\summary.json,0.8317393772653827,0.15549799748916704,0.028519417475728157,0.0245752427184466,0.9469053398058253,0.39572617338020905,0.584033701822018,0.3825751686275516,0.5105274895554114,0.020628993444060828,,3.0,C:\Users\ASUS\raids-nids\results\runs\R18_CSE_DoS_guard_seed_robustness_s109__NF-CICIDS2018-v3-DoS-Historical-Pilot-to-NF-CICIDS2018-v3-DoS-Emergence-Pilot__dos_goldeneye_first_family_emergence__cse_dos_prototype_static_open_guard_safe__seed109\summary.json,0.8786519679758561,0.16156128717708151,0.0,0.037090412621359224,0.9629095873786407,0.3972461814184927,0.6058512704762645,0.3865576572683078,0.535875572630895,0.0,,0.028519417475728157,-0.0015200080382836711,-0.003982488640756232,0.020628993444060828
109,random_naive_B200,cse_dos_random_naive_replay_B200,random_nested,naive_replay,200,200,3.0,[41],1,0085c5acf825a08bf3f952713087b9de27db7afa2c727b3a9ce395077178ae24,C:\Users\ASUS\raids-nids\results\runs\R19_DoS_s109_RN200__NF-CICIDS2018-v3-DoS-Historical-Pilot-to-NF-CICIDS2018-v3-DoS-Emergence-Pilot__dos_goldeneye_first_family_emergence__cse_dos_random_naive_replay_B200__seed109\summary.json,0.8270341371750705,0.1368112831898364,0.8450773665048543,0.035876820388349516,0.11904581310679611,0.7839974451207756,0.7970611618894284,0.872301088158864,0.9033359444375716,0.017538568563613875,1.0,3.0,C:\Users\ASUS\raids-nids\results\runs\R18_CSE_DoS_guard_seed_robustness_s109__NF-CICIDS2018-v3-DoS-Historical-Pilot-to-NF-CICIDS2018-v3-DoS-Emergence-Pilot__dos_goldeneye_first_family_emergence__cse_dos_prototype_static_open_guard_safe__seed109\summary.json,0.8786519679758561,0.16156128717708151,0.0,0.037090412621359224,0.9629095873786407,0.3972461814184927,0.6058512704762645,0.3865576572683078,0.535875572630895,0.0,,0.8450773665048543,0.3867512637022829,0.48574343089055616,0.017538568563613875
109,random_anchored_B200,cse_dos_random_source_anchored_B200,random_nested,source_anchored,200,200,3.0,[41],1,0085c5acf825a08bf3f952713087b9de27db7afa2c727b3a9ce395077178ae24,C:\Users\ASUS\raids-nids\results\runs\R19_DoS_s109_RA200__NF-CICIDS2018-v3-DoS-Historical-Pilot-to-NF-CICIDS2018-v3-DoS-Emergence-Pilot__dos_goldeneye_first_family_emergence__cse_dos_random_source_anchored_B200__seed109\summary.json,0.8268577800608924,0.13682032851188503,0.8450773665048543,0.035876820388349516,0.11904581310679611,0.7837182566191302,0.7968843198871328,0.8721565819795267,0.9032588439687119,0.017427280766239072,1.0,3.0,C:\Users\ASUS\raids-nids\results\runs\R18_CSE_DoS_guard_seed_robustness_s109__NF-CICIDS2018-v3-DoS-Historical-Pilot-to-NF-CICIDS2018-v3-DoS-Emergence-Pilot__dos_goldeneye_first_family_emergence__cse_dos_prototype_static_open_guard_safe__seed109\summary.json,0.8786519679758561,0.16156128717708151,0.0,0.037090412621359224,0.9629095873786407,0.3972461814184927,0.6058512704762645,0.3865576572683078,0.535875572630895,0.0,,0.8450773665048543,0.3864720752006375,0.4855989247112189,0.017427280766239072
109,ud_naive_B200,cse_dos_ud_naive_replay_B200,uncertainty_diversity,naive_replay,200,200,3.0,[41],1,5707c7fea17e243012b1c641a07b24adefc66eac89419b02210bd9beef0e90a3,C:\Users\ASUS\raids-nids\results\runs\R19_DoS_s109_UN200__NF-CICIDS2018-v3-DoS-Historical-Pilot-to-NF-CICIDS2018-v3-DoS-Emergence-Pilot__dos_goldeneye_first_family_emergence__cse_dos_ud_naive_replay_B200__seed109\summary.json,0.8276803265347006,0.1366845083217177,0.8438637742718447,0.035876820388349516,0.12025940533980582,0.7854358368279901,0.7977245822314561,0.8727795759001299,0.9034985478858503,0.018516951906056994,1.0,3.0,C:\Users\ASUS\raids-nids\results\runs\R18_CSE_DoS_guard_seed_robustness_s109__NF-CICIDS2018-v3-DoS-Historical-Pilot-to-NF-CICIDS2018-v3-DoS-Emergence-Pilot__dos_goldeneye_first_family_emergence__cse_dos_prototype_static_open_guard_safe__seed109\summary.json,0.8786519679758561,0.16156128717708151,0.0,0.037090412621359224,0.9629095873786407,0.3972461814184927,0.6058512704762645,0.3865576572683078,0.535875572630895,0.0,,0.8438637742718447,0.3881896554094974,0.48622191863182207,0.018516951906056994
109,ud_anchored_B200,cse_dos_ud_source_anchored_B200,uncertainty_diversity,source_anchored,200,200,3.0,[41],1,5707c7fea17e243012b1c641a07b24adefc66eac89419b02210bd9beef0e90a3,C:\Users\ASUS\raids-nids\results\runs\R19_DoS_s109_UA200__NF-CICIDS2018-v3-DoS-Historical-Pilot-to-NF-CICIDS2018-v3-DoS-Emergence-Pilot__dos_goldeneye_first_family_emergence__cse_dos_ud_source_anchored_B200__seed109\summary.json,0.8274674564363937,0.1367480430202735,0.8438637742718447,0.035876820388349516,0.12025940533980582,0.7853299294497316,0.7975898164848602,0.8727407594249447,0.9034167504356159,0.019028657507552234,1.0,3.0,C:\Users\ASUS\raids-nids\results\runs\R18_CSE_DoS_guard_seed_robustness_s109__NF-CICIDS2018-v3-DoS-Historical-Pilot-to-NF-CICIDS2018-v3-DoS-Emergence-Pilot__dos_goldeneye_first_family_emergence__cse_dos_prototype_static_open_guard_safe__seed109\summary.json,0.8786519679758561,0.16156128717708151,0.0,0.037090412621359224,0.9629095873786407,0.3972461814184927,0.6058512704762645,0.3865576572683078,0.535875572630895,0.0,,0.8438637742718447,0.38808374803123885,0.48618310215663685,0.019028657507552234
127,random_naive_B050,cse_dos_random_naive_replay_B050,random_nested,naive_replay,50,50,3.0,[41],1,fe930d3703039853db50269fbcef425d4131520eec7ebf6365294cbed00f034f,C:\Users\ASUS\raids-nids\results\runs\R19_DoS_s127_RN50__NF-CICIDS2018-v3-DoS-Historical-Pilot-to-NF-CICIDS2018-v3-DoS-Emergence-Pilot__dos_goldeneye_first_family_emergence__cse_dos_random_naive_replay_B050__seed127\summary.json,0.8317758175398321,0.13633374207456775,0.8446981189320388,0.03610436893203883,0.11919751213592233,0.7880887065839633,0.800910983031009,0.8729051651960034,0.9035322708669541,0.01750885190146676,1.0,3.0,C:\Users\ASUS\raids-nids\results\runs\R18_CSE_DoS_guard_seed_robustness_s127__NF-CICIDS2018-v3-DoS-Historical-Pilot-to-NF-CICIDS2018-v3-DoS-Emergence-Pilot__dos_goldeneye_first_family_emergence__cse_dos_prototype_static_open_guard_safe__seed127\summary.json,0.8816320680346862,0.15909373748738265,0.0,0.037014563106796114,0.9629854368932039,0.39496580730086367,0.6042076324626002,0.37834763964255463,0.536186071727086,0.0,,0.8446981189320388,0.3931228992830997,0.49455752555344873,0.01750885190146676
127,random_anchored_B050,cse_dos_random_source_anchored_B050,random_nested,source_anchored,50,50,3.0,[41],1,fe930d3703039853db50269fbcef425d4131520eec7ebf6365294cbed00f034f,C:\Users\ASUS\raids-nids\results\runs\R19_DoS_s127_RA50__NF-CICIDS2018-v3-DoS-Historical-Pilot-to-NF-CICIDS2018-v3-DoS-Emergence-Pilot__dos_goldeneye_first_family_emergence__cse_dos_random_source_anchored_B050__seed127\summary.json,0.8313967275314205,0.13634185503922164,0.8446981189320388,0.03595266990291262,0.11934921116504854,0.7877546557007509,0.8005849715895135,0.8726722637829951,0.903295666774934,0.017966929819742048,1.0,3.0,C:\Users\ASUS\raids-nids\results\runs\R18_CSE_DoS_guard_seed_robustness_s127__NF-CICIDS2018-v3-DoS-Historical-Pilot-to-NF-CICIDS2018-v3-DoS-Emergence-Pilot__dos_goldeneye_first_family_emergence__cse_dos_prototype_static_open_guard_safe__seed127\summary.json,0.8816320680346862,0.15909373748738265,0.0,0.037014563106796114,0.9629854368932039,0.39496580730086367,0.6042076324626002,0.37834763964255463,0.536186071727086,0.0,,0.8446981189320388,0.3927888483998872,0.4943246241404405,0.017966929819742048
127,ud_naive_B050,cse_dos_ud_naive_replay_B050,uncertainty_diversity,naive_replay,50,50,3.0,[41],1,dbb035c56060cd55bb9f6dce086ee1c5f9c472190a5fe822a6211df1334e2d83,C:\Users\ASUS\raids-nids\results\runs\R19_DoS_s127_UN50__NF-CICIDS2018-v3-DoS-Historical-Pilot-to-NF-CICIDS2018-v3-DoS-Emergence-Pilot__dos_goldeneye_first_family_emergence__cse_dos_ud_naive_replay_B050__seed127\summary.json,0.835154855283865,0.1520364698027642,0.025637135922330096,0.0245752427184466,0.9497876213592233,0.39150431432115,0.5815564502168722,0.3717708756002999,0.5094916844756211,0.01966542076736557,,3.0,C:\Users\ASUS\raids-nids\results\runs\R18_CSE_DoS_guard_seed_robustness_s127__NF-CICIDS2018-v3-DoS-Historical-Pilot-to-NF-CICIDS2018-v3-DoS-Emergence-Pilot__dos_goldeneye_first_family_emergence__cse_dos_prototype_static_open_guard_safe__seed127\summary.json,0.8816320680346862,0.15909373748738265,0.0,0.037014563106796114,0.9629854368932039,0.39496580730086367,0.6042076324626002,0.37834763964255463,0.536186071727086,0.0,,0.025637135922330096,-0.003461492979713654,-0.0065767640422547125,0.01966542076736557
127,ud_anchored_B050,cse_dos_ud_source_anchored_B050,uncertainty_diversity,source_anchored,50,50,3.0,[41],1,dbb035c56060cd55bb9f6dce086ee1c5f9c472190a5fe822a6211df1334e2d83,C:\Users\ASUS\raids-nids\results\runs\R19_DoS_s127_UA50__NF-CICIDS2018-v3-DoS-Historical-Pilot-to-NF-CICIDS2018-v3-DoS-Emergence-Pilot__dos_goldeneye_first_family_emergence__cse_dos_ud_source_anchored_B050__seed127\summary.json,0.8344878665098244,0.15308252487266924,0.02624393203883495,0.0245752427184466,0.9491808252427184,0.39194693044196605,0.5816354708172641,0.37259899029248705,0.5092856663988953,0.021449376130941295,,3.0,C:\Users\ASUS\raids-nids\results\runs\R18_CSE_DoS_guard_seed_robustness_s127__NF-CICIDS2018-v3-DoS-Historical-Pilot-to-NF-CICIDS2018-v3-DoS-Emergence-Pilot__dos_goldeneye_first_family_emergence__cse_dos_prototype_static_open_guard_safe__seed127\summary.json,0.8816320680346862,0.15909373748738265,0.0,0.037014563106796114,0.9629854368932039,0.39496580730086367,0.6042076324626002,0.37834763964255463,0.536186071727086,0.0,,0.02624393203883495,-0.0030188768588976234,-0.005748649350067581,0.021449376130941295
127,random_naive_B200,cse_dos_random_naive_replay_B200,random_nested,naive_replay,200,200,3.0,[41],1,0085c5acf825a08bf3f952713087b9de27db7afa2c727b3a9ce395077178ae24,C:\Users\ASUS\raids-nids\results\runs\R19_DoS_s127_RN200__NF-CICIDS2018-v3-DoS-Historical-Pilot-to-NF-CICIDS2018-v3-DoS-Emergence-Pilot__dos_goldeneye_first_family_emergence__cse_dos_random_naive_replay_B200__seed127\summary.json,0.829592684954281,0.13625087374601202,0.8450015169902912,0.03564927184466019,0.11934921116504854,0.7858682078334732,0.7989816390893564,0.8715402151136757,0.902602651669764,0.019006205913716986,1.0,3.0,C:\Users\ASUS\raids-nids\results\runs\R18_CSE_DoS_guard_seed_robustness_s127__NF-CICIDS2018-v3-DoS-Historical-Pilot-to-NF-CICIDS2018-v3-DoS-Emergence-Pilot__dos_goldeneye_first_family_emergence__cse_dos_prototype_static_open_guard_safe__seed127\summary.json,0.8816320680346862,0.15909373748738265,0.0,0.037014563106796114,0.9629854368932039,0.39496580730086367,0.6042076324626002,0.37834763964255463,0.536186071727086,0.0,,0.8450015169902912,0.39090240053260955,0.4931925754711211,0.019006205913716986
127,random_anchored_B200,cse_dos_random_source_anchored_B200,random_nested,source_anchored,200,200,3.0,[41],1,0085c5acf825a08bf3f952713087b9de27db7afa2c727b3a9ce395077178ae24,C:\Users\ASUS\raids-nids\results\runs\R19_DoS_s127_RA200__NF-CICIDS2018-v3-DoS-Historical-Pilot-to-NF-CICIDS2018-v3-DoS-Emergence-Pilot__dos_goldeneye_first_family_emergence__cse_dos_random_source_anchored_B200__seed127\summary.json,0.8297316551887912,0.13626374937105049,0.8450015169902912,0.03564927184466019,0.11934921116504854,0.7859437561953619,0.7990861241758407,0.8715847949562319,0.902647631979974,0.01898219542325631,1.0,3.0,C:\Users\ASUS\raids-nids\results\runs\R18_CSE_DoS_guard_seed_robustness_s127__NF-CICIDS2018-v3-DoS-Historical-Pilot-to-NF-CICIDS2018-v3-DoS-Emergence-Pilot__dos_goldeneye_first_family_emergence__cse_dos_prototype_static_open_guard_safe__seed127\summary.json,0.8816320680346862,0.15909373748738265,0.0,0.037014563106796114,0.9629854368932039,0.39496580730086367,0.6042076324626002,0.37834763964255463,0.536186071727086,0.0,,0.8450015169902912,0.3909779488944983,0.49323715531367723,0.01898219542325631
127,ud_naive_B200,cse_dos_ud_naive_replay_B200,uncertainty_diversity,naive_replay,200,200,3.0,[41],1,34b20c502197540421badfb494809f0c029a1e599a56ddd25887e90b8a732714,C:\Users\ASUS\raids-nids\results\runs\R19_DoS_s127_UN200__NF-CICIDS2018-v3-DoS-Historical-Pilot-to-NF-CICIDS2018-v3-DoS-Emergence-Pilot__dos_goldeneye_first_family_emergence__cse_dos_ud_naive_replay_B200__seed127\summary.json,0.8316446219116546,0.13614393177620557,0.8446981189320388,0.035876820388349516,0.11942506067961164,0.7887731049246969,0.8009210153789444,0.8728683584111617,0.903387956153983,0.017848072178937847,1.0,3.0,C:\Users\ASUS\raids-nids\results\runs\R18_CSE_DoS_guard_seed_robustness_s127__NF-CICIDS2018-v3-DoS-Historical-Pilot-to-NF-CICIDS2018-v3-DoS-Emergence-Pilot__dos_goldeneye_first_family_emergence__cse_dos_prototype_static_open_guard_safe__seed127\summary.json,0.8816320680346862,0.15909373748738265,0.0,0.037014563106796114,0.9629854368932039,0.39496580730086367,0.6042076324626002,0.37834763964255463,0.536186071727086,0.0,,0.8446981189320388,0.3938072976238332,0.4945207187686071,0.017848072178937847
127,ud_anchored_B200,cse_dos_ud_source_anchored_B200,uncertainty_diversity,source_anchored,200,200,3.0,[41],1,34b20c502197540421badfb494809f0c029a1e599a56ddd25887e90b8a732714,C:\Users\ASUS\raids-nids\results\runs\R19_DoS_s127_UA200__NF-CICIDS2018-v3-DoS-Historical-Pilot-to-NF-CICIDS2018-v3-DoS-Emergence-Pilot__dos_goldeneye_first_family_emergence__cse_dos_ud_source_anchored_B200__seed127\summary.json,0.8299510146955913,0.13620031979928632,0.8446981189320388,0.035876820388349516,0.11942506067961164,0.7872582299515254,0.7994987802933853,0.8720516326418744,0.9028485313173996,0.01999730626110745,1.0,3.0,C:\Users\ASUS\raids-nids\results\runs\R18_CSE_DoS_guard_seed_robustness_s127__NF-CICIDS2018-v3-DoS-Historical-Pilot-to-NF-CICIDS2018-v3-DoS-Emergence-Pilot__dos_goldeneye_first_family_emergence__cse_dos_prototype_static_open_guard_safe__seed127\summary.json,0.8816320680346862,0.15909373748738265,0.0,0.037014563106796114,0.9629854368932039,0.39496580730086367,0.6042076324626002,0.37834763964255463,0.536186071727086,0.0,,0.8446981189320388,0.3922924226506617,0.4937039929993197,0.01999730626110745
149,random_naive_B050,cse_dos_random_naive_replay_B050,random_nested,naive_replay,50,50,3.0,[41],1,fe930d3703039853db50269fbcef425d4131520eec7ebf6365294cbed00f034f,C:\Users\ASUS\raids-nids\results\runs\R19_DoS_s149_RN50__NF-CICIDS2018-v3-DoS-Historical-Pilot-to-NF-CICIDS2018-v3-DoS-Emergence-Pilot__dos_goldeneye_first_family_emergence__cse_dos_random_naive_replay_B050__seed149\summary.json,0.8549065649153703,0.1451672133883432,0.8409814927184466,0.04095873786407767,0.11805976941747573,0.8160627208413747,0.8210887472429081,0.8791922558863908,0.9062173207976513,0.013274235240104676,1.0,3.0,C:\Users\ASUS\raids-nids\results\runs\R18_CSE_DoS_guard_seed_robustness_s149__NF-CICIDS2018-v3-DoS-Historical-Pilot-to-NF-CICIDS2018-v3-DoS-Emergence-Pilot__dos_goldeneye_first_family_emergence__cse_dos_prototype_static_open_guard_safe__seed149\summary.json,0.8923550113861533,0.16029871357659856,0.0,0.04141383495145631,0.9585861650485437,0.39512542625020297,0.6070292174629598,0.367329726140131,0.5376114057176435,0.0,,0.8409814927184466,0.4209372945911717,0.5118625297462598,0.013274235240104676
149,random_anchored_B050,cse_dos_random_source_anchored_B050,random_nested,source_anchored,50,50,3.0,[41],1,fe930d3703039853db50269fbcef425d4131520eec7ebf6365294cbed00f034f,C:\Users\ASUS\raids-nids\results\runs\R19_DoS_s149_RA50__NF-CICIDS2018-v3-DoS-Historical-Pilot-to-NF-CICIDS2018-v3-DoS-Emergence-Pilot__dos_goldeneye_first_family_emergence__cse_dos_random_source_anchored_B050__seed149\summary.json,0.854556353449225,0.14516564055597966,0.8409814927184466,0.04095873786407767,0.11805976941747573,0.8157753923280947,0.8208112161731531,0.8790600902330116,0.9061341281437226,0.014293127637132853,1.0,3.0,C:\Users\ASUS\raids-nids\results\runs\R18_CSE_DoS_guard_seed_robustness_s149__NF-CICIDS2018-v3-DoS-Historical-Pilot-to-NF-CICIDS2018-v3-DoS-Emergence-Pilot__dos_goldeneye_first_family_emergence__cse_dos_prototype_static_open_guard_safe__seed149\summary.json,0.8923550113861533,0.16029871357659856,0.0,0.04141383495145631,0.9585861650485437,0.39512542625020297,0.6070292174629598,0.367329726140131,0.5376114057176435,0.0,,0.8409814927184466,0.42064996607789173,0.5117303640928805,0.014293127637132853
149,ud_naive_B050,cse_dos_ud_naive_replay_B050,uncertainty_diversity,naive_replay,50,50,3.0,[41],1,570acfded5c6ba688ba7221536b6f2eb517ce9f40f531b510fb392ba5291a80b,C:\Users\ASUS\raids-nids\results\runs\R19_DoS_s149_UN50__NF-CICIDS2018-v3-DoS-Historical-Pilot-to-NF-CICIDS2018-v3-DoS-Emergence-Pilot__dos_goldeneye_first_family_emergence__cse_dos_ud_naive_replay_B050__seed149\summary.json,0.8730577119817055,0.15083390345443598,0.008646844660194174,0.03511832524271845,0.9562348300970874,0.39330032103650714,0.5972746525953008,0.36295009255964433,0.5315053352311568,0.01003693205533771,,3.0,C:\Users\ASUS\raids-nids\results\runs\R18_CSE_DoS_guard_seed_robustness_s149__NF-CICIDS2018-v3-DoS-Historical-Pilot-to-NF-CICIDS2018-v3-DoS-Emergence-Pilot__dos_goldeneye_first_family_emergence__cse_dos_prototype_static_open_guard_safe__seed149\summary.json,0.8923550113861533,0.16029871357659856,0.0,0.04141383495145631,0.9585861650485437,0.39512542625020297,0.6070292174629598,0.367329726140131,0.5376114057176435,0.0,,0.008646844660194174,-0.0018251052136958323,-0.004379633580486653,0.01003693205533771
149,ud_anchored_B050,cse_dos_ud_source_anchored_B050,uncertainty_diversity,source_anchored,50,50,3.0,[41],1,570acfded5c6ba688ba7221536b6f2eb517ce9f40f531b510fb392ba5291a80b,C:\Users\ASUS\raids-nids\results\runs\R19_DoS_s149_UA50__NF-CICIDS2018-v3-DoS-Historical-Pilot-to-NF-CICIDS2018-v3-DoS-Emergence-Pilot__dos_goldeneye_first_family_emergence__cse_dos_ud_source_anchored_B050__seed149\summary.json,0.8723994869725964,0.15095318717571976,0.008646844660194174,0.034966626213592235,0.9563865291262136,0.39315819276138464,0.5969769862535891,0.36293012167192823,0.524215835050763,0.01124926741039847,,3.0,C:\Users\ASUS\raids-nids\results\runs\R18_CSE_DoS_guard_seed_robustness_s149__NF-CICIDS2018-v3-DoS-Historical-Pilot-to-NF-CICIDS2018-v3-DoS-Emergence-Pilot__dos_goldeneye_first_family_emergence__cse_dos_prototype_static_open_guard_safe__seed149\summary.json,0.8923550113861533,0.16029871357659856,0.0,0.04141383495145631,0.9585861650485437,0.39512542625020297,0.6070292174629598,0.367329726140131,0.5376114057176435,0.0,,0.008646844660194174,-0.001967233488818332,-0.004399604468202756,0.01124926741039847
149,random_naive_B200,cse_dos_random_naive_replay_B200,random_nested,naive_replay,200,200,3.0,[41],1,0085c5acf825a08bf3f952713087b9de27db7afa2c727b3a9ce395077178ae24,C:\Users\ASUS\raids-nids\results\runs\R19_DoS_s149_RN200__NF-CICIDS2018-v3-DoS-Historical-Pilot-to-NF-CICIDS2018-v3-DoS-Emergence-Pilot__dos_goldeneye_first_family_emergence__cse_dos_random_naive_replay_B200__seed149\summary.json,0.8454248950324613,0.14491210967072893,0.8410573422330098,0.04080703883495146,0.11813561893203883,0.8018043788106797,0.811920928662596,0.8720487764521846,0.902342766676547,0.018652972586131102,1.0,3.0,C:\Users\ASUS\raids-nids\results\runs\R18_CSE_DoS_guard_seed_robustness_s149__NF-CICIDS2018-v3-DoS-Historical-Pilot-to-NF-CICIDS2018-v3-DoS-Emergence-Pilot__dos_goldeneye_first_family_emergence__cse_dos_prototype_static_open_guard_safe__seed149\summary.json,0.8923550113861533,0.16029871357659856,0.0,0.04141383495145631,0.9585861650485437,0.39512542625020297,0.6070292174629598,0.367329726140131,0.5376114057176435,0.0,,0.8410573422330098,0.4066789525604767,0.5047190503120536,0.018652972586131102
149,random_anchored_B200,cse_dos_random_source_anchored_B200,random_nested,source_anchored,200,200,3.0,[41],1,0085c5acf825a08bf3f952713087b9de27db7afa2c727b3a9ce395077178ae24,C:\Users\ASUS\raids-nids\results\runs\R19_DoS_s149_RA200__NF-CICIDS2018-v3-DoS-Historical-Pilot-to-NF-CICIDS2018-v3-DoS-Emergence-Pilot__dos_goldeneye_first_family_emergence__cse_dos_random_source_anchored_B200__seed149\summary.json,0.8440493827160493,0.14497517856831627,0.8410573422330098,0.04088288834951456,0.11805976941747573,0.8005203588987626,0.8107731060624189,0.8714731298086522,0.9019796060719355,0.02086013261181828,1.0,3.0,C:\Users\ASUS\raids-nids\results\runs\R18_CSE_DoS_guard_seed_robustness_s149__NF-CICIDS2018-v3-DoS-Historical-Pilot-to-NF-CICIDS2018-v3-DoS-Emergence-Pilot__dos_goldeneye_first_family_emergence__cse_dos_prototype_static_open_guard_safe__seed149\summary.json,0.8923550113861533,0.16029871357659856,0.0,0.04141383495145631,0.9585861650485437,0.39512542625020297,0.6070292174629598,0.367329726140131,0.5376114057176435,0.0,,0.8410573422330098,0.40539493264855964,0.5041434036685213,0.02086013261181828
149,ud_naive_B200,cse_dos_ud_naive_replay_B200,uncertainty_diversity,naive_replay,200,200,3.0,[41],1,ce67f256d43da994704021809bd2fcdc4ccaeb4a0879aba5fd448b6ae915c6e8,C:\Users\ASUS\raids-nids\results\runs\R19_DoS_s149_UN200__NF-CICIDS2018-v3-DoS-Historical-Pilot-to-NF-CICIDS2018-v3-DoS-Emergence-Pilot__dos_goldeneye_first_family_emergence__cse_dos_ud_naive_replay_B200__seed149\summary.json,0.8441564052711169,0.14489184822179652,0.840526395631068,0.04080703883495146,0.11866656553398058,0.7999367326320312,0.8106929400176129,0.8712924864290753,0.9020182320647897,0.02200109657236178,1.0,3.0,C:\Users\ASUS\raids-nids\results\runs\R18_CSE_DoS_guard_seed_robustness_s149__NF-CICIDS2018-v3-DoS-Historical-Pilot-to-NF-CICIDS2018-v3-DoS-Emergence-Pilot__dos_goldeneye_first_family_emergence__cse_dos_prototype_static_open_guard_safe__seed149\summary.json,0.8923550113861533,0.16029871357659856,0.0,0.04141383495145631,0.9585861650485437,0.39512542625020297,0.6070292174629598,0.367329726140131,0.5376114057176435,0.0,,0.840526395631068,0.4048113063818283,0.5039627602889443,0.02200109657236178
149,ud_anchored_B200,cse_dos_ud_source_anchored_B200,uncertainty_diversity,source_anchored,200,200,3.0,[41],1,ce67f256d43da994704021809bd2fcdc4ccaeb4a0879aba5fd448b6ae915c6e8,C:\Users\ASUS\raids-nids\results\runs\R19_DoS_s149_UA200__NF-CICIDS2018-v3-DoS-Historical-Pilot-to-NF-CICIDS2018-v3-DoS-Emergence-Pilot__dos_goldeneye_first_family_emergence__cse_dos_ud_source_anchored_B200__seed149\summary.json,0.8444987443154822,0.14491913366470627,0.840526395631068,0.04088288834951456,0.11859071601941748,0.8002995107244067,0.8109970230658091,0.8714800251737137,0.9021021747658359,0.021154863469516134,1.0,3.0,C:\Users\ASUS\raids-nids\results\runs\R18_CSE_DoS_guard_seed_robustness_s149__NF-CICIDS2018-v3-DoS-Historical-Pilot-to-NF-CICIDS2018-v3-DoS-Emergence-Pilot__dos_goldeneye_first_family_emergence__cse_dos_prototype_static_open_guard_safe__seed149\summary.json,0.8923550113861533,0.16029871357659856,0.0,0.04141383495145631,0.9585861650485437,0.39512542625020297,0.6070292174629598,0.367329726140131,0.5376114057176435,0.0,,0.840526395631068,0.4051740844742038,0.5041502990335827,0.021154863469516134
