seed,selection_strategy,budget,runner_query_hash,ordered_vector_hash,unordered_set_hash,minimum_row,maximum_row,unique_rows,Benign_queried,DoS_queried,DoS_queried_percent
11,random_nested,50,fe930d3703039853db50269fbcef425d4131520eec7ebf6365294cbed00f034f,4331320e7365e93dc1c680f1d57bc2cb135ba504b7b620a2220469daad29b6b1,4331320e7365e93dc1c680f1d57bc2cb135ba504b7b620a2220469daad29b6b1,20501,20989,50,1,49,98.0
11,uncertainty_diversity,50,5bd93e609e9dc1dd4cd0eedbae32739177221a235d407cf6a1f14ac537bfbe9e,aada185375a0e1309f55922f9280233f212256e50e6138cbc49e91d458b6081f,aada185375a0e1309f55922f9280233f212256e50e6138cbc49e91d458b6081f,20543,20994,50,27,23,46.0
11,random_nested,200,0085c5acf825a08bf3f952713087b9de27db7afa2c727b3a9ce395077178ae24,4a20c9f8362978853cf7ec1f88d0d0d7ce9e50d7021a0e74f88697ebe5d74449,4a20c9f8362978853cf7ec1f88d0d0d7ce9e50d7021a0e74f88697ebe5d74449,20500,20998,200,12,188,94.0
11,uncertainty_diversity,200,2838c4be24665a0b38ec8050315db20dd7fff4546fc3a838ff1f16d03c619813,cec2dddefad06656f0223c031f1f432b516973c13a481f6a21ebb02f8bb96814,cec2dddefad06656f0223c031f1f432b516973c13a481f6a21ebb02f8bb96814,20500,20997,200,28,172,86.0
23,random_nested,50,fe930d3703039853db50269fbcef425d4131520eec7ebf6365294cbed00f034f,4331320e7365e93dc1c680f1d57bc2cb135ba504b7b620a2220469daad29b6b1,4331320e7365e93dc1c680f1d57bc2cb135ba504b7b620a2220469daad29b6b1,20501,20989,50,1,49,98.0
23,uncertainty_diversity,50,31f920b8988f9e46f0156624511843cb0e186a78f3a8608d6d6c871a37d350a8,8b255e4d6cd05642115517268cf85e422ebae3fee43657ec9135ff51ba8f23bd,8b255e4d6cd05642115517268cf85e422ebae3fee43657ec9135ff51ba8f23bd,20543,20994,50,27,23,46.0
23,random_nested,200,0085c5acf825a08bf3f952713087b9de27db7afa2c727b3a9ce395077178ae24,4a20c9f8362978853cf7ec1f88d0d0d7ce9e50d7021a0e74f88697ebe5d74449,4a20c9f8362978853cf7ec1f88d0d0d7ce9e50d7021a0e74f88697ebe5d74449,20500,20998,200,12,188,94.0
23,uncertainty_diversity,200,b56cb50323b63c0e56e29633ee251d972f5f6b6b51398841150190f165c0c730,2f0987896a0b1e4005bb8a3afaede10866285578a34c92a49a46762bdbc31316,2f0987896a0b1e4005bb8a3afaede10866285578a34c92a49a46762bdbc31316,20500,20997,200,28,172,86.0
37,random_nested,50,fe930d3703039853db50269fbcef425d4131520eec7ebf6365294cbed00f034f,4331320e7365e93dc1c680f1d57bc2cb135ba504b7b620a2220469daad29b6b1,4331320e7365e93dc1c680f1d57bc2cb135ba504b7b620a2220469daad29b6b1,20501,20989,50,1,49,98.0
37,uncertainty_diversity,50,144a3aa0a56d18b870fa1a2bd17fe6c5459f359f76f9db2562365f36576961f7,658f2b206c7669f1fed8b8c8e8c71033261e1dcb3dba5355d49865e1779612e0,658f2b206c7669f1fed8b8c8e8c71033261e1dcb3dba5355d49865e1779612e0,20543,20994,50,27,23,46.0
37,random_nested,200,0085c5acf825a08bf3f952713087b9de27db7afa2c727b3a9ce395077178ae24,4a20c9f8362978853cf7ec1f88d0d0d7ce9e50d7021a0e74f88697ebe5d74449,4a20c9f8362978853cf7ec1f88d0d0d7ce9e50d7021a0e74f88697ebe5d74449,20500,20998,200,12,188,94.0
37,uncertainty_diversity,200,c6f28dded8c20f260d265fef8fd0b64f39bf5e42412bcb7bfc053e73b8ce32c2,6f1b50df7db4b77a940de85c42206b0716facea0584ae317f66606d79a8afe46,6f1b50df7db4b77a940de85c42206b0716facea0584ae317f66606d79a8afe46,20500,20997,200,28,172,86.0
53,random_nested,50,fe930d3703039853db50269fbcef425d4131520eec7ebf6365294cbed00f034f,4331320e7365e93dc1c680f1d57bc2cb135ba504b7b620a2220469daad29b6b1,4331320e7365e93dc1c680f1d57bc2cb135ba504b7b620a2220469daad29b6b1,20501,20989,50,1,49,98.0
53,uncertainty_diversity,50,0a6058ad19c04fdb18a03537f8867cc5a41f85fafaafdeb54bf8a82b64181f4c,2f74920d8c5258bd866e9b817b13df3e47deab6cd5931acb15fe553ce9b99966,2f74920d8c5258bd866e9b817b13df3e47deab6cd5931acb15fe553ce9b99966,20543,20994,50,27,23,46.0
53,random_nested,200,0085c5acf825a08bf3f952713087b9de27db7afa2c727b3a9ce395077178ae24,4a20c9f8362978853cf7ec1f88d0d0d7ce9e50d7021a0e74f88697ebe5d74449,4a20c9f8362978853cf7ec1f88d0d0d7ce9e50d7021a0e74f88697ebe5d74449,20500,20998,200,12,188,94.0
53,uncertainty_diversity,200,b6dfb8f489338a5b5e51a79acb0d459533909f259c140cb4a02a87973ddd4ac3,118ff3caa7701117ed740920724602d12457a3128f6db81671d0faa339aec3bb,118ff3caa7701117ed740920724602d12457a3128f6db81671d0faa339aec3bb,20500,20998,200,28,172,86.0
71,random_nested,50,fe930d3703039853db50269fbcef425d4131520eec7ebf6365294cbed00f034f,4331320e7365e93dc1c680f1d57bc2cb135ba504b7b620a2220469daad29b6b1,4331320e7365e93dc1c680f1d57bc2cb135ba504b7b620a2220469daad29b6b1,20501,20989,50,1,49,98.0
71,uncertainty_diversity,50,fefe1e5057344b4363f014341ee920674958b0d92300ed8198417c42eabaa7c2,89a19e87946e5e425a87e87e445e2d2fd4ec41d3725a414bdbe4a9d016b048cd,89a19e87946e5e425a87e87e445e2d2fd4ec41d3725a414bdbe4a9d016b048cd,20543,20994,50,27,23,46.0
71,random_nested,200,0085c5acf825a08bf3f952713087b9de27db7afa2c727b3a9ce395077178ae24,4a20c9f8362978853cf7ec1f88d0d0d7ce9e50d7021a0e74f88697ebe5d74449,4a20c9f8362978853cf7ec1f88d0d0d7ce9e50d7021a0e74f88697ebe5d74449,20500,20998,200,12,188,94.0
71,uncertainty_diversity,200,f6295703a02a628bd6e9fa3fcf1762d67983ceffe80c656b0c655cb1bcc3deeb,95bf4a57e48776ab3176793c7efe4e4301625f145ba1279a993d80f67d4c50e9,95bf4a57e48776ab3176793c7efe4e4301625f145ba1279a993d80f67d4c50e9,20500,20998,200,28,172,86.0
83,random_nested,50,fe930d3703039853db50269fbcef425d4131520eec7ebf6365294cbed00f034f,4331320e7365e93dc1c680f1d57bc2cb135ba504b7b620a2220469daad29b6b1,4331320e7365e93dc1c680f1d57bc2cb135ba504b7b620a2220469daad29b6b1,20501,20989,50,1,49,98.0
83,uncertainty_diversity,50,76111baef56c3e371b7d6e609727de33c8c3d0f50bab78eaaab07c16301e6f16,54bd46be74d7943755d8590b046013490bea332173b7943dca9989eb18f23447,54bd46be74d7943755d8590b046013490bea332173b7943dca9989eb18f23447,20543,20994,50,27,23,46.0
83,random_nested,200,0085c5acf825a08bf3f952713087b9de27db7afa2c727b3a9ce395077178ae24,4a20c9f8362978853cf7ec1f88d0d0d7ce9e50d7021a0e74f88697ebe5d74449,4a20c9f8362978853cf7ec1f88d0d0d7ce9e50d7021a0e74f88697ebe5d74449,20500,20998,200,12,188,94.0
83,uncertainty_diversity,200,a6438e28178f37e4b2b7c38ec0052a03efd850ee03e616c6a8bd84daf4cd1160,ff71416666289ef2fbdc16c9a8d76bb639c51c11d5be39cf813ed229977b3223,ff71416666289ef2fbdc16c9a8d76bb639c51c11d5be39cf813ed229977b3223,20500,20998,200,28,172,86.0
97,random_nested,50,fe930d3703039853db50269fbcef425d4131520eec7ebf6365294cbed00f034f,4331320e7365e93dc1c680f1d57bc2cb135ba504b7b620a2220469daad29b6b1,4331320e7365e93dc1c680f1d57bc2cb135ba504b7b620a2220469daad29b6b1,20501,20989,50,1,49,98.0
97,uncertainty_diversity,50,438071817e15a9d6887bba0d97c40eb1d58dd0bdda7317791ca1dcf837849829,c991424259707ce7d71c1aca3c092124712da166440ce3dbef2b54a8c78f82bf,c991424259707ce7d71c1aca3c092124712da166440ce3dbef2b54a8c78f82bf,20543,20994,50,27,23,46.0
97,random_nested,200,0085c5acf825a08bf3f952713087b9de27db7afa2c727b3a9ce395077178ae24,4a20c9f8362978853cf7ec1f88d0d0d7ce9e50d7021a0e74f88697ebe5d74449,4a20c9f8362978853cf7ec1f88d0d0d7ce9e50d7021a0e74f88697ebe5d74449,20500,20998,200,12,188,94.0
97,uncertainty_diversity,200,9cf38e7dc3397a6ca20569d2676ebf4595647c669fbb20c51a1a1261c84e8a0c,ecdb246c73c925fefbc70bb2ae6b6fddd11436a53387d03f4f5deab4130780b3,ecdb246c73c925fefbc70bb2ae6b6fddd11436a53387d03f4f5deab4130780b3,20500,20998,200,28,172,86.0
109,random_nested,50,fe930d3703039853db50269fbcef425d4131520eec7ebf6365294cbed00f034f,4331320e7365e93dc1c680f1d57bc2cb135ba504b7b620a2220469daad29b6b1,4331320e7365e93dc1c680f1d57bc2cb135ba504b7b620a2220469daad29b6b1,20501,20989,50,1,49,98.0
109,uncertainty_diversity,50,a2768f7d68c86343b8e9c73b6a21e6b421b13b42750438329f4784e7dacb0a16,704b275ebf12577d4882938ae08cf5361f62866efa11314b2a21904f0dd36758,704b275ebf12577d4882938ae08cf5361f62866efa11314b2a21904f0dd36758,20543,20994,50,27,23,46.0
109,random_nested,200,0085c5acf825a08bf3f952713087b9de27db7afa2c727b3a9ce395077178ae24,4a20c9f8362978853cf7ec1f88d0d0d7ce9e50d7021a0e74f88697ebe5d74449,4a20c9f8362978853cf7ec1f88d0d0d7ce9e50d7021a0e74f88697ebe5d74449,20500,20998,200,12,188,94.0
109,uncertainty_diversity,200,5707c7fea17e243012b1c641a07b24adefc66eac89419b02210bd9beef0e90a3,f287ebdb7b4c11aaf960e26caec2e825226529edb7a7669b62141749fc6f6d7d,f287ebdb7b4c11aaf960e26caec2e825226529edb7a7669b62141749fc6f6d7d,20500,20997,200,28,172,86.0
127,random_nested,50,fe930d3703039853db50269fbcef425d4131520eec7ebf6365294cbed00f034f,4331320e7365e93dc1c680f1d57bc2cb135ba504b7b620a2220469daad29b6b1,4331320e7365e93dc1c680f1d57bc2cb135ba504b7b620a2220469daad29b6b1,20501,20989,50,1,49,98.0
127,uncertainty_diversity,50,dbb035c56060cd55bb9f6dce086ee1c5f9c472190a5fe822a6211df1334e2d83,b518e30bd7f7c1e6f44ec43db2d10666537f4fce4bbe1c5376cecf614c4896d3,b518e30bd7f7c1e6f44ec43db2d10666537f4fce4bbe1c5376cecf614c4896d3,20543,20994,50,27,23,46.0
127,random_nested,200,0085c5acf825a08bf3f952713087b9de27db7afa2c727b3a9ce395077178ae24,4a20c9f8362978853cf7ec1f88d0d0d7ce9e50d7021a0e74f88697ebe5d74449,4a20c9f8362978853cf7ec1f88d0d0d7ce9e50d7021a0e74f88697ebe5d74449,20500,20998,200,12,188,94.0
127,uncertainty_diversity,200,34b20c502197540421badfb494809f0c029a1e599a56ddd25887e90b8a732714,255340d1ea3db493296dd4da5930ba9bf9de621198ea876148d4dc64c00f7a62,255340d1ea3db493296dd4da5930ba9bf9de621198ea876148d4dc64c00f7a62,20500,20999,200,28,172,86.0
149,random_nested,50,fe930d3703039853db50269fbcef425d4131520eec7ebf6365294cbed00f034f,4331320e7365e93dc1c680f1d57bc2cb135ba504b7b620a2220469daad29b6b1,4331320e7365e93dc1c680f1d57bc2cb135ba504b7b620a2220469daad29b6b1,20501,20989,50,1,49,98.0
149,uncertainty_diversity,50,570acfded5c6ba688ba7221536b6f2eb517ce9f40f531b510fb392ba5291a80b,49639c014a939293ab61226bf30e17528e84da7b110638d73a9f16b20b4009c2,49639c014a939293ab61226bf30e17528e84da7b110638d73a9f16b20b4009c2,20543,20994,50,27,23,46.0
149,random_nested,200,0085c5acf825a08bf3f952713087b9de27db7afa2c727b3a9ce395077178ae24,4a20c9f8362978853cf7ec1f88d0d0d7ce9e50d7021a0e74f88697ebe5d74449,4a20c9f8362978853cf7ec1f88d0d0d7ce9e50d7021a0e74f88697ebe5d74449,20500,20998,200,12,188,94.0
149,uncertainty_diversity,200,ce67f256d43da994704021809bd2fcdc4ccaeb4a0879aba5fd448b6ae915c6e8,b54371ac92651003a9c2f2b079fa563f0e9d9c84f6fd85c96a013a2f41e4bd67,b54371ac92651003a9c2f2b079fa563f0e9d9c84f6fd85c96a013a2f41e4bd67,20502,20999,200,28,172,86.0
