metric,analysis_family,contrast,seed,difference
Recovery area,factorial_effects,Selection main: random minus UD,11,0.2593751935232701
Recovery area,factorial_effects,Selection main: random minus UD,23,0.2444620700365029
Recovery area,factorial_effects,Selection main: random minus UD,37,0.24351291571391354
Recovery area,factorial_effects,Selection main: random minus UD,53,0.2608261944405169
Recovery area,factorial_effects,Selection main: random minus UD,71,0.2519681202306323
Recovery area,factorial_effects,Selection main: random minus UD,83,0.24820877431268673
Recovery area,factorial_effects,Selection main: random minus UD,97,0.25344302051360845
Recovery area,factorial_effects,Selection main: random minus UD,109,0.24510739993682273
Recovery area,factorial_effects,Selection main: random minus UD,127,0.24985314552577076
Recovery area,factorial_effects,Selection main: random minus UD,149,0.2582803816364694
Recovery area,factorial_effects,Budget main: B200 minus B50,11,0.2541443308741257
Recovery area,factorial_effects,Budget main: B200 minus B50,23,0.24392806614656826
Recovery area,factorial_effects,Budget main: B200 minus B50,37,0.2426371610518092
Recovery area,factorial_effects,Budget main: B200 minus B50,53,0.25568883098377626
Recovery area,factorial_effects,Budget main: B200 minus B50,71,0.2505281496680033
Recovery area,factorial_effects,Budget main: B200 minus B50,83,0.24598680065303047
Recovery area,factorial_effects,Budget main: B200 minus B50,97,0.25012440240538236
Recovery area,factorial_effects,Budget main: B200 minus B50,109,0.24463166476064568
Recovery area,factorial_effects,Budget main: B200 minus B50,127,0.2495244265627895
Recovery area,factorial_effects,Budget main: B200 minus B50,149,0.2505404643781628
Recovery area,factorial_effects,Update main: anchored minus naive,11,-0.0005353960041271089
Recovery area,factorial_effects,Update main: anchored minus naive,23,0.00046258988595437867
Recovery area,factorial_effects,Update main: anchored minus naive,37,-0.0003296379253774351
Recovery area,factorial_effects,Update main: anchored minus naive,53,-0.0005996683208123743
Recovery area,factorial_effects,Update main: anchored minus naive,71,-0.0001165837127654612
Recovery area,factorial_effects,Update main: anchored minus naive,83,-0.00019986588127141047
Recovery area,factorial_effects,Update main: anchored minus naive,97,0.00025824236242000254
Recovery area,factorial_effects,Update main: anchored minus naive,109,-5.068298858601494e-05
Recovery area,factorial_effects,Update main: anchored minus naive,127,-4.4233161888063144e-05
Recovery area,factorial_effects,Update main: anchored minus naive,149,-0.00013506110999728094
Recovery area,factorial_effects,Selection x budget,11,-0.5187349338515217
Recovery area,factorial_effects,Selection x budget,23,-0.4882972934750729
Recovery area,factorial_effects,Selection x budget,37,-0.4877582483244182
Recovery area,factorial_effects,Selection x budget,53,-0.5188146174025362
Recovery area,factorial_effects,Selection x budget,71,-0.5048584658569205
Recovery area,factorial_effects,Selection x budget,83,-0.49390071417263987
Recovery area,factorial_effects,Selection x budget,97,-0.5044807310346028
Recovery area,factorial_effects,Selection x budget,109,-0.4912774650603293
Recovery area,factorial_effects,Selection x budget,127,-0.50150127203467
Recovery area,factorial_effects,Selection x budget,149,-0.515811368614891
Recovery area,factorial_effects,Selection x update,11,0.0006434304833260185
Recovery area,factorial_effects,Selection x update,23,-0.00157204359595714
Recovery area,factorial_effects,Selection x update,37,0.00032723947199553294
Recovery area,factorial_effects,Selection x update,53,0.0009236496626937596
Recovery area,factorial_effects,Selection x update,71,4.362484387965271e-05
Recovery area,factorial_effects,Selection x update,83,-0.0002563534601552342
Recovery area,factorial_effects,Selection x update,97,-0.00016376600274886632
Recovery area,factorial_effects,Selection x update,109,-0.00023334601363619867
Recovery area,factorial_effects,Selection x update,127,-9.985524667591172e-05
Recovery area,factorial_effects,Selection x update,149,-0.0004376900769169634
Recovery area,factorial_effects,Budget x update,11,-0.0007685771911881967
Recovery area,factorial_effects,Budget x update,23,-0.002213376701652725
Recovery area,factorial_effects,Budget x update,37,-0.0009658940908470193
Recovery area,factorial_effects,Budget x update,53,-0.001217207798792752
Recovery area,factorial_effects,Budget x update,71,-0.00031600180550361845
Recovery area,factorial_effects,Budget x update,83,0.00011233527863269144
Recovery area,factorial_effects,Budget x update,97,0.0002985106327699216
Recovery area,factorial_effects,Budget x update,109,-8.195667735053092e-05
Recovery area,factorial_effects,Budget x update,127,-0.0006836796029550396
Recovery area,factorial_effects,Budget x update,149,-0.00011798567889931277
Recovery area,factorial_effects,Selection x budget x update,11,0.001331526221560797
Recovery area,factorial_effects,Selection x budget x update,23,0.0030428797103915217
Recovery area,factorial_effects,Selection x budget x update,37,0.0020834617652225607
Recovery area,factorial_effects,Selection x budget x update,53,0.0016012453853282427
Recovery area,factorial_effects,Selection x budget x update,71,0.002123377728640019
Recovery area,factorial_effects,Selection x budget x update,83,-7.121154665290508e-05
Recovery area,factorial_effects,Selection x budget x update,97,5.975881368780467e-05
Recovery area,factorial_effects,Selection x budget x update,109,0.0002553126189683286
Recovery area,factorial_effects,Selection x budget x update,127,0.0019223217170388218
Recovery area,factorial_effects,Selection x budget x update,149,-0.000650990622507619
Recovery area,simple_effects,At B50: random minus UD,11,0.518742660449031
Recovery area,simple_effects,At B50: random minus UD,23,0.48861071677403944
Recovery area,simple_effects,At B50: random minus UD,37,0.48739203987612273
Recovery area,simple_effects,At B50: random minus UD,53,0.520233503141785
Recovery area,simple_effects,At B50: random minus UD,71,0.5043973531590925
Recovery area,simple_effects,At B50: random minus UD,83,0.49515913139900664
Recovery area,simple_effects,At B50: random minus UD,97,0.5056833860309098
Recovery area,simple_effects,At B50: random minus UD,109,0.4907461324669874
Recovery area,simple_effects,At B50: random minus UD,127,0.5006037815431058
Recovery area,simple_effects,At B50: random minus UD,149,0.516186065943915
Recovery area,simple_effects,At B200: random minus UD,11,7.726597509249977e-06
Recovery area,simple_effects,At B200: random minus UD,23,0.0003134232989665531
Recovery area,simple_effects,At B200: random minus UD,37,-0.0003662084482954908
Recovery area,simple_effects,At B200: random minus UD,53,0.0014188857392487542
Recovery area,simple_effects,At B200: random minus UD,71,-0.00046111269782800335
Recovery area,simple_effects,At B200: random minus UD,83,0.0012584172263667703
Recovery area,simple_effects,At B200: random minus UD,97,0.0012026549963070066
Recovery area,simple_effects,At B200: random minus UD,109,-0.0005313325933419266
Recovery area,simple_effects,At B200: random minus UD,127,-0.000897490491564179
Recovery area,simple_effects,At B200: random minus UD,149,0.00037469732902395414
Recovery area,simple_effects,Within UD: B200 minus B50,11,0.5135117977998865
Recovery area,simple_effects,Within UD: B200 minus B50,23,0.4880767128841047
Recovery area,simple_effects,Within UD: B200 minus B50,37,0.4865162852140182
Recovery area,simple_effects,Within UD: B200 minus B50,53,0.5150961396850443
Recovery area,simple_effects,Within UD: B200 minus B50,71,0.5029573825964636
Recovery area,simple_effects,Within UD: B200 minus B50,83,0.4929371577393504
Recovery area,simple_effects,Within UD: B200 minus B50,97,0.5023647679226838
Recovery area,simple_effects,Within UD: B200 minus B50,109,0.49027039729081046
Recovery area,simple_effects,Within UD: B200 minus B50,127,0.5002750625801246
Recovery area,simple_effects,Within UD: B200 minus B50,149,0.5084461486856082
Recovery area,simple_effects,Within random: B200 minus B50,11,-0.005223136051635158
Recovery area,simple_effects,Within random: B200 minus B50,23,-0.00022058059096818905
Recovery area,simple_effects,Within random: B200 minus B50,37,-0.001241963110400035
Recovery area,simple_effects,Within random: B200 minus B50,53,-0.003718477717491897
Recovery area,simple_effects,Within random: B200 minus B50,71,-0.001901083260456904
Recovery area,simple_effects,Within random: B200 minus B50,83,-0.0009635564332894919
Recovery area,simple_effects,Within random: B200 minus B50,97,-0.0021159631119189726
Recovery area,simple_effects,Within random: B200 minus B50,109,-0.0010070677695188657
Recovery area,simple_effects,Within random: B200 minus B50,127,-0.001226209454545435
Recovery area,simple_effects,Within random: B200 minus B50,149,-0.00736521992928274
Recovery area,static_comparisons,Random B50 minus static,11,0.5104510699287851
Recovery area,static_comparisons,Random B50 minus static,23,0.47374499189038033
Recovery area,static_comparisons,Random B50 minus static,37,0.4719302904905807
Recovery area,static_comparisons,Random B50 minus static,53,0.511529483278222
Recovery area,static_comparisons,Random B50 minus static,71,0.49388191054509384
Recovery area,static_comparisons,Random B50 minus static,83,0.4844571432789525
Recovery area,static_comparisons,Random B50 minus static,97,0.5010657971256367
Recovery area,static_comparisons,Random B50 minus static,109,0.4866782455704064
Recovery area,static_comparisons,Random B50 minus static,127,0.49444107484694466
Recovery area,static_comparisons,Random B50 minus static,149,0.5117964469195702
Recovery area,static_comparisons,UD B50 minus static,11,-0.008291590520245862
Recovery area,static_comparisons,UD B50 minus static,23,-0.014865724883659115
Recovery area,static_comparisons,UD B50 minus static,37,-0.015461749385542012
Recovery area,static_comparisons,UD B50 minus static,53,-0.008704019863562895
Recovery area,static_comparisons,UD B50 minus static,71,-0.010515442613998671
Recovery area,static_comparisons,UD B50 minus static,83,-0.010701988120054129
Recovery area,static_comparisons,UD B50 minus static,97,-0.004617588905273029
Recovery area,static_comparisons,UD B50 minus static,109,-0.004067886896580997
Recovery area,static_comparisons,UD B50 minus static,127,-0.0061627066961611465
Recovery area,static_comparisons,UD B50 minus static,149,-0.00438961902434476
Recovery area,static_comparisons,Random B200 minus static,11,0.5052279338771499
Recovery area,static_comparisons,Random B200 minus static,23,0.47352441129941214
Recovery area,static_comparisons,Random B200 minus static,37,0.4706883273801807
Recovery area,static_comparisons,Random B200 minus static,53,0.5078110055607301
Recovery area,static_comparisons,Random B200 minus static,71,0.49198082728463693
Recovery area,static_comparisons,Random B200 minus static,83,0.483493586845663
Recovery area,static_comparisons,Random B200 minus static,97,0.4989498340137178
Recovery area,static_comparisons,Random B200 minus static,109,0.48567117780088753
Recovery area,static_comparisons,Random B200 minus static,127,0.4932148653923992
Recovery area,static_comparisons,Random B200 minus static,149,0.5044312269902875
Recovery area,static_comparisons,UD B200 minus static,11,0.5052202072796407
Recovery area,static_comparisons,UD B200 minus static,23,0.4732109880004456
Recovery area,static_comparisons,UD B200 minus static,37,0.4710545358284762
Recovery area,static_comparisons,UD B200 minus static,53,0.5063921198214814
Recovery area,static_comparisons,UD B200 minus static,71,0.49244193998246494
Recovery area,static_comparisons,UD B200 minus static,83,0.48223516961929624
Recovery area,static_comparisons,UD B200 minus static,97,0.4977471790174108
Recovery area,static_comparisons,UD B200 minus static,109,0.48620251039422946
Recovery area,static_comparisons,UD B200 minus static,127,0.4941123558839634
Recovery area,static_comparisons,UD B200 minus static,149,0.5040565296612636
Global acquisition macro-F1,factorial_effects,Selection main: random minus UD,11,0.21160063086312775
Global acquisition macro-F1,factorial_effects,Selection main: random minus UD,23,0.19583106453965682
Global acquisition macro-F1,factorial_effects,Selection main: random minus UD,37,0.19716151253143155
Global acquisition macro-F1,factorial_effects,Selection main: random minus UD,53,0.22148629070616144
Global acquisition macro-F1,factorial_effects,Selection main: random minus UD,71,0.20355213542690365
Global acquisition macro-F1,factorial_effects,Selection main: random minus UD,83,0.20007624620190356
Global acquisition macro-F1,factorial_effects,Selection main: random minus UD,97,0.20298296894719692
Global acquisition macro-F1,factorial_effects,Selection main: random minus UD,109,0.1940918929850639
Global acquisition macro-F1,factorial_effects,Selection main: random minus UD,127,0.1970431866685528
Global acquisition macro-F1,factorial_effects,Selection main: random minus UD,149,0.2118670234311455
Global acquisition macro-F1,factorial_effects,Budget main: B200 minus B50,11,0.20016512853673252
Global acquisition macro-F1,factorial_effects,Budget main: B200 minus B50,23,0.19421108201788762
Global acquisition macro-F1,factorial_effects,Budget main: B200 minus B50,37,0.19337916523495413
Global acquisition macro-F1,factorial_effects,Budget main: B200 minus B50,53,0.20997723901217713
Global acquisition macro-F1,factorial_effects,Budget main: B200 minus B50,71,0.1990525842150489
Global acquisition macro-F1,factorial_effects,Budget main: B200 minus B50,83,0.19393591740421312
Global acquisition macro-F1,factorial_effects,Budget main: B200 minus B50,97,0.19551251027469552
Global acquisition macro-F1,factorial_effects,Budget main: B200 minus B50,109,0.19433074296129726
Global acquisition macro-F1,factorial_effects,Budget main: B200 minus B50,127,0.19713717296430688
Global acquisition macro-F1,factorial_effects,Budget main: B200 minus B50,149,0.1960660885246297
Global acquisition macro-F1,factorial_effects,Update main: anchored minus naive,11,-0.001012893233219403
Global acquisition macro-F1,factorial_effects,Update main: anchored minus naive,23,-0.00019388654587670917
Global acquisition macro-F1,factorial_effects,Update main: anchored minus naive,37,-0.0006159606041615806
Global acquisition macro-F1,factorial_effects,Update main: anchored minus naive,53,-0.0011543583710327265
Global acquisition macro-F1,factorial_effects,Update main: anchored minus naive,71,-0.00017599900872411478
Global acquisition macro-F1,factorial_effects,Update main: anchored minus naive,83,-0.00025777153088302196
Global acquisition macro-F1,factorial_effects,Update main: anchored minus naive,97,0.00013350416196522552
Global acquisition macro-F1,factorial_effects,Update main: anchored minus naive,109,-3.9384600808212156e-05
Global acquisition macro-F1,factorial_effects,Update main: anchored minus naive,127,-0.00033269034341987247
Global acquisition macro-F1,factorial_effects,Update main: anchored minus naive,149,-0.00033767465198608626
Global acquisition macro-F1,factorial_effects,Selection x budget,11,-0.422785628882112
Global acquisition macro-F1,factorial_effects,Selection x budget,23,-0.3872959727059046
Global acquisition macro-F1,factorial_effects,Selection x budget,37,-0.3904279192798056
Global acquisition macro-F1,factorial_effects,Selection x budget,53,-0.4304661698868536
Global acquisition macro-F1,factorial_effects,Selection x budget,71,-0.4054611106763305
Global acquisition macro-F1,factorial_effects,Selection x budget,83,-0.3908741063946415
Global acquisition macro-F1,factorial_effects,Selection x budget,97,-0.39896725859879534
Global acquisition macro-F1,factorial_effects,Selection x budget,109,-0.3912338505079437
Global acquisition macro-F1,factorial_effects,Selection x budget,127,-0.39830574418449255
Global acquisition macro-F1,factorial_effects,Selection x budget,149,-0.4216455525092867
Global acquisition macro-F1,factorial_effects,Selection x update,11,0.0011683899236381856
Global acquisition macro-F1,factorial_effects,Selection x update,23,-0.0005429674413149344
Global acquisition macro-F1,factorial_effects,Selection x update,37,0.0007462654727228291
Global acquisition macro-F1,factorial_effects,Selection x update,53,0.0016852714097499721
Global acquisition macro-F1,factorial_effects,Selection x update,71,0.00019187124704117542
Global acquisition macro-F1,factorial_effects,Selection x update,83,-0.0004696508929647736
Global acquisition macro-F1,factorial_effects,Selection x update,97,0.0002088436685632744
Global acquisition macro-F1,factorial_effects,Selection x update,109,-0.0005547787365923207
Global acquisition macro-F1,factorial_effects,Selection x update,127,0.0004068781655158782
Global acquisition macro-F1,factorial_effects,Selection x update,149,-0.0008959991212250107
Global acquisition macro-F1,factorial_effects,Budget x update,11,-0.0014223665592888735
Global acquisition macro-F1,factorial_effects,Budget x update,23,-0.0013450931333756633
Global acquisition macro-F1,factorial_effects,Budget x update,37,-0.0010890756237844634
Global acquisition macro-F1,factorial_effects,Budget x update,53,-0.0025138596178476413
Global acquisition macro-F1,factorial_effects,Budget x update,71,-0.0001911456359622865
Global acquisition macro-F1,factorial_effects,Budget x update,83,0.00035265040201318265
Global acquisition macro-F1,factorial_effects,Budget x update,97,0.0007342775488839437
Global acquisition macro-F1,factorial_effects,Budget x update,109,-0.00030632667828750515
Global acquisition macro-F1,factorial_effects,Budget x update,127,-0.0007739459244431313
Global acquisition macro-F1,factorial_effects,Budget x update,149,-0.0002458925155695568
Global acquisition macro-F1,factorial_effects,Selection x budget x update,11,0.0024311135787709603
Global acquisition macro-F1,factorial_effects,Selection x budget x update,23,0.0006902154197366839
Global acquisition macro-F1,factorial_effects,Selection x budget x update,37,0.002297040370258019
Global acquisition macro-F1,factorial_effects,Selection x budget x update,53,0.003508972046207315
Global acquisition macro-F1,factorial_effects,Selection x budget x update,71,0.0026572798451908186
Global acquisition macro-F1,factorial_effects,Selection x budget x update,83,9.978087224266075e-05
Global acquisition macro-F1,factorial_effects,Selection x budget x update,97,-0.0004905388015964407
Global acquisition macro-F1,factorial_effects,Selection x budget x update,109,0.0007629952264108786
Global acquisition macro-F1,factorial_effects,Selection x budget x update,127,0.002367090339088662
Global acquisition macro-F1,factorial_effects,Selection x budget x update,149,-0.001501597766135121
Global acquisition macro-F1,simple_effects,At B50: random minus UD,11,0.4229934453041838
Global acquisition macro-F1,simple_effects,At B50: random minus UD,23,0.3894790508926091
Global acquisition macro-F1,simple_effects,At B50: random minus UD,37,0.3923754721713343
Global acquisition macro-F1,simple_effects,At B50: random minus UD,53,0.4367193756495883
Global acquisition macro-F1,simple_effects,At B50: random minus UD,71,0.40628269076506907
Global acquisition macro-F1,simple_effects,At B50: random minus UD,83,0.3955132993992243
Global acquisition macro-F1,simple_effects,At B50: random minus UD,97,0.4024665982465947
Global acquisition macro-F1,simple_effects,At B50: random minus UD,109,0.3897088182390358
Global acquisition macro-F1,simple_effects,At B50: random minus UD,127,0.39619605876079905
Global acquisition macro-F1,simple_effects,At B50: random minus UD,149,0.4226897996857889
Global acquisition macro-F1,simple_effects,At B200: random minus UD,11,0.00020781642207179374
Global acquisition macro-F1,simple_effects,At B200: random minus UD,23,0.00218307818670449
Global acquisition macro-F1,simple_effects,At B200: random minus UD,37,0.0019475528915287033
Global acquisition macro-F1,simple_effects,At B200: random minus UD,53,0.006253205762734693
Global acquisition macro-F1,simple_effects,At B200: random minus UD,71,0.0008215800887385605
Global acquisition macro-F1,simple_effects,At B200: random minus UD,83,0.00463919300458282
Global acquisition macro-F1,simple_effects,At B200: random minus UD,97,0.00349933964779936
Global acquisition macro-F1,simple_effects,At B200: random minus UD,109,-0.0015250322689078777
Global acquisition macro-F1,simple_effects,At B200: random minus UD,127,-0.002109685423693497
Global acquisition macro-F1,simple_effects,At B200: random minus UD,149,0.0010442471765022
Global acquisition macro-F1,simple_effects,Within UD: B200 minus B50,11,0.4115579429777886
Global acquisition macro-F1,simple_effects,Within UD: B200 minus B50,23,0.3878590683708399
Global acquisition macro-F1,simple_effects,Within UD: B200 minus B50,37,0.38859312487485675
Global acquisition macro-F1,simple_effects,Within UD: B200 minus B50,53,0.425210323955604
Global acquisition macro-F1,simple_effects,Within UD: B200 minus B50,71,0.401783139553214
Global acquisition macro-F1,simple_effects,Within UD: B200 minus B50,83,0.38937297060153386
Global acquisition macro-F1,simple_effects,Within UD: B200 minus B50,97,0.3949961395740933
Global acquisition macro-F1,simple_effects,Within UD: B200 minus B50,109,0.38994766821526905
Global acquisition macro-F1,simple_effects,Within UD: B200 minus B50,127,0.39629004505655313
Global acquisition macro-F1,simple_effects,Within UD: B200 minus B50,149,0.4068888647792731
Global acquisition macro-F1,simple_effects,Within random: B200 minus B50,11,-0.011227685904323437
Global acquisition macro-F1,simple_effects,Within random: B200 minus B50,23,0.000563095664935287
Global acquisition macro-F1,simple_effects,Within random: B200 minus B50,37,-0.0018347944049488252
Global acquisition macro-F1,simple_effects,Within random: B200 minus B50,53,-0.005255845931249614
Global acquisition macro-F1,simple_effects,Within random: B200 minus B50,71,-0.003677971123116519
Global acquisition macro-F1,simple_effects,Within random: B200 minus B50,83,-0.001501135793107622
Global acquisition macro-F1,simple_effects,Within random: B200 minus B50,97,-0.003971119024702041
Global acquisition macro-F1,simple_effects,Within random: B200 minus B50,109,-0.0012861822926746314
Global acquisition macro-F1,simple_effects,Within random: B200 minus B50,127,-0.0020156991279394187
Global acquisition macro-F1,simple_effects,Within random: B200 minus B50,149,-0.014756687730013596
Global acquisition macro-F1,static_comparisons,Random B50 minus static,11,0.4177975718754638
Global acquisition macro-F1,static_comparisons,Random B50 minus static,23,0.38055475851635023
Global acquisition macro-F1,static_comparisons,Random B50 minus static,37,0.38299299958790944
Global acquisition macro-F1,static_comparisons,Random B50 minus static,53,0.43111083050808335
Global acquisition macro-F1,static_comparisons,Random B50 minus static,71,0.3995980162322734
Global acquisition macro-F1,static_comparisons,Random B50 minus static,83,0.38897382095670896
Global acquisition macro-F1,static_comparisons,Random B50 minus static,97,0.400479419828245
Global acquisition macro-F1,static_comparisons,Random B50 minus static,109,0.3878978517441349
Global acquisition macro-F1,static_comparisons,Random B50 minus static,127,0.39295587384149344
Global acquisition macro-F1,static_comparisons,Random B50 minus static,149,0.4207936303345318
Global acquisition macro-F1,static_comparisons,UD B50 minus static,11,-0.0051958734287200214
Global acquisition macro-F1,static_comparisons,UD B50 minus static,23,-0.008924292376258858
Global acquisition macro-F1,static_comparisons,UD B50 minus static,37,-0.009382472583424839
Global acquisition macro-F1,static_comparisons,UD B50 minus static,53,-0.005608545141504939
Global acquisition macro-F1,static_comparisons,UD B50 minus static,71,-0.0066846745327956425
Global acquisition macro-F1,static_comparisons,UD B50 minus static,83,-0.006539478442515345
Global acquisition macro-F1,static_comparisons,UD B50 minus static,97,-0.001987178418349722
Global acquisition macro-F1,static_comparisons,UD B50 minus static,109,-0.001810966494900923
Global acquisition macro-F1,static_comparisons,UD B50 minus static,127,-0.003240184919305611
Global acquisition macro-F1,static_comparisons,UD B50 minus static,149,-0.001896169351257082
Global acquisition macro-F1,static_comparisons,Random B200 minus static,11,0.40656988597114035
Global acquisition macro-F1,static_comparisons,Random B200 minus static,23,0.3811178541812855
Global acquisition macro-F1,static_comparisons,Random B200 minus static,37,0.3811582051829606
Global acquisition macro-F1,static_comparisons,Random B200 minus static,53,0.42585498457683374
Global acquisition macro-F1,static_comparisons,Random B200 minus static,71,0.3959200451091569
Global acquisition macro-F1,static_comparisons,Random B200 minus static,83,0.38747268516360134
Global acquisition macro-F1,static_comparisons,Random B200 minus static,97,0.39650830080354293
Global acquisition macro-F1,static_comparisons,Random B200 minus static,109,0.38661166945146025
Global acquisition macro-F1,static_comparisons,Random B200 minus static,127,0.390940174713554
Global acquisition macro-F1,static_comparisons,Random B200 minus static,149,0.4060369426045182
Global acquisition macro-F1,static_comparisons,UD B200 minus static,11,0.40636206954906856
Global acquisition macro-F1,static_comparisons,UD B200 minus static,23,0.37893477599458103
Global acquisition macro-F1,static_comparisons,UD B200 minus static,37,0.3792106522914319
Global acquisition macro-F1,static_comparisons,UD B200 minus static,53,0.41960177881409905
Global acquisition macro-F1,static_comparisons,UD B200 minus static,71,0.39509846502041834
Global acquisition macro-F1,static_comparisons,UD B200 minus static,83,0.3828334921590185
Global acquisition macro-F1,static_comparisons,UD B200 minus static,97,0.3930089611557436
Global acquisition macro-F1,static_comparisons,UD B200 minus static,109,0.3881367017203681
Global acquisition macro-F1,static_comparisons,UD B200 minus static,127,0.3930498601372475
Global acquisition macro-F1,static_comparisons,UD B200 minus static,149,0.404992695428016
Novel exact recall,factorial_effects,Selection main: random minus UD,11,0.412450697815534
Novel exact recall,factorial_effects,Selection main: random minus UD,23,0.41908753033980584
Novel exact recall,factorial_effects,Selection main: random minus UD,37,0.4214388652912623
Novel exact recall,factorial_effects,Selection main: random minus UD,53,0.42018734830097093
Novel exact recall,factorial_effects,Selection main: random minus UD,71,0.4160535497572815
Novel exact recall,factorial_effects,Selection main: random minus UD,83,0.42231113470873777
Novel exact recall,factorial_effects,Selection main: random minus UD,97,0.42047178398058255
Novel exact recall,factorial_effects,Selection main: random minus UD,109,0.4089236953883496
Novel exact recall,factorial_effects,Selection main: random minus UD,127,0.40953049150485443
Novel exact recall,factorial_effects,Selection main: random minus UD,149,0.4164327973300971
Novel exact recall,factorial_effects,Budget main: B200 minus B50,11,0.4126782463592233
Novel exact recall,factorial_effects,Budget main: B200 minus B50,23,0.40801350121359237
Novel exact recall,factorial_effects,Budget main: B200 minus B50,37,0.40672405946601947
Novel exact recall,factorial_effects,Budget main: B200 minus B50,53,0.40729293082524276
Novel exact recall,factorial_effects,Budget main: B200 minus B50,71,0.4079376516990292
Novel exact recall,factorial_effects,Budget main: B200 minus B50,83,0.4053966929611651
Novel exact recall,factorial_effects,Budget main: B200 minus B50,97,0.4104217233009709
Novel exact recall,factorial_effects,Budget main: B200 minus B50,109,0.40793765169902907
Novel exact recall,factorial_effects,Budget main: B200 minus B50,127,0.4095304915048544
Novel exact recall,factorial_effects,Budget main: B200 minus B50,149,0.41597770024271846
Novel exact recall,factorial_effects,Update main: anchored minus naive,11,0.0
Novel exact recall,factorial_effects,Update main: anchored minus naive,23,3.792475728148226e-05
Novel exact recall,factorial_effects,Update main: anchored minus naive,37,0.0
Novel exact recall,factorial_effects,Update main: anchored minus naive,53,3.792475728159328e-05
Novel exact recall,factorial_effects,Update main: anchored minus naive,71,0.0
Novel exact recall,factorial_effects,Update main: anchored minus naive,83,0.0
Novel exact recall,factorial_effects,Update main: anchored minus naive,97,-0.00013273665048540995
Novel exact recall,factorial_effects,Update main: anchored minus naive,109,0.00015169902912615107
Novel exact recall,factorial_effects,Update main: anchored minus naive,127,0.00015169902912637312
Novel exact recall,factorial_effects,Update main: anchored minus naive,149,0.0
Novel exact recall,factorial_effects,Selection x budget,11,-0.8245979975728157
Novel exact recall,factorial_effects,Selection x budget,23,-0.8155719053398058
Novel exact recall,factorial_effects,Selection x budget,37,-0.8145100121359224
Novel exact recall,factorial_effects,Selection x budget,53,-0.8141307645631067
Novel exact recall,factorial_effects,Selection x budget,71,-0.8148134101941747
Novel exact recall,factorial_effects,Selection x budget,83,-0.8115518810679611
Novel exact recall,factorial_effects,Selection x budget,97,-0.8202366504854369
Novel exact recall,factorial_effects,Selection x budget,109,-0.8154202063106798
Novel exact recall,factorial_effects,Selection x budget,127,-0.8184541868932039
Novel exact recall,factorial_effects,Selection x budget,149,-0.8318037014563108
Novel exact recall,factorial_effects,Selection x update,11,0.0
Novel exact recall,factorial_effects,Selection x update,23,-7.584951456309982e-05
Novel exact recall,factorial_effects,Selection x update,37,0.0
Novel exact recall,factorial_effects,Selection x update,53,-7.584951456309982e-05
Novel exact recall,factorial_effects,Selection x update,71,0.0
Novel exact recall,factorial_effects,Selection x update,83,0.0
Novel exact recall,factorial_effects,Selection x update,97,0.0002654733009708754
Novel exact recall,factorial_effects,Selection x update,109,-0.00030339805825240103
Novel exact recall,factorial_effects,Selection x update,127,-0.00030339805825245134
Novel exact recall,factorial_effects,Selection x update,149,0.0
Novel exact recall,factorial_effects,Budget x update,11,0.0
Novel exact recall,factorial_effects,Budget x update,23,-7.584951456309982e-05
Novel exact recall,factorial_effects,Budget x update,37,0.0
Novel exact recall,factorial_effects,Budget x update,53,-7.584951456309982e-05
Novel exact recall,factorial_effects,Budget x update,71,0.0
Novel exact recall,factorial_effects,Budget x update,83,0.0
Novel exact recall,factorial_effects,Budget x update,97,-0.0002654733009708754
Novel exact recall,factorial_effects,Budget x update,109,-0.00030339805825240103
Novel exact recall,factorial_effects,Budget x update,127,-0.00030339805825245134
Novel exact recall,factorial_effects,Budget x update,149,0.0
Novel exact recall,factorial_effects,Selection x budget x update,11,0.0
Novel exact recall,factorial_effects,Selection x budget x update,23,0.00015169902912619965
Novel exact recall,factorial_effects,Selection x budget x update,37,0.0
Novel exact recall,factorial_effects,Selection x budget x update,53,0.00015169902912619965
Novel exact recall,factorial_effects,Selection x budget x update,71,0.0
Novel exact recall,factorial_effects,Selection x budget x update,83,0.0
Novel exact recall,factorial_effects,Selection x budget x update,97,0.0005309466019417508
Novel exact recall,factorial_effects,Selection x budget x update,109,0.0006067961165048021
Novel exact recall,factorial_effects,Selection x budget x update,127,0.0006067961165049027
Novel exact recall,factorial_effects,Selection x budget x update,149,0.0
Novel exact recall,simple_effects,At B50: random minus UD,11,0.8247496966019419
Novel exact recall,simple_effects,At B50: random minus UD,23,0.8268734830097088
Novel exact recall,simple_effects,At B50: random minus UD,37,0.8286938713592235
Novel exact recall,simple_effects,At B50: random minus UD,53,0.8272527305825242
Novel exact recall,simple_effects,At B50: random minus UD,71,0.8234602548543689
Novel exact recall,simple_effects,At B50: random minus UD,83,0.8280870752427184
Novel exact recall,simple_effects,At B50: random minus UD,97,0.8305901092233009
Novel exact recall,simple_effects,At B50: random minus UD,109,0.8166337985436893
Novel exact recall,simple_effects,At B50: random minus UD,127,0.8187575849514563
Novel exact recall,simple_effects,At B50: random minus UD,149,0.8323346480582525
Novel exact recall,simple_effects,At B200: random minus UD,11,0.00015169902912615107
Novel exact recall,simple_effects,At B200: random minus UD,23,0.011301577669902918
Novel exact recall,simple_effects,At B200: random minus UD,37,0.01418385922330101
Novel exact recall,simple_effects,At B200: random minus UD,53,0.013121966019417508
Novel exact recall,simple_effects,At B200: random minus UD,71,0.008646844660194164
Novel exact recall,simple_effects,At B200: random minus UD,83,0.01653519417475735
Novel exact recall,simple_effects,At B200: random minus UD,97,0.010353458737863974
Novel exact recall,simple_effects,At B200: random minus UD,109,0.0012135922330096527
Novel exact recall,simple_effects,At B200: random minus UD,127,0.00030339805825241317
Novel exact recall,simple_effects,At B200: random minus UD,149,0.0005309466019417508
Novel exact recall,simple_effects,Within UD: B200 minus B50,11,0.8249772451456312
Novel exact recall,simple_effects,Within UD: B200 minus B50,23,0.8157994538834952
Novel exact recall,simple_effects,Within UD: B200 minus B50,37,0.8139790655339807
Novel exact recall,simple_effects,Within UD: B200 minus B50,53,0.8143583131067961
Novel exact recall,simple_effects,Within UD: B200 minus B50,71,0.8153443567961165
Novel exact recall,simple_effects,Within UD: B200 minus B50,83,0.8111726334951456
Novel exact recall,simple_effects,Within UD: B200 minus B50,97,0.8205400485436893
Novel exact recall,simple_effects,Within UD: B200 minus B50,109,0.815647754854369
Novel exact recall,simple_effects,Within UD: B200 minus B50,127,0.8187575849514563
Novel exact recall,simple_effects,Within UD: B200 minus B50,149,0.831879550970874
Novel exact recall,simple_effects,Within random: B200 minus B50,11,0.0003792475728154887
Novel exact recall,simple_effects,Within random: B200 minus B50,23,0.00022754854368933763
Novel exact recall,simple_effects,Within random: B200 minus B50,37,-0.0005309466019417508
Novel exact recall,simple_effects,Within random: B200 minus B50,53,0.00022754854368933763
Novel exact recall,simple_effects,Within random: B200 minus B50,71,0.0005309466019417508
Novel exact recall,simple_effects,Within random: B200 minus B50,83,-0.0003792475728154887
Novel exact recall,simple_effects,Within random: B200 minus B50,97,0.00030339805825241317
Novel exact recall,simple_effects,Within random: B200 minus B50,109,0.0002275485436892266
Novel exact recall,simple_effects,Within random: B200 minus B50,127,0.00030339805825241317
Novel exact recall,simple_effects,Within random: B200 minus B50,149,7.584951456318656e-05
Novel exact recall,static_comparisons,Random B50 minus static,11,0.8435603762135923
Novel exact recall,static_comparisons,Random B50 minus static,23,0.8431052791262136
Novel exact recall,static_comparisons,Random B50 minus static,37,0.8429535800970874
Novel exact recall,static_comparisons,Random B50 minus static,53,0.8431052791262136
Novel exact recall,static_comparisons,Random B50 minus static,71,0.8436362257281553
Novel exact recall,static_comparisons,Random B50 minus static,83,0.8415124393203883
Novel exact recall,static_comparisons,Random B50 minus static,97,0.8418158373786407
Novel exact recall,static_comparisons,Random B50 minus static,109,0.8448498179611651
Novel exact recall,static_comparisons,Random B50 minus static,127,0.8446981189320388
Novel exact recall,static_comparisons,Random B50 minus static,149,0.8409814927184466
Novel exact recall,static_comparisons,UD B50 minus static,11,0.0188106796116504
Novel exact recall,static_comparisons,UD B50 minus static,23,0.0162317961165048
Novel exact recall,static_comparisons,UD B50 minus static,37,0.014259708737864
Novel exact recall,static_comparisons,UD B50 minus static,53,0.0158525485436893
Novel exact recall,static_comparisons,UD B50 minus static,71,0.0201759708737864
Novel exact recall,static_comparisons,UD B50 minus static,83,0.0134253640776699
Novel exact recall,static_comparisons,UD B50 minus static,97,0.0112257281553398
Novel exact recall,static_comparisons,UD B50 minus static,109,0.028216019417475702
Novel exact recall,static_comparisons,UD B50 minus static,127,0.02594053398058245
Novel exact recall,static_comparisons,UD B50 minus static,149,0.0086468446601941
Novel exact recall,static_comparisons,Random B200 minus static,11,0.8439396237864077
Novel exact recall,static_comparisons,Random B200 minus static,23,0.8433328276699029
Novel exact recall,static_comparisons,Random B200 minus static,37,0.8424226334951457
Novel exact recall,static_comparisons,Random B200 minus static,53,0.8433328276699029
Novel exact recall,static_comparisons,Random B200 minus static,71,0.8441671723300971
Novel exact recall,static_comparisons,Random B200 minus static,83,0.8411331917475728
Novel exact recall,static_comparisons,Random B200 minus static,97,0.8421192354368932
Novel exact recall,static_comparisons,Random B200 minus static,109,0.8450773665048543
Novel exact recall,static_comparisons,Random B200 minus static,127,0.8450015169902912
Novel exact recall,static_comparisons,Random B200 minus static,149,0.8410573422330098
Novel exact recall,static_comparisons,UD B200 minus static,11,0.8437879247572816
Novel exact recall,static_comparisons,UD B200 minus static,23,0.83203125
Novel exact recall,static_comparisons,UD B200 minus static,37,0.8282387742718447
Novel exact recall,static_comparisons,UD B200 minus static,53,0.8302108616504854
Novel exact recall,static_comparisons,UD B200 minus static,71,0.8355203276699029
Novel exact recall,static_comparisons,UD B200 minus static,83,0.8245979975728155
Novel exact recall,static_comparisons,UD B200 minus static,97,0.8317657766990292
Novel exact recall,static_comparisons,UD B200 minus static,109,0.8438637742718447
Novel exact recall,static_comparisons,UD B200 minus static,127,0.8446981189320388
Novel exact recall,static_comparisons,UD B200 minus static,149,0.840526395631068
Source forgetting,factorial_effects,Selection main: random minus UD,11,-0.0015164230273337735
Source forgetting,factorial_effects,Selection main: random minus UD,23,0.00025780237981172516
Source forgetting,factorial_effects,Selection main: random minus UD,37,-0.0004107178338350684
Source forgetting,factorial_effects,Selection main: random minus UD,53,-0.003908697633922875
Source forgetting,factorial_effects,Selection main: random minus UD,71,-0.0026757110866160484
Source forgetting,factorial_effects,Selection main: random minus UD,83,0.0007062438667006475
Source forgetting,factorial_effects,Selection main: random minus UD,97,0.004007334141057847
Source forgetting,factorial_effects,Selection main: random minus UD,109,-0.003228199440195499
Source forgetting,factorial_effects,Selection main: random minus UD,127,-0.0013739980700425009
Source forgetting,factorial_effects,Selection main: random minus UD,149,0.0006595771418931966
Source forgetting,factorial_effects,Budget main: B200 minus B50,11,0.0021039925236178737
Source forgetting,factorial_effects,Budget main: B200 minus B50,23,0.001048526075519425
Source forgetting,factorial_effects,Budget main: B200 minus B50,37,0.000518944089761525
Source forgetting,factorial_effects,Budget main: B200 minus B50,53,-0.0043597495080205245
Source forgetting,factorial_effects,Budget main: B200 minus B50,71,-0.0017831885528024997
Source forgetting,factorial_effects,Budget main: B200 minus B50,83,0.004824106852621551
Source forgetting,factorial_effects,Budget main: B200 minus B50,97,0.007241042878584852
Source forgetting,factorial_effects,Budget main: B200 minus B50,109,-0.0010510531583514497
Source forgetting,factorial_effects,Budget main: B200 minus B50,127,-0.00018919971062425142
Source forgetting,factorial_effects,Budget main: B200 minus B50,149,0.0084538757242134
Source forgetting,factorial_effects,Update main: anchored minus naive,11,0.0018492560391570288
Source forgetting,factorial_effects,Update main: anchored minus naive,23,0.001303075560897822
Source forgetting,factorial_effects,Update main: anchored minus naive,37,0.001427310065455871
Source forgetting,factorial_effects,Update main: anchored minus naive,53,0.0015006718979363766
Source forgetting,factorial_effects,Update main: anchored minus naive,71,0.0002671815357924469
Source forgetting,factorial_effects,Update main: anchored minus naive,83,8.385439759524965e-05
Source forgetting,factorial_effects,Update main: anchored minus naive,97,0.00035498318365680126
Source forgetting,factorial_effects,Update main: anchored minus naive,109,-0.00041733938639459955
Source forgetting,factorial_effects,Update main: anchored minus naive,127,0.001091814218389997
Source forgetting,factorial_effects,Update main: anchored minus naive,149,0.0008980386687326009
Source forgetting,factorial_effects,Selection x budget,11,0.00463649685142075
Source forgetting,factorial_effects,Selection x budget,23,0.0007979349496865518
Source forgetting,factorial_effects,Selection x budget,37,0.004368019127546741
Source forgetting,factorial_effects,Selection x budget,53,0.012507215803173051
Source forgetting,factorial_effects,Selection x budget,71,0.012015360046239598
Source forgetting,factorial_effects,Selection x budget,83,-0.0034428432854377994
Source forgetting,factorial_effects,Selection x budget,97,-0.008711494538499398
Source forgetting,factorial_effects,Selection x budget,109,0.0038766387966346974
Source forgetting,factorial_effects,Selection x budget,127,0.0028910190370129984
Source forgetting,factorial_effects,Selection x budget,149,-0.0049620091277148975
Source forgetting,factorial_effects,Selection x update,11,-0.0025395365708859507
Source forgetting,factorial_effects,Selection x update,23,-0.0026425748858318505
Source forgetting,factorial_effects,Selection x update,37,-0.0015135659310167495
Source forgetting,factorial_effects,Selection x update,53,-0.0021102686546417507
Source forgetting,factorial_effects,Selection x update,71,0.001022839889919299
Source forgetting,factorial_effects,Selection x update,83,0.0006314499365008006
Source forgetting,factorial_effects,Selection x update,97,-0.002089838380208299
Source forgetting,factorial_effects,Selection x update,109,0.0009199832645405987
Source forgetting,factorial_effects,Selection x update,127,-0.0017495610089652992
Source forgetting,factorial_effects,Selection x update,149,0.0014299750852501021
Source forgetting,factorial_effects,Budget x update,11,0.00042747781534195183
Source forgetting,factorial_effects,Budget x update,23,0.0004817239495441515
Source forgetting,factorial_effects,Budget x update,37,0.0023966941349648514
Source forgetting,factorial_effects,Budget x update,53,0.00624107562427275
Source forgetting,factorial_effects,Budget x update,71,0.0038598748972641997
Source forgetting,factorial_effects,Budget x update,83,-0.003719175352600401
Source forgetting,factorial_effects,Budget x update,97,-0.004043220111641703
Source forgetting,factorial_effects,Budget x update,109,0.0012350965769097003
Source forgetting,factorial_effects,Budget x update,127,-5.8404845071002506e-05
Source forgetting,factorial_effects,Budget x update,149,-0.0004351504146237004
Source forgetting,factorial_effects,Selection x budget x update,11,-0.0004962165464397015
Source forgetting,factorial_effects,Selection x budget x update,23,0.0005618492284153037
Source forgetting,factorial_effects,Selection x budget x update,37,-0.006519500059948096
Source forgetting,factorial_effects,Selection x budget x update,53,-0.008017852335111899
Source forgetting,factorial_effects,Selection x budget x update,71,-0.017828097394293602
Source forgetting,factorial_effects,Selection x budget x update,83,0.004733509058280202
Source forgetting,factorial_effects,Selection x budget x update,97,0.004597891033071198
Source forgetting,factorial_effects,Selection x budget x update,109,-0.0030859533268213953
Source forgetting,factorial_effects,Selection x budget x update,127,-0.0008473671273297977
Source forgetting,factorial_effects,Selection x budget x update,149,0.0032468360865652024
Source forgetting,simple_effects,At B50: random minus UD,11,-0.0038346714530441486
Source forgetting,simple_effects,At B50: random minus UD,23,-0.00014116509503155072
Source forgetting,simple_effects,At B50: random minus UD,37,-0.0025947273976084442
Source forgetting,simple_effects,At B50: random minus UD,53,-0.0101623055355094
Source forgetting,simple_effects,At B50: random minus UD,71,-0.008683391109735851
Source forgetting,simple_effects,At B50: random minus UD,83,0.0024276655094195507
Source forgetting,simple_effects,At B50: random minus UD,97,0.00836308141030755
Source forgetting,simple_effects,At B50: random minus UD,109,-0.005166518838512848
Source forgetting,simple_effects,At B50: random minus UD,127,-0.002819507588549
Source forgetting,simple_effects,At B50: random minus UD,149,0.003140581705750649
Source forgetting,simple_effects,At B200: random minus UD,11,0.0008018253983766016
Source forgetting,simple_effects,At B200: random minus UD,23,0.000656769854655001
Source forgetting,simple_effects,At B200: random minus UD,37,0.001773291729938297
Source forgetting,simple_effects,At B200: random minus UD,53,0.0023449102676636503
Source forgetting,simple_effects,At B200: random minus UD,71,0.003331968936503747
Source forgetting,simple_effects,At B200: random minus UD,83,-0.0010151777760182487
Source forgetting,simple_effects,At B200: random minus UD,97,-0.0003484131281918483
Source forgetting,simple_effects,At B200: random minus UD,109,-0.0012898800418781504
Source forgetting,simple_effects,At B200: random minus UD,127,7.151144846399837e-05
Source forgetting,simple_effects,At B200: random minus UD,149,-0.0018214274219642487
Source forgetting,simple_effects,Within UD: B200 minus B50,11,-0.0002142559020925014
Source forgetting,simple_effects,Within UD: B200 minus B50,23,0.0006495586006761492
Source forgetting,simple_effects,Within UD: B200 minus B50,37,-0.001665065474011844
Source forgetting,simple_effects,Within UD: B200 minus B50,53,-0.01061335740960705
Source forgetting,simple_effects,Within UD: B200 minus B50,71,-0.007790868575922299
Source forgetting,simple_effects,Within UD: B200 minus B50,83,0.006545528495340451
Source forgetting,simple_effects,Within UD: B200 minus B50,97,0.01159679014783455
Source forgetting,simple_effects,Within UD: B200 minus B50,109,-0.0029893725566687984
Source forgetting,simple_effects,Within UD: B200 minus B50,127,-0.0016347092291307506
Source forgetting,simple_effects,Within UD: B200 minus B50,149,0.01093488028807085
Source forgetting,simple_effects,Within random: B200 minus B50,11,0.004422240949328249
Source forgetting,simple_effects,Within random: B200 minus B50,23,0.001447493550362701
Source forgetting,simple_effects,Within random: B200 minus B50,37,0.0027029536535348973
Source forgetting,simple_effects,Within random: B200 minus B50,53,0.001893858393566001
Source forgetting,simple_effects,Within random: B200 minus B50,71,0.004224491470317299
Source forgetting,simple_effects,Within random: B200 minus B50,83,0.0031026852099026517
Source forgetting,simple_effects,Within random: B200 minus B50,97,0.0028852956093351513
Source forgetting,simple_effects,Within random: B200 minus B50,109,0.000887266239965899
Source forgetting,simple_effects,Within random: B200 minus B50,127,0.0012563098078822478
Source forgetting,simple_effects,Within random: B200 minus B50,149,0.005972871160355952
Source forgetting,static_comparisons,Random B50 minus static,11,0.014655286742574401
Source forgetting,static_comparisons,Random B50 minus static,23,0.0182707281953456
Source forgetting,static_comparisons,Random B50 minus static,37,0.017638789633854353
Source forgetting,static_comparisons,Random B50 minus static,53,0.00932800177350385
Source forgetting,static_comparisons,Random B50 minus static,71,0.0167628536386952
Source forgetting,static_comparisons,Random B50 minus static,83,0.0178060460452854
Source forgetting,static_comparisons,Random B50 minus static,97,0.01932819966860835
Source forgetting,static_comparisons,Random B50 minus static,109,0.0165956584249605
Source forgetting,static_comparisons,Random B50 minus static,127,0.01773789086060435
Source forgetting,static_comparisons,Random B50 minus static,149,0.0137836814386187
Source forgetting,static_comparisons,UD B50 minus static,11,0.01848995819561855
Source forgetting,static_comparisons,UD B50 minus static,23,0.01841189329037715
Source forgetting,static_comparisons,UD B50 minus static,37,0.020233517031462797
Source forgetting,static_comparisons,UD B50 minus static,53,0.01949030730901325
Source forgetting,static_comparisons,UD B50 minus static,71,0.02544624474843105
Source forgetting,static_comparisons,UD B50 minus static,83,0.015378380535865849
Source forgetting,static_comparisons,UD B50 minus static,97,0.0109651182583008
Source forgetting,static_comparisons,UD B50 minus static,109,0.021762177263473348
Source forgetting,static_comparisons,UD B50 minus static,127,0.02055739844915335
Source forgetting,static_comparisons,UD B50 minus static,149,0.01064309973286805
Source forgetting,static_comparisons,Random B200 minus static,11,0.01907752769190265
Source forgetting,static_comparisons,Random B200 minus static,23,0.0197182217457083
Source forgetting,static_comparisons,Random B200 minus static,37,0.02034174328738925
Source forgetting,static_comparisons,Random B200 minus static,53,0.011221860167069851
Source forgetting,static_comparisons,Random B200 minus static,71,0.020987345109012498
Source forgetting,static_comparisons,Random B200 minus static,83,0.02090873125518805
Source forgetting,static_comparisons,Random B200 minus static,97,0.0222134952779435
Source forgetting,static_comparisons,Random B200 minus static,109,0.0174829246649264
Source forgetting,static_comparisons,Random B200 minus static,127,0.0189942006684866
Source forgetting,static_comparisons,Random B200 minus static,149,0.01975655259897465
Source forgetting,static_comparisons,UD B200 minus static,11,0.01827570229352605
Source forgetting,static_comparisons,UD B200 minus static,23,0.0190614518910533
Source forgetting,static_comparisons,UD B200 minus static,37,0.018568451557450953
Source forgetting,static_comparisons,UD B200 minus static,53,0.0088769498994062
Source forgetting,static_comparisons,UD B200 minus static,71,0.01765537617250875
Source forgetting,static_comparisons,UD B200 minus static,83,0.0219239090312063
Source forgetting,static_comparisons,UD B200 minus static,97,0.02256190840613535
Source forgetting,static_comparisons,UD B200 minus static,109,0.01877280470680455
Source forgetting,static_comparisons,UD B200 minus static,127,0.0189226892200226
Source forgetting,static_comparisons,UD B200 minus static,149,0.0215779800209389
