window,start_row,stop_row,n_rows,novel_prevalence,known_macro_f1,known_macro_f1_all_initial_labels,known_balanced_accuracy,known_mcc,all_class_exact_macro_f1,novel_auprc,novel_auroc,known_success_rate,novel_safe_or_correct_rate,novel_exact_recall,novel_rejection_rate,novel_harmful_acceptance_rate,resilience_score,acquisition_macro_f1,false_unknown_rate,novel_non_rejection_rate,coverage,selective_risk,ece,drift_triggered,drift_reason,mean_shift_score,predicted_unknown_rate,labels_queried,queried_label_counts,cumulative_labels_queried,update_performed,source_holdout_macro_f1,source_forgetting
0,0,500,500,0.0,0.7995198079231692,0.2665066026410564,0.666,,0.1998799519807923,,,0.666,,,,,0.7995198079231692,0.7995198079231692,0.032,,0.968,0.3119834710743802,0.37216707532791954,False,warmup,0.06735046096763593,0.032,0,{},0,False,0.5193428171074622,0.0
1,500,1000,500,0.0,0.8372093023255814,0.27906976744186046,0.72,,0.20930232558139536,,,0.72,,,,,0.8372093023255814,0.8372093023255814,0.042,,0.958,0.24843423799582465,0.4186233612331028,False,warmup,0.055153536380353425,0.042,0,{},0,False,0.5193428171074622,0.0
2,1000,1500,500,0.0,0.7515605493133583,0.25052018310445273,0.602,,0.18789013732833956,,,0.602,,,,,0.7515605493133583,0.7515605493133583,0.036,,0.964,0.3755186721991701,0.33030927960483625,False,warmup,0.09421652687679095,0.036,0,{},0,False,0.5193428171074622,0.0
3,1500,2000,500,0.0,0.8038277511961722,0.2679425837320574,0.672,,0.20095693779904306,,,0.672,,,,,0.8038277511961722,0.8038277511961722,0.022,,0.978,0.3128834355828221,0.3601549724497445,False,warmup,0.07090945491661528,0.022,0,{},0,False,0.5193428171074622,0.0
4,2000,2500,500,0.0,0.7908101571946796,0.2636033857315599,0.654,,0.1977025392986699,,,0.654,,,,,0.7908101571946796,0.7908101571946796,0.014,,0.986,0.3367139959432049,0.34858291245253126,False,warmup,0.09383615597998558,0.014,0,{},0,False,0.5193428171074622,0.0
5,2500,3000,500,0.0,0.8610478359908884,0.2870159453302961,0.756,,0.2152619589977221,,,0.756,,,,,0.8610478359908884,0.8610478359908884,0.034,,0.966,0.21739130434782608,0.4549802352302771,False,warmup,0.06305843714711504,0.034,0,{},0,False,0.5193428171074622,0.0
6,3000,3500,500,0.0,0.8584474885844748,0.2861491628614916,0.752,,0.2146118721461187,,,0.752,,,,,0.8584474885844748,0.8584474885844748,0.048,,0.952,0.21008403361344538,0.4642133548856864,False,warmup,0.10237996350216981,0.048,0,{},0,False,0.5193428171074622,0.0
7,3500,4000,500,0.0,0.88268156424581,0.29422718808193665,0.79,,0.2206703910614525,,,0.79,,,,,0.88268156424581,0.88268156424581,0.024,,0.976,0.19057377049180327,0.4808748669799133,False,warmup,0.09842252977621264,0.024,0,{},0,False,0.5193428171074622,0.0
8,4000,4500,500,0.0,0.7775061124694377,0.25916870415647925,0.636,,0.19437652811735942,,,0.636,,,,,0.7775061124694377,0.7775061124694377,0.044,,0.956,0.33472803347280333,0.3528491162444493,False,warmup,0.1332183348251399,0.044,0,{},0,False,0.5193428171074622,0.0
9,4500,5000,500,0.0,0.8801791713325868,0.2933930571108623,0.786,,0.2200447928331467,,,0.786,,,,,0.8801791713325868,0.8801791713325868,0.042,,0.958,0.17954070981210857,0.49100991487646417,False,warmup,0.07821792902313428,0.042,0,{},0,False,0.5193428171074622,0.0
10,5000,5500,500,0.0,0.8888888888888888,0.2962962962962963,0.8,,0.2222222222222222,,,0.8,,,,,0.8888888888888888,0.8888888888888888,0.056,,0.944,0.15254237288135594,0.48633910792247076,False,warmup,0.10025238012465944,0.056,0,{},0,False,0.5193428171074622,0.0
11,5500,6000,500,0.0,0.8492520138089759,0.28308400460299193,0.738,,0.21231300345224396,,,0.738,,,,,0.8492520138089759,0.8492520138089759,0.072,,0.928,0.20474137931034483,0.4660330017753949,False,warmup,0.10456366056372535,0.072,0,{},0,False,0.5193428171074622,0.0
12,6000,6500,500,0.0,0.8317757009345794,0.2772585669781931,0.712,,0.20794392523364486,,,0.712,,,,,0.8317757009345794,0.8317757009345794,0.068,,0.932,0.23605150214592274,0.4399230528768698,False,warmup,0.09100367161021439,0.068,0,{},0,False,0.5193428171074622,0.0
13,6500,7000,500,0.0,0.854524627720504,0.2848415425735013,0.746,,0.213631156930126,,,0.746,,,,,0.854524627720504,0.854524627720504,0.072,,0.928,0.1961206896551724,0.4542495515460925,False,warmup,0.10769948101531131,0.072,0,{},0,False,0.5193428171074622,0.0
14,7000,7500,500,0.0,0.8584474885844748,0.2861491628614916,0.752,,0.2146118721461187,,,0.752,,,,,0.8584474885844748,0.8584474885844748,0.038,,0.962,0.2182952182952183,0.45486854142551353,False,warmup,0.07983163075278854,0.038,0,{},0,False,0.5193428171074622,0.0
15,7500,8000,500,0.0,0.8331388564760793,0.2777129521586931,0.714,,0.20828471411901983,,,0.714,,,,,0.8331388564760793,0.8331388564760793,0.022,,0.978,0.26993865030674846,0.4118024671672744,False,warmup,0.08407075500665771,0.022,0,{},0,False,0.5193428171074622,0.0
16,8000,8500,500,0.0,0.8052568697729988,0.2684189565909996,0.674,,0.2013142174432497,,,0.674,,,,,0.8052568697729988,0.8052568697729988,0.058,,0.942,0.28450106157112526,0.3787913823772851,False,warmup,0.12234976270956607,0.058,0,{},0,False,0.5193428171074622,0.0
17,8500,9000,500,0.0,0.781973203410475,0.26065773447015833,0.642,,0.19549330085261876,,,0.642,,,,,0.781973203410475,0.781973203410475,0.028,,0.972,0.3395061728395062,0.3509686536765313,False,warmup,0.13835839196788063,0.028,0,{},0,False,0.5193428171074622,0.0
18,9000,9500,500,0.0,0.8425925925925926,0.28086419753086417,0.728,,0.21064814814814814,,,0.728,,,,,0.8425925925925926,0.8425925925925926,0.03,,0.97,0.24948453608247423,0.4195991100546306,False,warmup,0.07981250328315274,0.03,0,{},0,False,0.5193428171074622,0.0
19,9500,10000,500,0.0,0.817966903073286,0.272655634357762,0.692,,0.2044917257683215,,,0.692,,,,,0.817966903073286,0.817966903073286,0.032,,0.968,0.28512396694214875,0.3840998310366893,False,warmup,0.05258445842331467,0.032,0,{},0,False,0.5193428171074622,0.0
20,10000,10500,500,0.0,0.8385598141695703,0.2795199380565234,0.722,,0.20963995354239257,,,0.722,,,,,0.8385598141695703,0.8385598141695703,0.018,,0.982,0.26476578411405294,0.42113603528485344,False,warmup,0.06378482279330351,0.018,0,{},0,False,0.5193428171074622,0.0
21,10500,11000,500,0.0,0.8610478359908884,0.2870159453302961,0.756,,0.2152619589977221,,,0.756,,,,,0.8610478359908884,0.8610478359908884,0.016,,0.984,0.23170731707317074,0.4476795033207661,False,warmup,0.08155374661265694,0.016,0,{},0,False,0.5193428171074622,0.0
22,11000,11500,500,0.0,0.8412514484356894,0.28041714947856317,0.726,,0.21031286210892236,,,0.726,,,,,0.8412514484356894,0.8412514484356894,0.026,,0.974,0.2546201232032854,0.4207706744434711,False,warmup,0.10203816037677625,0.026,0,{},0,False,0.5193428171074622,0.0
23,11500,12000,500,0.0,0.8558352402745996,0.28527841342486654,0.748,,0.2139588100686499,,,0.748,,,,,0.8558352402745996,0.8558352402745996,0.032,,0.968,0.22727272727272727,0.4396386739611619,False,warmup,0.08982651610395256,0.032,0,{},0,False,0.5193428171074622,0.0
24,12000,12500,500,0.0,0.8649262202043133,0.2883087400681044,0.762,,0.21623155505107833,,,0.762,,,,,0.8649262202043133,0.8649262202043133,0.034,,0.966,0.2111801242236025,0.45494721841497865,False,warmup,0.10122085895833033,0.034,0,{},0,False,0.5193428171074622,0.0
25,12500,13000,500,0.0,0.8674971687429218,0.28916572291430725,0.766,,0.21687429218573046,,,0.766,,,,,0.8674971687429218,0.8674971687429218,0.01,,0.99,0.22626262626262628,0.45155586602274195,False,warmup,0.21211355390324432,0.01,0,{},0,False,0.5193428171074622,0.0
26,13000,13500,500,0.0,0.871331828442438,0.290443942814146,0.772,,0.2178329571106095,,,0.772,,,,,0.871331828442438,0.871331828442438,0.014,,0.986,0.21703853955375255,0.4497232563041649,False,warmup,0.10283904070501823,0.014,0,{},0,False,0.5193428171074622,0.0
27,13500,14000,500,0.0,0.8425925925925926,0.28086419753086417,0.728,,0.21064814814814814,,,0.728,,,,,0.8425925925925926,0.8425925925925926,0.034,,0.966,0.2463768115942029,0.42376328829608634,False,warmup,0.06613366400441842,0.034,0,{},0,False,0.5193428171074622,0.0
28,14000,14500,500,0.0,0.8331388564760793,0.2777129521586931,0.714,,0.20828471411901983,,,0.714,,,,,0.8331388564760793,0.8331388564760793,0.022,,0.978,0.26993865030674846,0.4089260270571906,False,warmup,0.062235652575139,0.022,0,{},0,False,0.5193428171074622,0.0
29,14500,15000,500,0.0,0.854524627720504,0.2848415425735013,0.746,,0.213631156930126,,,0.746,,,,,0.854524627720504,0.854524627720504,0.032,,0.968,0.22933884297520662,0.4291735464800442,False,warmup,0.07335221644564363,0.032,0,{},0,False,0.5193428171074622,0.0
30,15000,15500,500,0.0,0.7922705314009661,0.2640901771336554,0.656,,0.19806763285024154,,,0.656,,,,,0.7922705314009661,0.7922705314009661,0.036,,0.964,0.31950207468879666,0.3682160403524831,False,warmup,0.09243939005989978,0.036,0,{},0,False,0.5193428171074622,0.0
31,15500,16000,500,0.0,0.8649262202043133,0.2883087400681044,0.762,,0.21623155505107833,,,0.762,,,,,0.8649262202043133,0.8649262202043133,0.03,,0.97,0.21443298969072164,0.45833745985013663,False,warmup,0.07107089219445928,0.03,0,{},0,False,0.5193428171074622,0.0
32,16000,16500,500,0.0,0.8839285714285714,0.29464285714285715,0.792,,0.22098214285714285,,,0.792,,,,,0.8839285714285714,0.8839285714285714,0.018,,0.982,0.1934826883910387,0.478862182775025,False,warmup,0.11583412997377668,0.018,0,{},0,False,0.5193428171074622,0.0
33,16500,17000,500,0.0,0.7995198079231692,0.2665066026410564,0.666,,0.1998799519807923,,,0.666,,,,,0.7995198079231692,0.7995198079231692,0.044,,0.956,0.303347280334728,0.3892072516676862,False,warmup,0.12085585255632152,0.044,0,{},0,False,0.5193428171074622,0.0
34,17000,17500,500,0.0,0.8249118683901293,0.27497062279670975,0.702,,0.20622796709753233,,,0.702,,,,,0.8249118683901293,0.8249118683901293,0.052,,0.948,0.25949367088607594,0.43512235218204426,False,warmup,0.12540699883321194,0.052,0,{},0,False,0.5193428171074622,0.0
35,17500,18000,500,0.0,0.8998899889988999,0.29996332966629996,0.818,,0.22497249724972498,,,0.818,,,,,0.8998899889988999,0.8998899889988999,0.022,,0.978,0.16359918200409,0.4981584302383826,False,warmup,0.11566445886953873,0.022,0,{},0,False,0.5193428171074622,0.0
36,18000,18500,500,0.0,0.88268156424581,0.29422718808193665,0.79,,0.2206703910614525,,,0.79,,,,,0.88268156424581,0.88268156424581,0.034,,0.966,0.18219461697722567,0.5004839193913917,False,warmup,0.16162901317287873,0.034,0,{},0,False,0.5193428171074622,0.0
37,18500,19000,500,0.0,0.8344988344988346,0.2781662781662782,0.716,,0.20862470862470864,,,0.716,,,,,0.8344988344988346,0.8344988344988346,0.03,,0.97,0.2618556701030928,0.44776790261650745,False,warmup,0.18031439659127574,0.03,0,{},0,False,0.5193428171074622,0.0
38,19000,19500,500,0.0,0.8123515439429929,0.27078384798099764,0.684,,0.20308788598574823,,,0.684,,,,,0.8123515439429929,0.8123515439429929,0.05,,0.95,0.28,0.394681770333447,False,warmup,0.10475370665223166,0.05,0,{},0,False,0.5193428171074622,0.0
39,19500,20000,500,0.0,0.7639060568603214,0.2546353522867738,0.618,,0.19097651421508036,,,0.618,,,,,0.7639060568603214,0.7639060568603214,0.04,,0.96,0.35625,0.3339473489020954,False,warmup,0.11651651806599886,0.04,0,{},0,False,0.5193428171074622,0.0
40,20000,20500,500,0.204,0.8579626972740315,0.2859875657580105,0.7512562814070352,,0.15139240506329116,0.24862649373844709,0.5850576411469111,0.7512562814070352,0.08823529411764706,0.0,0.08823529411764706,0.9117647058823529,0.4730989956958393,0.37848101265822787,0.05025125628140704,0.9117647058823529,0.942,0.3651804670912951,0.3062130749205175,False,persistence_pending,0.24950243761626117,0.058,0,{},0,False,0.5193428171074622,0.0
41,20500,21000,500,0.486,0.8449438202247191,0.2816479400749064,0.7315175097276264,,0.10930232558139534,0.4385329137649002,0.49821460024659336,0.7315175097276264,0.0,0.0,0.0,1.0,0.42247191011235957,0.27325581395348836,0.04669260700389105,1.0,0.976,0.6147540983606558,0.21401539487185084,True,persistent_mean_shift,0.40403557706987536,0.024,0,{},0,False,0.5193428171074622,0.0
42,21000,21500,500,0.624,0.8776119402985074,0.2925373134328358,0.7819148936170213,,0.09088098918083462,0.5589970189435083,0.4963686579378069,0.7819148936170213,0.0,0.0,0.0,1.0,0.4388059701492537,0.22720247295208656,0.005319148936170213,1.0,0.998,0.7054108216432866,0.2884499907411442,False,latched,0.48890508617275336,0.002,0,{},0,False,0.5193428171074622,0.0
43,21500,22000,500,0.774,0.7717391304347826,0.2572463768115942,0.6283185840707964,,0.049737302977232924,0.7018478497998515,0.504424778761062,0.6283185840707964,0.0,0.0,0.0,1.0,0.3858695652173913,0.1243432574430823,0.04424778761061947,1.0,0.99,0.8565656565656565,0.3122682751425095,False,latched,0.5983846420525293,0.01,0,{},0,False,0.5193428171074622,0.0
44,22000,22500,500,0.664,0.7870036101083032,0.26233453670276774,0.6488095238095238,,0.07159277504105091,0.648440557560625,0.6150853413654619,0.6488095238095238,0.0,0.0,0.0,1.0,0.3935018050541516,0.17898193760262726,0.047619047619047616,1.0,0.984,0.7784552845528455,0.2486058117029446,False,latched,0.5093481311681656,0.016,0,{},0,False,0.5193428171074622,0.0
45,22500,23000,500,0.554,0.8737373737373737,0.29124579124579125,0.7757847533632287,,0.10282317979197622,0.5908332887325987,0.6765148694371145,0.7757847533632287,0.0,0.0,0.0,1.0,0.43686868686868685,0.25705794947994054,0.026905829596412557,1.0,0.988,0.6497975708502024,0.1971251111726682,False,latched,0.42304557247450214,0.012,0,{},0,False,0.5193428171074622,0.0
46,23000,23500,500,0.7,0.7704918032786885,0.2568306010928962,0.6266666666666667,,0.0632996632996633,0.6568011215630911,0.5663238095238096,0.6266666666666667,0.0,0.0,0.0,1.0,0.38524590163934425,0.15824915824915825,0.02666666666666667,1.0,0.992,0.8104838709677419,0.26604463369795983,False,latched,0.5420516614857626,0.008,0,{},0,False,0.5193428171074622,0.0
47,23500,24000,500,0.682,0.8308823529411765,0.2769607843137255,0.710691823899371,,0.07373572593800978,0.6850462645371679,0.643021818919567,0.710691823899371,0.0,0.0,0.0,1.0,0.41544117647058826,0.18433931484502447,0.006289308176100629,1.0,0.998,0.7735470941883767,0.2368885403389228,False,latched,0.5292663208023768,0.002,0,{},0,False,0.5193428171074622,0.0
48,24000,24500,500,0.61,0.8529411764705882,0.28431372549019607,0.7435897435897436,,0.1124031007751938,0.5878937732160778,0.5759394703656998,0.7435897435897436,0.0,0.0,0.0,1.0,0.4264705882352941,0.2248062015503876,0.0,1.0,1.0,0.71,0.1943368937235629,False,latched,0.5155272496379721,0.0,0,{},0,False,0.5193428171074622,0.0
49,24500,25000,500,0.706,0.7698744769874477,0.25662482566248257,0.6258503401360545,,0.06216216216216216,0.7237352430195552,0.6165616388198338,0.6258503401360545,0.0,0.0,0.0,1.0,0.38493723849372385,0.1554054054054054,0.013605442176870748,1.0,0.996,0.8152610441767069,0.22119325013942007,False,latched,0.8483574515644331,0.004,0,{},0,False,0.5193428171074622,0.0
50,25000,25500,500,0.708,0.7833333333333333,0.2611111111111111,0.6438356164383562,,0.0632996632996633,0.72649338952956,0.6261125299899388,0.6438356164383562,0.0,0.0,0.0,1.0,0.39166666666666666,0.15824915824915825,0.0273972602739726,1.0,0.992,0.8104838709677419,0.18872137962367058,False,latched,1.0842931221917766,0.008,0,{},0,False,0.5193428171074622,0.0
51,25500,26000,500,0.56,0.8601036269430051,0.2867012089810017,0.7545454545454545,,0.09969969969969969,0.6788863661508631,0.7330032467532468,0.7545454545454545,0.0,0.0,0.0,1.0,0.43005181347150256,0.24924924924924924,0.02727272727272727,1.0,0.988,0.6639676113360324,0.1588721591977264,False,latched,0.9499293841825628,0.012,0,{},0,False,0.5193428171074622,0.0
52,26000,26500,500,0.48,0.8018433179723502,0.2672811059907834,0.6692307692307692,,0.1032640949554896,0.5379680671626959,0.666923076923077,0.6692307692307692,0.0,0.0,0.0,1.0,0.4009216589861751,0.258160237388724,0.03076923076923077,1.0,0.984,0.6463414634146342,0.16686534182284832,False,latched,0.8314117860770236,0.016,0,{},0,False,0.5193428171074622,0.0
53,26500,27000,500,0.462,0.8975409836065574,0.29918032786885246,0.8141263940520446,,0.12183588317107093,0.5559510124013396,0.7243277168927726,0.8141263940520446,0.0,0.0,0.0,1.0,0.4487704918032787,0.3045897079276773,0.01858736059479554,1.0,0.99,0.5575757575757576,0.25156436148379197,False,latched,0.8265045097238803,0.01,0,{},0,False,0.5193428171074622,0.0
54,27000,27500,500,0.572,0.8647214854111406,0.28824049513704686,0.7616822429906542,,0.09834087481146304,0.7011058139025916,0.770211097313901,0.7616822429906542,0.0,0.0,0.0,1.0,0.4323607427055703,0.2458521870286576,0.028037383177570093,1.0,0.988,0.6700404858299596,0.15232903669544404,False,latched,1.0614448755186694,0.012,0,{},0,False,0.5193428171074622,0.0
55,27500,28000,500,0.668,0.8309859154929577,0.27699530516431925,0.7108433734939759,,0.07637540453074435,0.7557517550157469,0.7691905345934635,0.7108433734939759,0.0,0.0,0.0,1.0,0.4154929577464789,0.19093851132686085,0.04819277108433735,1.0,0.984,0.7601626016260162,0.16453315879540728,False,latched,1.40157939031977,0.016,0,{},0,False,0.5193428171074622,0.0
56,28000,28500,500,0.67,0.8,0.26666666666666666,0.6666666666666666,,0.07213114754098361,0.7987286476769024,0.791352329262777,0.6666666666666666,0.0,0.0,0.0,1.0,0.4,0.18032786885245902,0.030303030303030304,1.0,0.99,0.7777777777777778,0.12783105840529876,False,latched,1.2782825962592996,0.01,0,{},0,False,0.5193428171074622,0.0
57,28500,29000,500,0.734,0.7211538461538461,0.2403846153846154,0.5639097744360902,,0.05217391304347826,0.8064478094730713,0.7175431767429472,0.5639097744360902,0.0,0.0,0.0,1.0,0.3605769230769231,0.13043478260869565,0.03759398496240601,1.0,0.99,0.8484848484848485,0.13115539417930405,False,latched,1.333940418324906,0.01,0,{},0,False,0.5193428171074622,0.0
58,29000,29500,500,0.724,0.704225352112676,0.23474178403755866,0.5434782608695652,,0.05217391304347826,0.7418600965571072,0.6634037953398991,0.5434782608695652,0.0,0.0,0.0,1.0,0.352112676056338,0.13043478260869565,0.036231884057971016,1.0,0.99,0.8484848484848485,0.18907341147701553,False,latched,1.2945577405350377,0.01,0,{},0,False,0.5193428171074622,0.0
59,29500,30000,500,0.71,0.7916666666666666,0.2638888888888889,0.6551724137931034,,0.06386554621848739,0.7345644237511016,0.6704808159300631,0.6551724137931034,0.0,0.0,0.0,1.0,0.3958333333333333,0.15966386554621848,0.034482758620689655,1.0,0.99,0.8080808080808081,0.17444637964081366,False,latched,1.1220776437054991,0.01,0,{},0,False,0.5193428171074622,0.0
60,30000,30500,500,0.716,0.7863247863247863,0.2621082621082621,0.647887323943662,,0.06216216216216216,0.6905090104761351,0.5915492957746479,0.647887323943662,0.0,0.0,0.0,1.0,0.39316239316239315,0.1554054054054054,0.04929577464788732,1.0,0.986,0.8133874239350912,0.21093808403922948,False,latched,0.984667477564669,0.014,0,{},0,False,0.5193428171074622,0.0
61,30500,31000,500,0.664,0.8837209302325582,0.29457364341085274,0.7916666666666666,,0.10505529225908374,0.7309450675402478,0.7380952380952381,0.7916666666666666,0.0,0.0,0.0,1.0,0.4418604651162791,0.21011058451816747,0.02976190476190476,1.0,0.99,0.7313131313131314,0.18494966876057808,False,latched,0.757041477013531,0.01,0,{},0,False,0.5193428171074622,0.0
62,31000,31500,500,0.824,0.7428571428571429,0.24761904761904763,0.5909090909090909,,0.03768115942028986,0.7083376065675417,0.3375992939099735,0.5909090909090909,0.0,0.0,0.0,1.0,0.37142857142857144,0.09420289855072464,0.19318181818181818,1.0,0.966,0.8923395445134575,0.278986861179087,False,latched,0.656705895171775,0.034,0,{},0,False,0.5193428171074622,0.0
63,31500,32000,500,0.708,0.7521367521367521,0.25071225071225073,0.6027397260273972,,0.05986394557823129,0.60400985930691,0.40536723163841804,0.6027397260273972,0.0,0.0,0.0,1.0,0.37606837606837606,0.14965986394557823,0.15753424657534246,1.0,0.954,0.8155136268343816,0.21031979461499978,False,latched,0.6489260532194748,0.046,0,{},0,False,0.5193428171074622,0.0
64,32000,32500,500,0.986,0.7272727272727273,0.24242424242424243,0.5714285714285714,,0.005291005291005291,0.9506071267403493,0.15068096203998843,0.5714285714285714,0.0,0.0,0.0,1.0,0.36363636363636365,0.007936507936507936,0.0,1.0,1.0,0.992,0.3448424901770496,False,latched,0.7867816011245283,0.0,0,{},0,False,0.5193428171074622,0.0
65,32500,33000,500,0.958,0.8,0.26666666666666666,0.6666666666666666,,0.013618677042801557,0.9059754184286736,0.35023362163236904,0.6666666666666666,0.0,0.0,0.0,1.0,0.4,0.027237354085603113,0.047619047619047616,1.0,0.998,0.9719438877755511,0.3291810898430045,False,latched,0.7389529713890761,0.002,0,{},0,False,0.5193428171074622,0.0
66,33000,33500,500,0.832,0.7272727272727273,0.24242424242424243,0.5714285714285714,,0.035036496350364967,0.7360423463983088,0.3805803571428571,0.5714285714285714,0.0,0.0,0.0,1.0,0.36363636363636365,0.08759124087591241,0.15476190476190477,1.0,0.974,0.9014373716632443,0.2560210375298211,False,latched,0.7709015596698587,0.026,0,{},0,False,0.5193428171074622,0.0
67,33500,34000,500,0.91,0.6956521739130435,0.2318840579710145,0.5333333333333333,,0.022900763358778626,0.8325668003151476,0.3493528693528693,0.5333333333333333,0.0,0.0,0.0,1.0,0.34782608695652173,0.04580152671755725,0.15555555555555556,1.0,0.986,0.9513184584178499,0.29908782853375576,False,latched,0.6767229661312874,0.014,0,{},0,False,0.5193428171074622,0.0
68,34000,34500,500,0.88,0.7878787878787878,0.2626262626262626,0.65,,0.02894248608534323,0.8151423278065416,0.44916666666666666,0.65,0.0,0.0,0.0,1.0,0.3939393939393939,0.07235621521335807,0.1,1.0,0.988,0.9210526315789473,0.2824746168773652,False,latched,0.6625902549975032,0.012,0,{},0,False,0.5193428171074622,0.0
69,34500,35000,500,0.926,0.7457627118644068,0.24858757062146894,0.5945945945945946,,0.016858237547892722,0.872381237835286,0.46704804156208046,0.5945945945945946,0.0,0.0,0.0,1.0,0.3728813559322034,0.0421455938697318,0.16216216216216217,1.0,0.988,0.9554655870445344,0.3026457594792568,False,latched,0.6937249516798395,0.012,0,{},0,False,0.5193428171074622,0.0
70,35000,35500,500,0.57,0.8802083333333334,0.2934027777777778,0.786046511627907,,0.10104633781763828,0.594606699675761,0.6442268461852305,0.786046511627907,0.0,0.0,0.0,1.0,0.4401041666666667,0.2526158445440957,0.07441860465116279,1.0,0.968,0.6508264462809917,0.14686217717807507,False,latched,0.6971163224161244,0.032,0,{},0,False,0.5193428171074622,0.0
71,35500,36000,500,0.75,0.7437185929648241,0.24790619765494137,0.592,,0.05156794425087108,0.689400129609238,0.5120213333333333,0.592,0.0,0.0,0.0,1.0,0.37185929648241206,0.1289198606271777,0.144,1.0,0.964,0.8464730290456431,0.21462384199728388,False,latched,0.7758357333825721,0.036,0,{},0,False,0.5193428171074622,0.0
72,36000,36500,500,0.822,0.7552447552447552,0.2517482517482517,0.6067415730337079,,0.03898916967509025,0.7291412011972126,0.40627135788293833,0.6067415730337079,0.0,0.0,0.0,1.0,0.3776223776223776,0.09747292418772563,0.14606741573033707,1.0,0.974,0.8891170431211499,0.25472059657048984,False,latched,0.7141030898239709,0.026,0,{},0,False,0.5193428171074622,0.0
73,36500,37000,500,0.868,0.7307692307692307,0.24358974358974358,0.5757575757575758,,0.02825278810408922,0.8026863784894587,0.4685099846390169,0.5757575757575758,0.0,0.0,0.0,1.0,0.36538461538461536,0.07063197026022305,0.12121212121212122,1.0,0.984,0.9227642276422764,0.2749153732727932,False,latched,0.6594093260540268,0.016,0,{},0,False,0.5193428171074622,0.0
74,37000,37500,500,0.842,0.6610169491525424,0.22033898305084745,0.4936708860759494,,0.02894248608534323,0.7445763073302489,0.3807991821762531,0.4936708860759494,0.0,0.0,0.0,1.0,0.3305084745762712,0.07235621521335807,0.22784810126582278,1.0,0.964,0.9190871369294605,0.25358009598586995,False,latched,0.7247388428116569,0.036,0,{},0,False,0.5193428171074622,0.0
75,37500,38000,500,0.714,0.8181818181818182,0.27272727272727276,0.6923076923076923,,0.066110183639399,0.7076549781856547,0.6349336937572232,0.6923076923076923,0.0,0.0,0.0,1.0,0.4090909090909091,0.1652754590984975,0.1258741258741259,1.0,0.964,0.7946058091286307,0.21816841489974031,False,latched,0.7343342091457645,0.036,0,{},0,False,0.5193428171074622,0.0
76,38000,38500,500,0.632,0.7310344827586207,0.24367816091954023,0.5760869565217391,,0.06996699669966996,0.6346313282805054,0.6333241607044579,0.5760869565217391,0.0,0.0,0.0,1.0,0.36551724137931035,0.17491749174917492,0.16304347826086957,1.0,0.94,0.774468085106383,0.18054143448529783,False,latched,0.8124706998434937,0.06,0,{},0,False,0.5193428171074622,0.0
77,38500,39000,500,0.468,0.8384279475982532,0.2794759825327511,0.7218045112781954,,0.11098265895953756,0.558268588668623,0.7294518347149926,0.7218045112781954,0.0,0.0,0.0,1.0,0.4192139737991266,0.2774566473988439,0.06766917293233082,1.0,0.964,0.6016597510373444,0.1232035471415708,False,latched,0.5342934832168396,0.036,0,{},0,False,0.5193428171074622,0.0
78,39000,39500,500,0.884,0.6818181818181818,0.22727272727272727,0.5172413793103449,,0.022641509433962266,0.7735303151501739,0.2847558121391793,0.5172413793103449,0.0,0.0,0.0,1.0,0.3409090909090909,0.05660377358490566,0.20689655172413793,1.0,0.976,0.9385245901639344,0.2840235525445543,False,latched,0.6332141897241246,0.024,0,{},0,False,0.5193428171074622,0.0
79,39500,40000,500,0.532,0.80306905370844,0.26768968456948,0.6709401709401709,,0.09558599695585997,0.4921113017253347,0.5338506522717049,0.6709401709401709,0.0,0.0,0.0,1.0,0.40153452685422,0.2389649923896499,0.1581196581196581,1.0,0.926,0.6609071274298056,0.17813606389638856,False,latched,0.5912439912004693,0.074,0,{},0,False,0.5193428171074622,0.0
80,40000,40500,500,0.554,0.8042895442359249,0.2680965147453083,0.672645739910314,,0.09230769230769231,0.5439918970105355,0.5942756309595117,0.672645739910314,0.0,0.0,0.0,1.0,0.40214477211796246,0.23076923076923078,0.15246636771300448,1.0,0.932,0.6781115879828327,0.1095551183438788,False,latched,0.6475361966442621,0.068,0,{},0,False,0.5193428171074622,0.0
81,40500,41000,500,0.418,0.8543307086614174,0.28477690288713914,0.7457044673539519,,0.12105997210599721,0.4851769311904426,0.6932044262483763,0.7457044673539519,0.0,0.0,0.0,1.0,0.4271653543307087,0.30264993026499304,0.07560137457044673,1.0,0.956,0.5460251046025104,0.15190252116477354,False,latched,0.49850186205963354,0.044,0,{},0,False,0.5193428171074622,0.0
82,41000,41500,500,0.6,0.8571428571428571,0.2857142857142857,0.75,,0.09230769230769231,0.6230170190914914,0.6561833333333333,0.75,0.0,0.0,0.0,1.0,0.42857142857142855,0.23076923076923078,0.13,1.0,0.948,0.6835443037974683,0.1450303379703827,False,latched,0.7651360082559465,0.052,0,{},0,False,0.5193428171074622,0.0
83,41500,42000,500,0.626,0.7896440129449838,0.26321467098166124,0.6524064171122995,,0.07845659163987138,0.6416587717638531,0.6437785105328799,0.6524064171122995,0.0,0.0,0.0,1.0,0.3948220064724919,0.19614147909967847,0.12834224598930483,1.0,0.952,0.7436974789915967,0.1321538769766035,False,latched,0.8425115140342541,0.048,0,{},0,False,0.5193428171074622,0.0
84,42000,42500,500,0.712,0.7478260869565218,0.2492753623188406,0.5972222222222222,,0.058703071672354945,0.6374984052731896,0.47483614232209737,0.5972222222222222,0.0,0.0,0.0,1.0,0.3739130434782609,0.14675767918088736,0.2013888888888889,1.0,0.942,0.8174097664543525,0.15047036570509603,False,latched,0.9386270918880248,0.058,0,{},0,False,0.5193428171074622,0.0
85,42500,43000,500,0.7,0.672566371681416,0.224188790560472,0.5066666666666667,,0.05277777777777778,0.6215173442701853,0.47135238095238097,0.5066666666666667,0.0,0.0,0.0,1.0,0.336283185840708,0.13194444444444445,0.24,1.0,0.928,0.8362068965517241,0.18764337224495742,False,latched,0.9195978218931661,0.072,0,{},0,False,0.5193428171074622,0.0
86,43000,43500,500,0.54,0.8051948051948052,0.2683982683982684,0.6739130434782609,,0.09465648854961832,0.521370541917164,0.5733494363929147,0.6739130434782609,0.0,0.0,0.0,1.0,0.4025974025974026,0.2366412213740458,0.12173913043478261,1.0,0.944,0.6716101694915254,0.11293333728311439,False,latched,0.7454092743076356,0.056,0,{},0,False,0.5193428171074622,0.0
87,43500,44000,500,0.596,0.8289855072463768,0.2763285024154589,0.7079207920792079,,0.08895800933125972,0.6077733353143153,0.636337962655326,0.7079207920792079,0.0,0.0,0.0,1.0,0.4144927536231884,0.2223950233281493,0.14356435643564355,1.0,0.942,0.6963906581740976,0.14962008764005807,False,latched,0.8178597665125408,0.058,0,{},0,False,0.5193428171074622,0.0
88,44000,44500,500,0.632,0.7397260273972602,0.2465753424657534,0.5869565217391305,,0.07105263157894737,0.5803360430427533,0.5295129334067143,0.5869565217391305,0.0,0.0,0.0,1.0,0.3698630136986301,0.17763157894736842,0.1956521739130435,1.0,0.928,0.7672413793103449,0.2112996290712095,False,latched,0.7517576156123186,0.072,0,{},0,False,0.5193428171074622,0.0
89,44500,45000,500,0.6,0.7730061349693251,0.25766871165644173,0.63,,0.0805111821086262,0.544482461270508,0.5144,0.63,0.0,0.0,0.0,1.0,0.38650306748466257,0.2012779552715655,0.175,1.0,0.93,0.7290322580645161,0.170934599541589,False,latched,0.6438036809294595,0.07,0,{},0,False,0.5193428171074622,0.0
90,45000,45500,500,0.73,0.6829268292682927,0.22764227642276424,0.5185185185185185,,0.04912280701754386,0.6563267255409474,0.49055301877219687,0.5185185185185185,0.0,0.0,0.0,1.0,0.34146341463414637,0.12280701754385964,0.2222222222222222,1.0,0.94,0.851063829787234,0.22090237477025168,False,latched,0.7483275924838854,0.06,0,{},0,False,0.5193428171074622,0.0
91,45500,46000,500,0.582,0.8453038674033149,0.281767955801105,0.7320574162679426,,0.09372128637059725,0.5878072069174916,0.6173070915338957,0.7320574162679426,0.0,0.0,0.0,1.0,0.42265193370165743,0.2343032159264931,0.14832535885167464,1.0,0.938,0.673773987206823,0.08722132659249811,False,latched,0.6776908275764808,0.062,0,{},0,False,0.5193428171074622,0.0
92,46000,46500,500,0.646,0.7357142857142858,0.24523809523809526,0.5819209039548022,,0.06832504145936982,0.617818260885683,0.5736999527732591,0.5819209039548022,0.0,0.0,0.0,1.0,0.3678571428571429,0.17081260364842454,0.1864406779661017,1.0,0.934,0.7794432548179872,0.16029838237976757,False,latched,0.8471115706372193,0.066,0,{},0,False,0.5193428171074622,0.0
93,46500,47000,500,0.7,0.717948717948718,0.23931623931623933,0.56,,0.057534246575342465,0.6715033946285226,0.5766476190476191,0.56,0.0,0.0,0.0,1.0,0.358974358974359,0.14383561643835616,0.16,1.0,0.952,0.8235294117647058,0.20699574864936576,False,latched,0.9305249464602452,0.048,0,{},0,False,0.5193428171074622,0.0
94,47000,47500,500,0.644,0.7375886524822695,0.2458628841607565,0.5842696629213483,,0.06887417218543046,0.6270893529629986,0.5993614348523973,0.5842696629213483,0.0,0.0,0.0,1.0,0.36879432624113473,0.17218543046357615,0.16853932584269662,1.0,0.94,0.7787234042553192,0.1625736789679284,False,latched,0.8851439529036,0.06,0,{},0,False,0.5193428171074622,0.0
95,47500,48000,500,0.46,0.8607594936708861,0.2869198312236287,0.7555555555555555,,0.11590909090909092,0.5395122499322178,0.7138486312399356,0.7555555555555555,0.0,0.0,0.0,1.0,0.43037974683544306,0.2897727272727273,0.05185185185185185,1.0,0.972,0.5802469135802469,0.22415314730814714,False,latched,0.5768350698493356,0.028,0,{},0,False,0.5193428171074622,0.0
96,48000,48500,500,0.59,0.7306501547987616,0.2435500515995872,0.5756097560975609,,0.07637540453074435,0.5947202349239029,0.6261099627945432,0.5756097560975609,0.0,0.0,0.0,1.0,0.3653250773993808,0.19093851132686085,0.06829268292682927,1.0,0.972,0.757201646090535,0.1902464314092354,False,latched,0.7860332216718054,0.028,0,{},0,False,0.5193428171074622,0.0
97,48500,49000,500,0.558,0.7653631284916201,0.25512104283054005,0.6199095022624435,,0.08602825745682888,0.6284336000830398,0.7024116511782547,0.6199095022624435,0.0,0.0,0.0,1.0,0.38268156424581007,0.2150706436420722,0.058823529411764705,1.0,0.974,0.7186858316221766,0.14335853133785423,False,latched,0.7929473488911648,0.026,0,{},0,False,0.5193428171074622,0.0
98,49000,49500,500,0.714,0.6509433962264151,0.21698113207547168,0.4825174825174825,,0.06063268892794376,0.7231723238579555,0.6520538285244168,0.4825174825174825,0.0,0.0,0.0,1.0,0.32547169811320753,0.12126537785588752,0.06293706293706294,1.0,0.982,0.8594704684317719,0.24362186213355508,False,latched,0.8869678907037657,0.018,0,{},0,False,0.5193428171074622,0.0
99,49500,50000,500,0.578,0.837465564738292,0.27915518824609736,0.7203791469194313,,0.09325153374233128,0.644636100859848,0.7232161891798815,0.7203791469194313,0.0,0.0,0.0,1.0,0.418732782369146,0.2331288343558282,0.023696682464454975,1.0,0.99,0.692929292929293,0.18776215958936104,False,latched,0.6613214662848946,0.01,0,{},0,False,0.5193428171074622,0.0
100,50000,50500,500,0.596,0.8289855072463768,0.2763285024154589,0.7079207920792079,,0.08895800933125972,0.6043516607371198,0.6357399162735067,0.7079207920792079,0.0,0.0,0.0,1.0,0.4144927536231884,0.2223950233281493,0.04950495049504951,1.0,0.98,0.7081632653061225,0.17937903903393781,False,latched,0.6300415836521566,0.02,0,{},0,False,0.5193428171074622,0.0
101,50500,51000,500,0.63,0.8291139240506329,0.27637130801687765,0.7081081081081081,,0.08304278922345484,0.6797935087068561,0.6952209352209352,0.7081081081081081,0.0,0.0,0.0,1.0,0.41455696202531644,0.2076069730586371,0.043243243243243246,1.0,0.984,0.733739837398374,0.19571958517976062,False,latched,0.7371846797958167,0.016,0,{},0,False,0.5193428171074622,0.0
102,51000,51500,500,0.622,0.7766990291262136,0.2588996763754045,0.6349206349206349,,0.07741935483870968,0.6398483986062196,0.6392078803654366,0.6349206349206349,0.0,0.0,0.0,1.0,0.3883495145631068,0.1935483870967742,0.021164021164021163,1.0,0.992,0.7580645161290323,0.207433078487374,False,latched,0.7498173544770776,0.008,0,{},0,False,0.5193428171074622,0.0
103,51500,52000,500,0.612,0.8277945619335347,0.2759315206445116,0.7061855670103093,,0.08602825745682888,0.667829613630715,0.6916144464658716,0.7061855670103093,0.0,0.0,0.0,1.0,0.41389728096676737,0.2150706436420722,0.03608247422680412,1.0,0.986,0.7221095334685599,0.15343788302249614,False,latched,0.7955294457238214,0.014,0,{},0,False,0.5193428171074622,0.0
104,52000,52500,500,0.622,0.792332268370607,0.2641107561235357,0.656084656084656,,0.07948717948717948,0.6052684667588393,0.5598428010003572,0.656084656084656,0.0,0.0,0.0,1.0,0.3961661341853035,0.1987179487179487,0.05291005291005291,1.0,0.98,0.746938775510204,0.1256869329149892,False,latched,0.8228508338772054,0.02,0,{},0,False,0.5193428171074622,0.0
105,52500,53000,500,0.55,0.8311688311688312,0.27705627705627706,0.7111111111111111,,0.09696969696969697,0.6405200282124073,0.7232808080808081,0.7111111111111111,0.0,0.0,0.0,1.0,0.4155844155844156,0.24242424242424243,0.022222222222222223,1.0,0.99,0.6767676767676768,0.08616850724936426,False,latched,0.6906566043331935,0.01,0,{},0,False,0.5193428171074622,0.0
106,53000,53500,500,0.622,0.760655737704918,0.253551912568306,0.6137566137566137,,0.07532467532467532,0.6149900706507118,0.5921842835026114,0.6137566137566137,0.0,0.0,0.0,1.0,0.380327868852459,0.18831168831168832,0.047619047619047616,1.0,0.982,0.7637474541751528,0.1693158556504829,False,latched,0.8488673937282677,0.018,0,{},0,False,0.5193428171074622,0.0
107,53500,54000,500,0.62,0.8588588588588588,0.2862862862862863,0.7526315789473684,,0.08895800933125972,0.6600196717521226,0.6835653650254669,0.7526315789473684,0.0,0.0,0.0,1.0,0.4294294294294294,0.2223950233281493,0.042105263157894736,1.0,0.984,0.709349593495935,0.16302266273108276,False,latched,0.9998587416285958,0.016,0,{},0,False,0.5193428171074622,0.0
108,54000,54500,500,0.67,0.8421052631578947,0.2807017543859649,0.7272727272727273,,0.07741935483870968,0.710537851468959,0.6937856173677068,0.7272727272727273,0.0,0.0,0.0,1.0,0.42105263157894735,0.1935483870967742,0.030303030303030304,1.0,0.99,0.7575757575757576,0.16403515586312892,False,latched,1.0229848862773319,0.01,0,{},0,False,0.5193428171074622,0.0
109,54500,55000,500,0.692,0.8015564202334631,0.26718547341115434,0.6688311688311688,,0.06832504145936982,0.5898793136750038,0.41184971098265893,0.6688311688311688,0.0,0.0,0.0,1.0,0.40077821011673154,0.17081260364842454,0.05844155844155844,1.0,0.982,0.790224032586558,0.20085831664774542,False,latched,0.9408486100672395,0.018,0,{},0,False,0.5193428171074622,0.0
110,55000,55500,500,0.6,0.8603988603988604,0.28679962013295346,0.755,,0.09278033794162827,0.6679362083046341,0.6938,0.755,0.0,0.0,0.0,1.0,0.4301994301994302,0.23195084485407066,0.02,1.0,0.992,0.6955645161290323,0.1578654715750623,False,latched,0.7337673600180141,0.008,0,{},0,False,0.5193428171074622,0.0
111,55500,56000,500,0.658,0.7829181494661922,0.2609727164887307,0.6432748538011696,,0.07213114754098361,0.6116819268606272,0.5462770401180256,0.6432748538011696,0.0,0.0,0.0,1.0,0.3914590747330961,0.18032786885245902,0.05847953216374269,1.0,0.98,0.7755102040816326,0.21219292711980967,False,latched,0.6642425242589487,0.02,0,{},0,False,0.5193428171074622,0.0
112,56000,56500,500,0.672,0.6390041493775933,0.21300138312586445,0.4695121951219512,,0.053379549393414216,0.6529059211829678,0.5989946283391406,0.4695121951219512,0.0,0.0,0.0,1.0,0.31950207468879666,0.13344887348353554,0.07926829268292683,1.0,0.974,0.8418891170431212,0.22723741835945782,False,latched,0.7808933439058865,0.026,0,{},0,False,0.5193428171074622,0.0
113,56500,57000,500,0.654,0.7279411764705882,0.2426470588235294,0.5722543352601156,,0.066110183639399,0.6182754516310799,0.5588729207544502,0.5722543352601156,0.0,0.0,0.0,1.0,0.3639705882352941,0.1652754590984975,0.057803468208092484,1.0,0.98,0.7979591836734694,0.18966471108360244,False,latched,0.7718266474617086,0.02,0,{},0,False,0.5193428171074622,0.0
114,57000,57500,500,0.638,0.8434504792332268,0.28115015974440893,0.7292817679558011,,0.08354430379746836,0.6364457280305393,0.5957671591125582,0.7292817679558011,0.0,0.0,0.0,1.0,0.4217252396166134,0.2088607594936709,0.03314917127071823,1.0,0.988,0.7327935222672065,0.16286276772707,False,latched,0.7595708311863983,0.012,0,{},0,False,0.5193428171074622,0.0
115,57500,58000,500,0.66,0.8316151202749141,0.27720504009163804,0.711764705882353,,0.07793880837359099,0.627497242652363,0.5519073083778966,0.711764705882353,0.0,0.0,0.0,1.0,0.41580756013745707,0.19484702093397746,0.052941176470588235,1.0,0.982,0.7535641547861507,0.12792425718053402,False,latched,0.8028092803928151,0.018,0,{},0,False,0.5193428171074622,0.0
116,58000,58500,500,0.668,0.7794117647058824,0.25980392156862747,0.6385542168674698,,0.06996699669966996,0.6662435154697051,0.6140790707741144,0.6385542168674698,0.0,0.0,0.0,1.0,0.3897058823529412,0.17491749174917492,0.03614457831325301,1.0,0.988,0.7854251012145749,0.13458784518285338,False,latched,1.0251936561402335,0.012,0,{},0,False,0.5193428171074622,0.0
117,58500,59000,500,0.626,0.845679012345679,0.28189300411522633,0.732620320855615,,0.08602825745682888,0.6785723614393807,0.6957167996446327,0.732620320855615,0.0,0.0,0.0,1.0,0.4228395061728395,0.2150706436420722,0.0481283422459893,1.0,0.982,0.7209775967413442,0.18500012679003808,False,latched,1.0330983581513775,0.018,0,{},0,False,0.5193428171074622,0.0
118,59000,59500,500,0.668,0.8268551236749117,0.2756183745583039,0.7048192771084337,,0.07585089141004862,0.6839611794731453,0.6526044296948272,0.7048192771084337,0.0,0.0,0.0,1.0,0.4134275618374558,0.18962722852512157,0.060240963855421686,1.0,0.98,0.7612244897959184,0.1667404103369199,False,latched,1.0111454661683887,0.02,0,{},0,False,0.5193428171074622,0.0
119,59500,60000,500,0.464,0.871578947368421,0.2905263157894737,0.7723880597014925,,0.11711456859971711,0.5188256304755967,0.6831414050437469,0.7723880597014925,0.0,0.0,0.0,1.0,0.4357894736842105,0.2927864214992928,0.041044776119402986,1.0,0.978,0.5766871165644172,0.2224303699901954,False,latched,0.6013920076859461,0.022,0,{},0,False,0.5193428171074622,0.0
120,60000,60500,500,0.586,0.8435754189944135,0.2811918063314712,0.7294685990338164,,0.09278033794162827,0.5437946005544767,0.5368419317076387,0.7294685990338164,0.0,0.0,0.0,1.0,0.42178770949720673,0.23195084485407066,0.04830917874396135,1.0,0.98,0.6918367346938775,0.1513387616016725,False,latched,0.7043332824732661,0.02,0,{},0,False,0.5193428171074622,0.0
121,60500,61000,500,0.616,0.8148148148148148,0.2716049382716049,0.6875,,0.08354430379746836,0.5794778849194037,0.5585599296536795,0.6875,0.0,0.0,0.0,1.0,0.4074074074074074,0.2088607594936709,0.057291666666666664,1.0,0.978,0.7300613496932515,0.19228753618983355,False,latched,0.6551341792930143,0.022,0,{},0,False,0.5193428171074622,0.0
122,61000,61500,500,0.608,0.7938461538461539,0.26461538461538464,0.6581632653061225,,0.0820349761526232,0.6026308554648765,0.608451933404941,0.6581632653061225,0.0,0.0,0.0,1.0,0.39692307692307693,0.20508744038155802,0.03571428571428571,1.0,0.986,0.7383367139959433,0.18593408457815203,False,latched,0.65550399632288,0.014,0,{},0,False,0.5193428171074622,0.0
123,61500,62000,500,0.604,0.8,0.26666666666666666,0.6666666666666666,,0.08354430379746836,0.5992923377697039,0.6075155528797913,0.6666666666666666,0.0,0.0,0.0,1.0,0.4,0.2088607594936709,0.06060606060606061,1.0,0.976,0.7295081967213115,0.23166029962631973,False,latched,0.692259804641767,0.024,0,{},0,False,0.5193428171074622,0.0
124,62000,62500,500,0.72,0.6341463414634146,0.21138211382113822,0.4642857142857143,,0.04601769911504425,0.6976911089556594,0.5675396825396826,0.4642857142857143,0.0,0.0,0.0,1.0,0.3170731707317073,0.11504424778761062,0.05714285714285714,1.0,0.984,0.8678861788617886,0.2490621023640988,False,latched,0.877531156047516,0.016,0,{},0,False,0.5193428171074622,0.0
125,62500,63000,500,0.556,0.8730964467005076,0.2910321489001692,0.7747747747747747,,0.10238095238095238,0.622683624745291,0.7066724998379674,0.7747747747747747,0.0,0.0,0.0,1.0,0.4365482233502538,0.25595238095238093,0.04054054054054054,1.0,0.982,0.6496945010183299,0.14083184406028065,False,latched,0.7051134251436587,0.018,0,{},0,False,0.5193428171074622,0.0
126,63000,63500,500,0.642,0.782312925170068,0.26077097505668934,0.6424581005586593,,0.07479674796747968,0.6017793611014897,0.5501313980403418,0.6424581005586593,0.0,0.0,0.0,1.0,0.391156462585034,0.18699186991869918,0.0893854748603352,1.0,0.968,0.762396694214876,0.18306549527275798,False,latched,0.8417127340685113,0.032,0,{},0,False,0.5193428171074622,0.0
127,63500,64000,500,0.774,0.7513812154696132,0.2504604051565377,0.6017699115044248,,0.04788732394366197,0.7543697497593854,0.6031419359264595,0.6017699115044248,0.0,0.0,0.0,1.0,0.3756906077348066,0.11971830985915492,0.07964601769911504,1.0,0.982,0.8615071283095723,0.20951193658277648,False,latched,1.2643298839150663,0.018,0,{},0,False,0.5193428171074622,0.0
128,64000,64500,500,0.688,0.8401486988847584,0.28004956629491945,0.7243589743589743,,0.07373572593800978,0.7362171602513052,0.7140727489564699,0.7243589743589743,0.0,0.0,0.0,1.0,0.4200743494423792,0.18433931484502447,0.038461538461538464,1.0,0.988,0.771255060728745,0.17513538021857586,False,latched,1.0929563891773006,0.012,0,{},0,False,0.5193428171074622,0.0
129,64500,65000,500,0.528,0.8788598574821853,0.2929532858273951,0.7838983050847458,,0.10802919708029197,0.5824288089863596,0.6882222650231125,0.7838983050847458,0.0,0.0,0.0,1.0,0.43942992874109266,0.27007299270072993,0.03389830508474576,1.0,0.984,0.6239837398373984,0.15259936653914558,False,latched,0.7534382220651347,0.016,0,{},0,False,0.5193428171074622,0.0
130,65000,65500,500,0.418,0.867704280155642,0.2892347600518807,0.7663230240549829,,0.12337482710926695,0.44724645268110486,0.6368075765796872,0.7663230240549829,0.0,0.0,0.0,1.0,0.433852140077821,0.3084370677731674,0.03436426116838488,1.0,0.98,0.5448979591836735,0.2042578546641431,False,latched,0.5558938501158386,0.02,0,{},0,False,0.5193428171074622,0.0
131,65500,66000,500,0.546,0.8358974358974359,0.27863247863247864,0.7180616740088106,,0.09834087481146304,0.5352707124728942,0.5910022429846218,0.7180616740088106,0.0,0.0,0.0,1.0,0.41794871794871796,0.2458521870286576,0.05286343612334802,1.0,0.976,0.6659836065573771,0.13203532386390826,False,latched,0.6424178195712306,0.024,0,{},0,False,0.5193428171074622,0.0
132,66000,66500,500,0.71,0.7659574468085106,0.2553191489361702,0.6206896551724138,,0.061016949152542375,0.6690742531189974,0.5631083050024284,0.6206896551724138,0.0,0.0,0.0,1.0,0.3829787234042553,0.15254237288135594,0.041379310344827586,1.0,0.988,0.8178137651821862,0.2310992351417864,False,latched,0.7491076041647532,0.012,0,{},0,False,0.5193428171074622,0.0
133,66500,67000,500,0.592,0.888283378746594,0.296094459582198,0.7990196078431373,,0.09834087481146304,0.6456341877529292,0.7041766030736619,0.7990196078431373,0.0,0.0,0.0,1.0,0.444141689373297,0.2458521870286576,0.049019607843137254,1.0,0.98,0.6673469387755102,0.13771703095257623,False,latched,0.6506633699555411,0.02,0,{},0,False,0.5193428171074622,0.0
134,67000,67500,500,0.708,0.8549019607843137,0.2849673202614379,0.7465753424657534,,0.07159277504105091,0.7109751052855233,0.6378182803188608,0.7465753424657534,0.0,0.0,0.0,1.0,0.42745098039215684,0.17898193760262726,0.0410958904109589,1.0,0.988,0.7793522267206477,0.19336171266981866,False,latched,0.8850273355320041,0.012,0,{},0,False,0.5193428171074622,0.0
135,67500,68000,500,0.714,0.7777777777777778,0.25925925925925924,0.6363636363636364,,0.061590524534686976,0.6697728670535331,0.537854302560185,0.6363636363636364,0.0,0.0,0.0,1.0,0.3888888888888889,0.15397631133671744,0.06293706293706294,1.0,0.982,0.814663951120163,0.1987709225774121,False,latched,0.8687493513181688,0.018,0,{},0,False,0.5193428171074622,0.0
136,68000,68500,500,0.722,0.7247706422018348,0.2415902140672783,0.5683453237410072,,0.05457685664939551,0.6317672012579267,0.4349628330576536,0.5683453237410072,0.0,0.0,0.0,1.0,0.3623853211009174,0.13644214162348878,0.08633093525179857,1.0,0.976,0.8381147540983607,0.21864356394136306,False,latched,0.9186668606873198,0.024,0,{},0,False,0.5193428171074622,0.0
137,68500,69000,500,0.666,0.852233676975945,0.284077892325315,0.7425149700598802,,0.07948717948717948,0.7243058311531136,0.7259534984085881,0.7425149700598802,0.0,0.0,0.0,1.0,0.4261168384879725,0.1987179487179487,0.041916167664670656,1.0,0.986,0.7484787018255578,0.15033493560815403,False,latched,0.9349260497595923,0.014,0,{},0,False,0.5193428171074622,0.0
138,69000,69500,500,0.7,0.8372093023255814,0.27906976744186046,0.72,,0.07105263157894737,0.7211392680037249,0.6644571428571429,0.72,0.0,0.0,0.0,1.0,0.4186046511627907,0.17763157894736842,0.04,1.0,0.988,0.7813765182186235,0.16568583177872964,False,latched,1.1508368185815188,0.012,0,{},0,False,0.5193428171074622,0.0
139,69500,70000,500,0.646,0.9040247678018576,0.3013415892672859,0.8248587570621468,,0.09040247678018576,0.733265382405294,0.7564149656294274,0.8248587570621468,0.0,0.0,0.0,1.0,0.4520123839009288,0.2260061919504644,0.011299435028248588,1.0,0.996,0.7068273092369478,0.1917783745705862,False,latched,0.9702796502311057,0.004,0,{},0,False,0.5193428171074622,0.0
140,70000,70500,500,0.558,0.8459530026109661,0.2819843342036554,0.7330316742081447,,0.09788519637462235,0.5374677284056674,0.573817285392238,0.7330316742081447,0.0,0.0,0.0,1.0,0.42297650130548303,0.24471299093655588,0.10407239819004525,1.0,0.954,0.660377358490566,0.1822780345478946,False,latched,0.7930395929402708,0.046,0,{},0,False,0.5193428171074622,0.0
141,70500,71000,500,0.658,0.8484848484848485,0.2828282828282828,0.7368421052631579,,0.0805111821086262,0.644586907843222,0.6052898202954194,0.7368421052631579,0.0,0.0,0.0,1.0,0.42424242424242425,0.2012779552715655,0.011695906432748537,1.0,0.996,0.7469879518072289,0.1797116680153103,False,latched,0.8202090409018002,0.004,0,{},0,False,0.5193428171074622,0.0
142,71000,71500,500,0.714,0.7777777777777778,0.25925925925925924,0.6363636363636364,,0.061590524534686976,0.6421969911791754,0.49152807976337387,0.6363636363636364,0.0,0.0,0.0,1.0,0.3888888888888889,0.15397631133671744,0.03496503496503497,1.0,0.99,0.8161616161616162,0.2600571957523754,False,latched,0.7846413915561965,0.01,0,{},0,False,0.5193428171074622,0.0
143,71500,72000,500,0.67,0.8581314878892734,0.28604382929642447,0.7515151515151515,,0.07948717948717948,0.5745840675956715,0.4245137946630484,0.7515151515151515,0.0,0.0,0.0,1.0,0.4290657439446367,0.1987179487179487,0.05454545454545454,1.0,0.982,0.7474541751527495,0.24574880542731994,False,latched,0.7380204129143951,0.018,0,{},0,False,0.5193428171074622,0.0
144,72000,72500,500,0.468,0.9008264462809917,0.3002754820936639,0.8195488721804511,,0.12144846796657383,0.5287462785778908,0.6842747895379475,0.8195488721804511,0.0,0.0,0.0,1.0,0.45041322314049587,0.30362116991643456,0.045112781954887216,1.0,0.976,0.5532786885245902,0.1390775103227501,False,latched,0.5533614887586122,0.024,0,{},0,False,0.5193428171074622,0.0
145,72500,73000,500,0.518,0.8764568764568764,0.29215229215229216,0.7800829875518672,,0.10930232558139534,0.5431521578891835,0.6318588891202999,0.7800829875518672,0.0,0.0,0.0,1.0,0.4382284382284382,0.27325581395348836,0.03319502074688797,1.0,0.984,0.6178861788617886,0.15767917404926055,False,latched,0.6169239985081362,0.016,0,{},0,False,0.5193428171074622,0.0
146,73000,73500,500,0.576,0.8415300546448088,0.28051001821493626,0.7264150943396226,,0.09418960244648318,0.5934883662775827,0.6235750786163523,0.7264150943396226,0.0,0.0,0.0,1.0,0.4207650273224044,0.23547400611620795,0.0330188679245283,1.0,0.986,0.6876267748478702,0.1325261656289832,False,latched,0.6796617450636214,0.014,0,{},0,False,0.5193428171074622,0.0
147,73500,74000,500,0.422,0.8622047244094488,0.2874015748031496,0.7577854671280276,,0.12183588317107093,0.48221605416797564,0.6861378507354992,0.7577854671280276,0.0,0.0,0.0,1.0,0.4311023622047244,0.3045897079276773,0.06228373702422145,1.0,0.964,0.5456431535269709,0.15584593009529013,False,latched,0.44731123273007817,0.036,0,{},0,False,0.5193428171074622,0.0
148,74000,74500,500,0.622,0.8979591836734694,0.29931972789115646,0.8148148148148148,,0.09418960244648318,0.6982446828172297,0.7349563619660082,0.8148148148148148,0.0,0.0,0.0,1.0,0.4489795918367347,0.23547400611620795,0.031746031746031744,1.0,0.988,0.6882591093117408,0.1778287683781144,False,latched,0.8978897309200642,0.012,0,{},0,False,0.5193428171074622,0.0
149,74500,75000,500,0.6,0.8200589970501475,0.27335299901671584,0.695,,0.08701095461658842,0.607114408415367,0.6278166666666667,0.695,0.0,0.0,0.0,1.0,0.41002949852507375,0.21752738654147105,0.02,1.0,0.992,0.719758064516129,0.18303156299857748,False,latched,1.0417870549317112,0.008,0,{},0,False,0.5193428171074622,0.0
150,75000,75500,500,0.584,0.8756756756756757,0.2918918918918919,0.7788461538461539,,0.09788519637462235,0.633504951559423,0.6858370653319283,0.7788461538461539,0.0,0.0,0.0,1.0,0.43783783783783786,0.24471299093655588,0.038461538461538464,1.0,0.984,0.6707317073170732,0.21393142052962216,False,latched,0.9193355808340448,0.016,0,{},0,False,0.5193428171074622,0.0
151,75500,76000,500,0.584,0.841225626740947,0.28040854224698236,0.7259615384615384,,0.09278033794162827,0.6050294760812609,0.6518209957850369,0.7259615384615384,0.0,0.0,0.0,1.0,0.4206128133704735,0.23195084485407066,0.019230769230769232,1.0,0.992,0.6955645161290323,0.15475462653818498,False,latched,0.8090013317712651,0.008,0,{},0,False,0.5193428171074622,0.0
152,76000,76500,500,0.496,0.8519362186788155,0.2839787395596052,0.7420634920634921,,0.10887918486171762,0.5242405671345556,0.642153097798259,0.7420634920634921,0.0,0.0,0.0,1.0,0.42596810933940776,0.27219796215429404,0.003968253968253968,1.0,0.998,0.625250501002004,0.15454904569223107,False,latched,0.6404175540526852,0.002,0,{},0,False,0.5193428171074622,0.0
153,76500,77000,500,0.548,0.8671679197994987,0.28905597326649957,0.7654867256637168,,0.10282317979197622,0.558152666290188,0.6299819133130935,0.7654867256637168,0.0,0.0,0.0,1.0,0.43358395989974935,0.25705794947994054,0.01327433628318584,1.0,0.994,0.6519114688128773,0.1291779959851388,False,latched,0.6531305409108163,0.006,0,{},0,False,0.5193428171074622,0.0
154,77000,77500,500,0.672,0.903010033444816,0.3010033444816053,0.823170731707317,,0.08503937007874016,0.6854741170180092,0.6664307491289199,0.823170731707317,0.0,0.0,0.0,1.0,0.451505016722408,0.2125984251968504,0.024390243902439025,1.0,0.992,0.7278225806451613,0.21340968414021666,False,latched,0.7137405465115709,0.008,0,{},0,False,0.5193428171074622,0.0
155,77500,78000,500,0.72,0.8524590163934426,0.28415300546448086,0.7428571428571429,,0.06887417218543046,0.7454548010633184,0.6915079365079365,0.7428571428571429,0.0,0.0,0.0,1.0,0.4262295081967213,0.17218543046357615,0.02142857142857143,1.0,0.994,0.7907444668008048,0.23292098629928124,False,latched,0.7906400219972615,0.006,0,{},0,False,0.5193428171074622,0.0
156,78000,78500,500,0.634,0.8807339449541285,0.29357798165137616,0.7868852459016393,,0.08944099378881988,0.6759377927694941,0.6867145886125046,0.7868852459016393,0.0,0.0,0.0,1.0,0.44036697247706424,0.2236024844720497,0.060109289617486336,1.0,0.978,0.7055214723926381,0.1801661088079424,False,latched,0.7944898990874605,0.022,0,{},0,False,0.5193428171074622,0.0
157,78500,79000,500,0.582,0.9057591623036649,0.3019197207678883,0.8277511961722488,,0.10282317979197622,0.6561899819211134,0.7219290024498923,0.8277511961722488,0.0,0.0,0.0,1.0,0.45287958115183247,0.25705794947994054,0.004784688995215311,1.0,0.998,0.6533066132264529,0.08528176855106712,False,latched,0.7116864582748603,0.002,0,{},0,False,0.5193428171074622,0.0
158,79000,79500,500,0.74,0.7962962962962963,0.2654320987654321,0.6615384615384615,,0.058703071672354945,0.7068650378712612,0.5660498960498961,0.6615384615384615,0.0,0.0,0.0,1.0,0.39814814814814814,0.14675767918088736,0.046153846153846156,1.0,0.988,0.8259109311740891,0.21445992522753302,False,latched,0.8974288022038486,0.012,0,{},0,False,0.5193428171074622,0.0
159,79500,80000,500,0.738,0.8706896551724138,0.29022988505747127,0.7709923664122137,,0.08402662229617304,0.7682531504567536,0.6732658929642731,0.7709923664122137,0.0,0.0,0.0,1.0,0.4353448275862069,0.16805324459234608,0.0,1.0,1.0,0.798,0.15423372948195332,False,latched,1.1544527839792116,0.0,0,{},0,False,0.5193428171074622,0.0
160,80000,80500,500,0.642,0.8300653594771242,0.2766884531590414,0.7094972067039106,,0.0810207336523126,0.7372753450339702,0.7120381489409839,0.7094972067039106,0.0,0.0,0.0,1.0,0.4150326797385621,0.2025518341307815,0.0111731843575419,1.0,0.996,0.7449799196787149,0.08845005668766602,False,latched,1.0477439119675773,0.004,0,{},0,False,0.5193428171074622,0.0
161,80500,81000,500,0.738,0.8303571428571429,0.2767857142857143,0.7099236641221374,,0.0627318718381113,0.7376250517604039,0.6444278946606261,0.7099236641221374,0.0,0.0,0.0,1.0,0.41517857142857145,0.15682967959527824,0.022900763358778626,1.0,0.994,0.8128772635814889,0.23261005894982678,False,latched,1.0170452800072278,0.006,0,{},0,False,0.5193428171074622,0.0
162,81000,81500,500,0.674,0.8680555555555556,0.28935185185185186,0.7668711656441718,,0.1,0.7124199781291589,0.7085252407565855,0.7668711656441718,0.0,0.0,0.0,1.0,0.4340277777777778,0.2,0.04294478527607362,1.0,0.986,0.7464503042596349,0.22961518712238374,False,latched,0.8186618610493595,0.014,0,{},0,False,0.5193428171074622,0.0
163,81500,82000,500,0.712,0.8433734939759037,0.28112449799196787,0.7291666666666666,,0.06942148760330578,0.6995167852721853,0.6291744694132334,0.7291666666666666,0.0,0.0,0.0,1.0,0.42168674698795183,0.17355371900826447,0.027777777777777776,1.0,0.992,0.7883064516129032,0.18936324685061823,False,latched,0.8085013164319866,0.008,0,{},0,False,0.5193428171074622,0.0
164,82000,82500,500,0.668,0.8268551236749117,0.2756183745583039,0.7048192771084337,,0.07585089141004862,0.6256888639607312,0.5367217372483948,0.7048192771084337,0.0,0.0,0.0,1.0,0.4134275618374558,0.18962722852512157,0.04819277108433735,1.0,0.984,0.7621951219512195,0.14314541119739557,False,latched,0.8296174222245281,0.016,0,{},0,False,0.5193428171074622,0.0
165,82500,83000,500,0.726,0.7929515418502202,0.2643171806167401,0.656934306569343,,0.061016949152542375,0.6800536097042336,0.5178057951780579,0.656934306569343,0.0,0.0,0.0,1.0,0.3964757709251101,0.15254237288135594,0.043795620437956206,1.0,0.988,0.8178137651821862,0.17889909892158773,False,latched,0.8662429005600416,0.012,0,{},0,False,0.5193428171074622,0.0
166,83000,83500,500,0.746,0.8294930875576036,0.27649769585253453,0.7086614173228346,,0.061016949152542375,0.7389710340428547,0.6083468788921492,0.7086614173228346,0.0,0.0,0.0,1.0,0.4147465437788018,0.15254237288135594,0.015748031496062992,1.0,0.996,0.8192771084337349,0.1809745430980699,False,latched,0.8718960095685464,0.004,0,{},0,False,0.5193428171074622,0.0
167,83500,84000,500,0.618,0.8927536231884058,0.2975845410628019,0.806282722513089,,0.09418960244648318,0.725339179407917,0.7701926498246328,0.806282722513089,0.0,0.0,0.0,1.0,0.4463768115942029,0.23547400611620795,0.005235602094240838,1.0,0.998,0.6913827655310621,0.15301648209120156,False,latched,0.7531841913901921,0.002,0,{},0,False,0.5193428171074622,0.0
168,84000,84500,500,0.414,0.9128014842300557,0.3042671614100186,0.8395904436860068,,0.1319034852546917,0.5018083926078266,0.7100789764389706,0.8395904436860068,0.0,0.0,0.0,1.0,0.45640074211502785,0.3297587131367292,0.013651877133105802,1.0,0.992,0.5040322580645161,0.20482301915618903,False,latched,0.588991804447096,0.008,0,{},0,False,0.5193428171074622,0.0
169,84500,85000,500,0.384,0.9192982456140351,0.30643274853801167,0.8506493506493507,,0.13753280839895013,0.4439392397587095,0.6729572510822511,0.8506493506493507,0.0,0.0,0.0,1.0,0.45964912280701753,0.3438320209973753,0.006493506493506494,1.0,0.996,0.4738955823293173,0.226519577494812,False,latched,0.602237318586277,0.004,0,{},0,False,0.5193428171074622,0.0
170,85000,85500,500,0.566,0.9040404040404041,0.30134680134680136,0.8248847926267281,,0.10544918998527246,0.6221184446497015,0.6784615134096497,0.8248847926267281,0.0,0.0,0.0,1.0,0.45202020202020204,0.26362297496318116,0.013824884792626729,1.0,0.994,0.6398390342052314,0.10048805863128615,False,latched,0.9387455390803062,0.006,0,{},0,False,0.5193428171074622,0.0
171,85500,86000,500,0.61,0.8461538461538461,0.28205128205128205,0.7333333333333333,,0.08895800933125972,0.6349820466862075,0.6578562421185372,0.7333333333333333,0.0,0.0,0.0,1.0,0.4230769230769231,0.2223950233281493,0.035897435897435895,1.0,0.986,0.7099391480730223,0.14416412200292833,False,latched,0.9424805894296683,0.014,0,{},0,False,0.5193428171074622,0.0
172,86000,86500,500,0.552,0.88,0.29333333333333333,0.7857142857142857,,0.10414201183431952,0.6003250341498596,0.6782479296066253,0.7857142857142857,0.0,0.0,0.0,1.0,0.44,0.2603550295857988,0.017857142857142856,1.0,0.992,0.6451612903225806,0.18989663263439885,False,latched,0.782522046297341,0.008,0,{},0,False,0.5193428171074622,0.0
173,86500,87000,500,0.598,0.8986301369863013,0.29954337899543376,0.8159203980099502,,0.09879518072289156,0.6246300310316109,0.6659179021281553,0.8159203980099502,0.0,0.0,0.0,1.0,0.44931506849315067,0.2469879518072289,0.024875621890547265,1.0,0.99,0.6686868686868687,0.15626460675822604,False,latched,0.7517027603297021,0.01,0,{},0,False,0.5193428171074622,0.0
174,87000,87500,500,0.644,0.8769716088328076,0.29232386961093587,0.7808988764044944,,0.08701095461658842,0.5927287650945066,0.5333763696001117,0.7808988764044944,0.0,0.0,0.0,1.0,0.4384858044164038,0.21752738654147105,0.033707865168539325,1.0,0.988,0.7186234817813765,0.1523204036464721,False,latched,0.7355953338283369,0.012,0,{},0,False,0.5193428171074622,0.0
175,87500,88000,500,0.598,0.8707865168539326,0.2902621722846442,0.7711442786069652,,0.09465648854961832,0.5854939065574234,0.59368708297975,0.7711442786069652,0.0,0.0,0.0,1.0,0.4353932584269663,0.2366412213740458,0.03482587064676617,1.0,0.986,0.6855983772819473,0.10979266620611233,False,latched,0.7621902053313218,0.014,0,{},0,False,0.5193428171074622,0.0
176,88000,88500,500,0.658,0.8445945945945946,0.28153153153153154,0.7309941520467836,,0.08,0.6264079463856629,0.5630921274818251,0.7309941520467836,0.0,0.0,0.0,1.0,0.4222972972972973,0.2,0.017543859649122806,1.0,0.994,0.7484909456740443,0.20610392197186042,False,latched,0.7373894234787578,0.006,0,{},0,False,0.5193428171074622,0.0
177,88500,89000,500,0.698,0.8473282442748091,0.282442748091603,0.7350993377483444,,0.07266775777414075,0.6842091301056227,0.581434182811818,0.7350993377483444,0.0,0.0,0.0,1.0,0.42366412213740456,0.18166939443535188,0.019867549668874173,1.0,0.994,0.7766599597585513,0.16304411837789964,False,latched,0.8221250399350589,0.006,0,{},0,False,0.5193428171074622,0.0
178,89000,89500,500,0.638,0.8996960486322189,0.2998986828774063,0.8176795580110497,,0.09135802469135802,0.6511138356997649,0.635428393287033,0.8176795580110497,0.0,0.0,0.0,1.0,0.44984802431610943,0.22839506172839505,0.03314917127071823,1.0,0.988,0.7004048582995951,0.11100179564443018,False,latched,0.7860163949927117,0.012,0,{},0,False,0.5193428171074622,0.0
179,89500,90000,500,0.564,0.8733850129198967,0.29112833763996554,0.7752293577981652,,0.10104633781763828,0.6373921146094331,0.7109278417593857,0.7752293577981652,0.0,0.0,0.0,1.0,0.43669250645994834,0.2526158445440957,0.045871559633027525,1.0,0.98,0.6551020408163265,0.13444288724090842,False,latched,0.7756267366248601,0.02,0,{},0,False,0.5193428171074622,0.0
180,90000,90500,500,0.532,0.8695652173913043,0.2898550724637681,0.7692307692307693,,0.10588235294117647,0.6477786741806164,0.7642182379024485,0.7692307692307693,0.0,0.0,0.0,1.0,0.43478260869565216,0.2647058823529412,0.017094017094017096,1.0,0.992,0.6370967741935484,0.17747028245839816,False,latched,0.7590329301574145,0.008,0,{},0,False,0.5193428171074622,0.0
181,90500,91000,500,0.488,0.9399585921325052,0.31331953071083507,0.88671875,,0.12489683631361762,0.5796450008561997,0.715484118852459,0.88671875,0.0,0.0,0.0,1.0,0.4699792960662526,0.312242090784044,0.03125,1.0,0.984,0.5386178861788617,0.19978107486302368,False,latched,0.8693126570332107,0.016,0,{},0,False,0.5193428171074622,0.0
182,91000,91500,500,0.6,0.907103825136612,0.302367941712204,0.83,,0.09969969969969969,0.7086817483039187,0.7706500000000001,0.83,0.0,0.0,0.0,1.0,0.453551912568306,0.24924924924924924,0.02,1.0,0.992,0.6653225806451613,0.22097863070440077,False,latched,0.9175909234209878,0.008,0,{},0,False,0.5193428171074622,0.0
183,91500,92000,500,0.69,0.8602941176470589,0.286764705882353,0.7548387096774194,,0.07585089141004862,0.6680477925811568,0.5721552127162226,0.7548387096774194,0.0,0.0,0.0,1.0,0.43014705882352944,0.18962722852512157,0.01935483870967742,1.0,0.994,0.7645875251509054,0.17277581120189972,False,latched,0.9232683987624875,0.006,0,{},0,False,0.5193428171074622,0.0
184,92000,92500,500,0.76,0.7368421052631579,0.24561403508771928,0.5833333333333334,,0.04912280701754386,0.7373917342220161,0.618859649122807,0.5833333333333334,0.0,0.0,0.0,1.0,0.3684210526315789,0.12280701754385964,0.016666666666666666,1.0,0.996,0.8594377510040161,0.22306560632763128,False,latched,0.8928214059009877,0.004,0,{},0,False,0.5193428171074622,0.0
185,92500,93000,500,0.662,0.8542372881355932,0.2847457627118644,0.7455621301775148,,0.0805111821086262,0.6752714403316484,0.6535690663043672,0.7455621301775148,0.0,0.0,0.0,1.0,0.4271186440677966,0.2012779552715655,0.029585798816568046,1.0,0.99,0.7454545454545455,0.17508589162703475,False,latched,0.8107002803317823,0.01,0,{},0,False,0.5193428171074622,0.0
186,93000,93500,500,0.612,0.8786127167630058,0.2928709055876686,0.7835051546391752,,0.09325153374233128,0.6125455462310898,0.6162994407384947,0.7835051546391752,0.0,0.0,0.0,1.0,0.4393063583815029,0.2331288343558282,0.010309278350515464,1.0,0.996,0.6947791164658634,0.16329367901584993,False,latched,0.6953309780027376,0.004,0,{},0,False,0.5193428171074622,0.0
187,93500,94000,500,0.472,0.8907563025210085,0.2969187675070028,0.803030303030303,,0.11910112359550562,0.5236874761344893,0.6752375449409347,0.803030303030303,0.0,0.0,0.0,1.0,0.44537815126050423,0.29775280898876405,0.011363636363636364,1.0,0.994,0.5734406438631791,0.12101967542906038,False,latched,0.5896428432293133,0.006,0,{},0,False,0.5193428171074622,0.0
188,94000,94500,500,0.566,0.884318766066838,0.29477292202227934,0.7926267281105991,,0.10238095238095238,0.5614838232456207,0.5936395759717314,0.7926267281105991,0.0,0.0,0.0,1.0,0.442159383033419,0.25595238095238093,0.004608294930875576,1.0,0.998,0.655310621242485,0.11663013050644677,False,latched,0.6936110836217912,0.002,0,{},0,False,0.5193428171074622,0.0
189,94500,95000,500,0.508,0.8893905191873589,0.2964635063957863,0.8008130081300813,,0.11305595408895266,0.5547260344202185,0.6659624863965175,0.8008130081300813,0.0,0.0,0.0,1.0,0.44469525959367945,0.28263988522238165,0.012195121951219513,1.0,0.994,0.6036217303822937,0.10829480872172209,False,latched,0.6717008755171079,0.006,0,{},0,False,0.5193428171074622,0.0
190,95000,95500,500,0.478,0.8701298701298701,0.29004329004329005,0.7701149425287356,,0.11469329529243937,0.5632227049313466,0.6970294490132897,0.7701149425287356,0.0,0.0,0.0,1.0,0.43506493506493504,0.2867332382310984,0.02681992337164751,1.0,0.986,0.592292089249493,0.14746269001906265,False,latched,0.6872730818468731,0.014,0,{},0,False,0.5193428171074622,0.0
191,95500,96000,500,0.464,0.8879668049792531,0.2959889349930844,0.7985074626865671,,0.11988795518207282,0.5313595704024984,0.6654496911991765,0.7985074626865671,0.0,0.0,0.0,1.0,0.44398340248962653,0.29971988795518206,0.014925373134328358,1.0,0.992,0.5685483870967742,0.12758964853689145,False,latched,0.6168692002846486,0.008,0,{},0,False,0.5193428171074622,0.0
192,96000,96500,500,0.518,0.8385542168674699,0.27951807228915665,0.7219917012448133,,0.1032640949554896,0.57475538195395,0.6726157099601083,0.7219917012448133,0.0,0.0,0.0,1.0,0.41927710843373495,0.258160237388724,0.008298755186721992,1.0,0.996,0.6506024096385542,0.0906960157203922,False,latched,0.7682407930696434,0.004,0,{},0,False,0.5193428171074622,0.0
193,96500,97000,500,0.494,0.8705357142857143,0.29017857142857145,0.7707509881422925,,0.11223021582733812,0.5774881696333498,0.7219759645388936,0.7707509881422925,0.0,0.0,0.0,1.0,0.43526785714285715,0.2805755395683453,0.023715415019762844,1.0,0.988,0.6052631578947368,0.2120755855393999,False,latched,0.7573733401010909,0.012,0,{},0,False,0.5193428171074622,0.0
194,97000,97500,500,0.494,0.8314087759815243,0.2771362586605081,0.7114624505928854,,0.10588235294117647,0.5642592790078216,0.7053655726424606,0.7114624505928854,0.0,0.0,0.0,1.0,0.41570438799076215,0.2647058823529412,0.019762845849802372,1.0,0.99,0.6363636363636364,0.19675001603171863,False,latched,0.67787180104407,0.01,0,{},0,False,0.5193428171074622,0.0
195,97500,98000,500,0.332,0.8903654485049833,0.2967884828349944,0.8023952095808383,,0.17447916666666666,0.40751755185292254,0.6973522833850372,0.8023952095808383,0.0,0.0,0.0,1.0,0.44518272425249167,0.3489583333333333,0.0,1.0,1.0,0.464,0.22817079423247477,False,latched,0.4370380452225967,0.0,0,{},0,False,0.5193428171074622,0.0
196,98000,98500,500,0.45,0.8775510204081632,0.2925170068027211,0.7818181818181819,,0.12027972027972027,0.49721592641185897,0.6686545454545454,0.7818181818181819,0.0,0.0,0.0,1.0,0.4387755102040816,0.3006993006993007,0.014545454545454545,1.0,0.992,0.5665322580645161,0.15146553562164625,False,latched,0.5263030335365935,0.008,0,{},0,False,0.5193428171074622,0.0
197,98500,99000,500,0.674,0.852112676056338,0.284037558685446,0.7423312883435583,,0.07793880837359099,0.685600240776352,0.6564053084779087,0.7423312883435583,0.0,0.0,0.0,1.0,0.426056338028169,0.19484702093397746,0.03680981595092025,1.0,0.988,0.7550607287449392,0.14472007468086412,False,latched,0.8178259982153573,0.012,0,{},0,False,0.5193428171074622,0.0
198,99000,99500,500,0.62,0.8554216867469879,0.285140562248996,0.7473684210526316,,0.08847352024922119,0.6197138716861539,0.6219694397283531,0.7473684210526316,0.0,0.0,0.0,1.0,0.42771084337349397,0.22118380062305296,0.05263157894736842,1.0,0.98,0.710204081632653,0.11703440614136601,False,latched,0.8065122303136278,0.02,0,{},0,False,0.5193428171074622,0.0
199,99500,100000,500,0.766,0.8181818181818182,0.27272727272727276,0.6923076923076923,,0.05576592082616179,0.7114932662713721,0.5194037178371382,0.6923076923076923,0.0,0.0,0.0,1.0,0.4090909090909091,0.13941480206540446,0.02564102564102564,1.0,0.994,0.8370221327967807,0.19021384710995312,False,latched,0.8650022431441654,0.006,0,{},0,False,0.5193428171074622,0.0
200,100000,100500,500,0.722,0.7699115044247787,0.25663716814159293,0.6258992805755396,,0.05928449744463373,0.7201351785645123,0.6236074852029734,0.6258992805755396,0.0,0.0,0.0,1.0,0.38495575221238937,0.14821124361158433,0.02877697841726619,1.0,0.992,0.8245967741935484,0.2036974586522286,False,latched,0.8458211274996982,0.008,0,{},0,False,0.5193428171074622,0.0
201,100500,101000,500,0.686,0.8413284132841329,0.2804428044280443,0.7261146496815286,,0.0742671009771987,0.7210107579525105,0.6468589255538431,0.7261146496815286,0.0,0.0,0.0,1.0,0.42066420664206644,0.18566775244299674,0.025477707006369428,1.0,0.992,0.7701612903225806,0.13236870438588277,False,latched,0.9045001269255323,0.008,0,{},0,False,0.5193428171074622,0.0
202,101000,101500,500,0.646,0.8278145695364238,0.27593818984547464,0.7062146892655368,,0.08,0.6930411914326423,0.6536705672456316,0.7062146892655368,0.0,0.0,0.0,1.0,0.4139072847682119,0.2,0.01694915254237288,1.0,0.994,0.7484909456740443,0.12368786239665004,False,latched,0.8203844727734734,0.006,0,{},0,False,0.5193428171074622,0.0
203,101500,102000,500,0.736,0.831858407079646,0.2772861356932153,0.7121212121212122,,0.0632996632996633,0.7437520330722411,0.6289937417654808,0.7121212121212122,0.0,0.0,0.0,1.0,0.415929203539823,0.15824915824915825,0.015151515151515152,1.0,0.996,0.8112449799196787,0.14212768507857518,False,latched,0.973540503134285,0.004,0,{},0,False,0.5193428171074622,0.0
204,102000,102500,500,0.596,0.8619718309859155,0.28732394366197184,0.7574257425742574,,0.09372128637059725,0.6795422870092498,0.7258954083327797,0.7574257425742574,0.0,0.0,0.0,1.0,0.4309859154929577,0.2343032159264931,0.019801980198019802,1.0,0.992,0.6915322580645161,0.162119468618954,False,latched,0.9333564039722747,0.008,0,{},0,False,0.5193428171074622,0.0
205,102500,103000,500,0.588,0.861878453038674,0.287292817679558,0.7572815533980582,,0.0951219512195122,0.6115092817970984,0.636780925962618,0.7572815533980582,0.0,0.0,0.0,1.0,0.430939226519337,0.23780487804878048,0.024271844660194174,1.0,0.99,0.6848484848484848,0.1054602307621467,False,latched,0.8352711439197692,0.01,0,{},0,False,0.5193428171074622,0.0
206,103000,103500,500,0.7,0.8188976377952756,0.27296587926509186,0.6933333333333334,,0.06887417218543046,0.6881631283952628,0.6146285714285714,0.6933333333333334,0.0,0.0,0.0,1.0,0.4094488188976378,0.17218543046357615,0.02666666666666667,1.0,0.992,0.7903225806451613,0.185715976310052,False,latched,0.8622418463277643,0.008,0,{},0,False,0.5193428171074622,0.0
207,103500,104000,500,0.392,0.9142857142857143,0.30476190476190473,0.8421052631578947,,0.13544973544973543,0.4917490696703138,0.7297428839957036,0.8421052631578947,0.0,0.0,0.0,1.0,0.45714285714285713,0.3386243386243386,0.006578947368421052,1.0,0.996,0.4859437751004016,0.19873361228945774,False,latched,0.44816531283559136,0.004,0,{},0,False,0.5193428171074622,0.0
208,104000,104500,500,0.496,0.819672131147541,0.273224043715847,0.6944444444444444,,0.1037037037037037,0.47305101271131683,0.5588357654889913,0.6944444444444444,0.0,0.0,0.0,1.0,0.4098360655737705,0.25925925925925924,0.031746031746031744,1.0,0.984,0.6443089430894309,0.11987804679534687,False,latched,0.5567834699044547,0.016,0,{},0,False,0.5193428171074622,0.0
209,104500,105000,500,0.384,0.9058614564831261,0.3019538188277087,0.827922077922078,,0.13509933774834437,0.47376125272730507,0.7196800595238095,0.827922077922078,0.0,0.0,0.0,1.0,0.45293072824156305,0.33774834437086093,0.006493506493506494,1.0,0.996,0.4879518072289157,0.21824334003185258,False,latched,0.49262974631678097,0.004,0,{},0,False,0.5193428171074622,0.0
210,105000,105500,500,0.348,0.889267461669506,0.29642248722316866,0.8006134969325154,,0.13718791064388963,0.4106628344372684,0.6824977082011142,0.8006134969325154,0.0,0.0,0.0,1.0,0.444633730834753,0.34296977660972405,0.009202453987730062,1.0,0.994,0.47484909456740443,0.21262060293030177,False,latched,0.4231942108930626,0.006,0,{},0,False,0.5193428171074622,0.0
211,105500,106000,500,0.646,0.7402135231316725,0.24673784104389085,0.5875706214689266,,0.06887417218543046,0.6506142244058377,0.626069160938238,0.5875706214689266,0.0,0.0,0.0,1.0,0.3701067615658363,0.17218543046357615,0.005649717514124294,1.0,0.998,0.7915831663326653,0.1754540898496048,False,latched,0.6975659215635539,0.002,0,{},0,False,0.5193428171074622,0.0
212,106000,106500,500,0.74,0.7439613526570048,0.24798711755233493,0.5923076923076923,,0.053379549393414216,0.7233492883915629,0.6044698544698545,0.5923076923076923,0.0,0.0,0.0,1.0,0.3719806763285024,0.13344887348353554,0.03076923076923077,1.0,0.992,0.844758064516129,0.20200744678013655,False,latched,0.8123799816569544,0.008,0,{},0,False,0.5193428171074622,0.0
213,106500,107000,500,0.852,0.5769230769230769,0.1923076923076923,0.40540540540540543,,0.022641509433962266,0.811174443731479,0.5065347037178023,0.40540540540540543,0.0,0.0,0.0,1.0,0.28846153846153844,0.05660377358490566,0.06756756756756757,1.0,0.99,0.9393939393939394,0.24428388962680925,False,latched,1.025102444696765,0.01,0,{},0,False,0.5193428171074622,0.0
214,107000,107500,500,0.79,0.6363636363636364,0.21212121212121213,0.4666666666666667,,0.044626593806921674,0.7516646484237208,0.5161181434599156,0.4666666666666667,0.0,0.0,0.0,1.0,0.3181818181818182,0.08925318761384335,0.02857142857142857,1.0,0.994,0.9014084507042254,0.21178275507430552,False,latched,0.9809015693130575,0.006,0,{},0,False,0.5193428171074622,0.0
215,107500,108000,500,0.804,0.7672955974842768,0.2557651991614256,0.6224489795918368,,0.054367201426024955,0.796998678976483,0.6251649913696822,0.6224489795918368,0.0,0.0,0.0,1.0,0.3836477987421384,0.10873440285204991,0.030612244897959183,1.0,0.994,0.8772635814889336,0.22018986819423952,False,latched,0.9683580554828244,0.006,0,{},0,False,0.5193428171074622,0.0
216,108000,108500,500,0.77,0.8557213930348259,0.28524046434494194,0.7478260869565218,,0.058703071672354945,0.7555720841949495,0.5880293619424054,0.7478260869565218,0.0,0.0,0.0,1.0,0.42786069651741293,0.14675767918088736,0.02608695652173913,1.0,0.994,0.8269617706237424,0.17908522179594913,False,latched,1.0837246025890903,0.006,0,{},0,False,0.5193428171074622,0.0
217,108500,109000,500,0.628,0.8553846153846154,0.28512820512820514,0.7473118279569892,,0.08701095461658842,0.6443985565393751,0.6440997191973152,0.7473118279569892,0.0,0.0,0.0,1.0,0.4276923076923077,0.21752738654147105,0.03763440860215054,1.0,0.986,0.718052738336714,0.14458616740043734,False,latched,0.8437180827948747,0.014,0,{},0,False,0.5193428171074622,0.0
218,109000,109500,500,0.61,0.8857142857142857,0.29523809523809524,0.7948717948717948,,0.09465648854961832,0.5758334573331085,0.5538293400588482,0.7948717948717948,0.0,0.0,0.0,1.0,0.44285714285714284,0.2366412213740458,0.010256410256410256,1.0,0.996,0.6887550200803213,0.13302925282043584,False,latched,0.7588653528500138,0.004,0,{},0,False,0.5193428171074622,0.0
219,109500,110000,500,0.67,0.8172043010752689,0.2724014336917563,0.6909090909090909,,0.0742671009771987,0.6098669850644667,0.5028312980551787,0.6909090909090909,0.0,0.0,0.0,1.0,0.40860215053763443,0.18566775244299674,0.024242424242424242,1.0,0.992,0.7701612903225806,0.14996355113843318,False,latched,0.8680722178617781,0.008,0,{},0,False,0.5193428171074622,0.0
220,110000,110500,500,0.684,0.8382352941176471,0.27941176470588236,0.7215189873417721,,0.0742671009771987,0.6602918828352147,0.5961396106299504,0.7215189873417721,0.0,0.0,0.0,1.0,0.41911764705882354,0.18566775244299674,0.04430379746835443,1.0,0.986,0.768762677484787,0.15223939328795438,False,latched,0.7878981618660469,0.014,0,{},0,False,0.5193428171074622,0.0
221,110500,111000,500,0.634,0.85625,0.28541666666666665,0.7486338797814208,,0.08602825745682888,0.6097426031963398,0.5832686904207822,0.7486338797814208,0.0,0.0,0.0,1.0,0.428125,0.2150706436420722,0.00546448087431694,1.0,0.998,0.7254509018036072,0.15780148525817264,False,latched,0.6543309571279537,0.002,0,{},0,False,0.5193428171074622,0.0
222,111000,111500,500,0.596,0.8490028490028491,0.28300094966761635,0.7376237623762376,,0.09183359013867488,0.5492593232454259,0.5202837397833744,0.7376237623762376,0.0,0.0,0.0,1.0,0.42450142450142453,0.2295839753466872,0.04455445544554455,1.0,0.982,0.6965376782077393,0.1903489874084158,False,latched,0.7203384013494161,0.018,0,{},0,False,0.5193428171074622,0.0
223,111500,112000,500,0.704,0.8482490272373541,0.2827496757457847,0.7364864864864865,,0.07159277504105091,0.7069271834336721,0.6074554668304668,0.7364864864864865,0.0,0.0,0.0,1.0,0.42412451361867703,0.17898193760262726,0.02702702702702703,1.0,0.992,0.780241935483871,0.13347322539004997,False,latched,0.9299906322424231,0.008,0,{},0,False,0.5193428171074622,0.0
224,112000,112500,500,0.466,0.9212121212121213,0.3070707070707071,0.8539325842696629,,0.12527472527472527,0.5692124040433492,0.7184099275047822,0.8539325842696629,0.0,0.0,0.0,1.0,0.46060606060606063,0.3131868131868132,0.00749063670411985,1.0,0.996,0.5421686746987951,0.15240462881497985,False,latched,0.5938822369583069,0.004,0,{},0,False,0.5193428171074622,0.0
225,112500,113000,500,0.638,0.7811447811447811,0.26038159371492703,0.6408839779005525,,0.07532467532467532,0.596363080053494,0.5365870555430471,0.6408839779005525,0.0,0.0,0.0,1.0,0.39057239057239057,0.18831168831168832,0.0718232044198895,1.0,0.974,0.7618069815195072,0.13289363181624986,False,latched,0.9015585310558833,0.026,0,{},0,False,0.5193428171074622,0.0
226,113000,113500,500,0.704,0.7130434782608696,0.23768115942028986,0.5540540540540541,,0.056357388316151204,0.6770360005199418,0.5668573402948403,0.5540540540540541,0.0,0.0,0.0,1.0,0.3565217391304348,0.140893470790378,0.033783783783783786,1.0,0.99,0.8343434343434344,0.17712636841888638,False,latched,0.9718840195490531,0.01,0,{},0,False,0.5193428171074622,0.0
227,113500,114000,500,0.492,0.8685968819599109,0.289532293986637,0.7677165354330708,,0.11223021582733812,0.5727407970194583,0.7130305358171691,0.7677165354330708,0.0,0.0,0.0,1.0,0.43429844097995546,0.2805755395683453,0.023622047244094488,1.0,0.988,0.6052631578947368,0.1707896308997533,False,latched,0.7105714407481942,0.012,0,{},0,False,0.5193428171074622,0.0
228,114000,114500,500,0.542,0.8635235732009926,0.2878411910669975,0.759825327510917,,0.1032640949554896,0.5741615580675699,0.6524114149438438,0.759825327510917,0.0,0.0,0.0,1.0,0.4317617866004963,0.258160237388724,0.03056768558951965,1.0,0.986,0.6470588235294118,0.11345240974215373,False,latched,0.7814571606852129,0.014,0,{},0,False,0.5193428171074622,0.0
229,114500,115000,500,0.734,0.7272727272727273,0.24242424242424243,0.5714285714285714,,0.05277777777777778,0.7184336570571709,0.6116244289197107,0.5714285714285714,0.0,0.0,0.0,1.0,0.36363636363636365,0.13194444444444445,0.022556390977443608,1.0,0.994,0.8470824949698189,0.21913903750630515,False,latched,0.9192328324347716,0.006,0,{},0,False,0.5193428171074622,0.0
230,115000,115500,500,0.674,0.7790262172284644,0.2596754057428215,0.6380368098159509,,0.06887417218543046,0.6629227207776249,0.6181209153301414,0.6380368098159509,0.0,0.0,0.0,1.0,0.3895131086142322,0.17218543046357615,0.03067484662576687,1.0,0.99,0.7898989898989899,0.1573297882319538,False,latched,0.7772405219999239,0.01,0,{},0,False,0.5193428171074622,0.0
231,115500,116000,500,0.71,0.7866108786610879,0.26220362622036264,0.6482758620689655,,0.0632996632996633,0.6920269092628012,0.6092277804759592,0.6482758620689655,0.0,0.0,0.0,1.0,0.39330543933054396,0.15824915824915825,0.020689655172413793,1.0,0.994,0.8108651911468813,0.22465273349384524,False,latched,0.809772667441201,0.006,0,{},0,False,0.5193428171074622,0.0
232,116000,116500,500,0.562,0.8623376623376623,0.28744588744588745,0.7579908675799086,,0.09969969969969969,0.5835408280552277,0.6481905783324395,0.7579908675799086,0.0,0.0,0.0,1.0,0.43116883116883115,0.24924924924924924,0.0182648401826484,1.0,0.992,0.6653225806451613,0.1379380132890005,False,latched,0.6128275566950212,0.008,0,{},0,False,0.5193428171074622,0.0
233,116500,117000,500,0.474,0.899581589958159,0.299860529986053,0.8174904942965779,,0.12027972027972027,0.6035456550462499,0.7228185012273187,0.8174904942965779,0.0,0.0,0.0,1.0,0.4497907949790795,0.3006993006993007,0.0038022813688212928,1.0,0.998,0.5691382765531062,0.12816156505112872,False,latched,0.5079524435473345,0.002,0,{},0,False,0.5193428171074622,0.0
234,117000,117500,500,0.44,0.8477366255144033,0.2825788751714678,0.7357142857142858,,0.11671388101983002,0.5841837415950475,0.7558116883116883,0.7357142857142858,0.0,0.0,0.0,1.0,0.42386831275720166,0.29178470254957506,0.017857142857142856,1.0,0.99,0.5838383838383838,0.17765484626243577,False,latched,0.5851771241764794,0.01,0,{},0,False,0.5193428171074622,0.0
235,117500,118000,500,0.702,0.8538461538461538,0.2846153846153846,0.7449664429530202,,0.09083469721767594,0.7600231435261767,0.7146790569609361,0.7449664429530202,0.0,0.0,0.0,1.0,0.4269230769230769,0.18166939443535188,0.0,1.0,1.0,0.778,0.19355163552257584,False,latched,0.9602761383110744,0.0,0,{},0,False,0.5193428171074622,0.0
236,118000,118500,500,0.766,0.8061224489795918,0.2687074829931973,0.6752136752136753,,0.05457685664939551,0.7573968769662403,0.5933364575662226,0.6752136752136753,0.0,0.0,0.0,1.0,0.4030612244897959,0.13644214162348878,0.03418803418803419,1.0,0.992,0.8407258064516129,0.17149118376697392,False,latched,1.0694955620691642,0.008,0,{},0,False,0.5193428171074622,0.0
237,118500,119000,500,0.77,0.776595744680851,0.25886524822695034,0.6347826086956522,,0.05095986038394416,0.7651512979624484,0.619785431959345,0.6347826086956522,0.0,0.0,0.0,1.0,0.3882978723404255,0.1273996509598604,0.02608695652173913,1.0,0.994,0.8531187122736419,0.21204225096999382,False,latched,1.0126626620596684,0.006,0,{},0,False,0.5193428171074622,0.0
238,119000,119500,500,0.652,0.89171974522293,0.29723991507430997,0.8045977011494253,,0.0875,0.7506667644273193,0.7805338128481771,0.8045977011494253,0.0,0.0,0.0,1.0,0.445859872611465,0.21875,0.028735632183908046,1.0,0.99,0.7171717171717171,0.15888783471054224,False,latched,0.91468046653705,0.01,0,{},0,False,0.5193428171074622,0.0
239,119500,120000,500,0.704,0.7563025210084033,0.25210084033613445,0.6081081081081081,,0.061016949152542375,0.6449383104275088,0.5170070638820639,0.6081081081081081,0.0,0.0,0.0,1.0,0.37815126050420167,0.15254237288135594,0.060810810810810814,1.0,0.982,0.8167006109979633,0.1744481800188022,False,latched,0.9347371932487506,0.018,0,{},0,False,0.5193428171074622,0.0
