phase,source_archive_relative_directory,repository_relative_directory
v018_core,results/runs/E00_smoke_adaptive__Synthetic-Source-Smoke-to-Synthetic-Target-Smoke__synthetic_novel_classes__adaptive_prototype_1pct__seed11,results/frozen/v018_core/runs/E00_smoke_adaptive__adaptive_prototype_1pct__seed11
v018_core,results/runs/E00_smoke_static__Synthetic-Source-Smoke-to-Synthetic-Target-Smoke__synthetic_novel_classes__logistic_open_set__seed11,results/frozen/v018_core/runs/E00_smoke_static__logistic_open_set__seed11
v018_core,results/runs/E02_E05_UNSW_decoupled_static_check_v013__NF-UNSW-NB15-v3-Historical-Pilot-to-NF-UNSW-NB15-v3-Future-Session-Aligned-Pilot__supported_6class_capture_session_and_prevalence_shift__prototype_static_closed__seed11,results/frozen/v018_core/runs/E02_E05_UNSW_decoupled_static_check_v013__prototype_static_closed__seed11
v018_core,results/runs/E02_E05_UNSW_logistic_v012__NF-UNSW-NB15-v3-Historical-Pilot-to-NF-UNSW-NB15-v3-Future-Pilot__supported_6class_temporal_shift__logistic_closed__seed11,results/frozen/v018_core/runs/E02_E05_UNSW_logistic_v012__logistic_closed__seed11
v018_core,results/runs/E02_E05_UNSW_random_forest_v012__NF-UNSW-NB15-v3-Historical-Pilot-to-NF-UNSW-NB15-v3-Future-Pilot__supported_6class_temporal_shift__random_forest_closed__seed11,results/frozen/v018_core/runs/E02_E05_UNSW_random_forest_v012__random_forest_closed__seed11
v018_core,results/runs/E02_E05_UNSW_session_aligned_eval5000_v012__NF-UNSW-NB15-v3-Historical-Pilot-to-NF-UNSW-NB15-v3-Future-Session-Aligned-Pilot__supported_6class_capture_session_and_prevalence_shift__logistic_closed__seed11,results/frozen/v018_core/runs/E02_E05_UNSW_session_aligned_eval5000_v012__logistic_closed__seed11
v018_core,results/runs/E02_E05_UNSW_session_aligned_eval5000_v012__NF-UNSW-NB15-v3-Historical-Pilot-to-NF-UNSW-NB15-v3-Future-Session-Aligned-Pilot__supported_6class_capture_session_and_prevalence_shift__prototype_static_closed__seed11,results/frozen/v018_core/runs/E02_E05_UNSW_session_aligned_eval5000_v012__prototype_static_closed__seed11
v018_core,results/runs/E02_E05_UNSW_session_aligned_eval5000_v012__NF-UNSW-NB15-v3-Historical-Pilot-to-NF-UNSW-NB15-v3-Future-Session-Aligned-Pilot__supported_6class_capture_session_and_prevalence_shift__random_forest_closed__seed11,results/frozen/v018_core/runs/E02_E05_UNSW_session_aligned_eval5000_v012__random_forest_closed__seed11
v018_core,results/runs/E02_E05_UNSW_session_aligned_logistic_5000_v012__NF-UNSW-NB15-v3-Historical-Pilot-to-NF-UNSW-NB15-v3-Future-Session-Aligned-Pilot__supported_6class_capture_session_and_prevalence_shift__logistic_closed__seed11,results/frozen/v018_core/runs/E02_E05_UNSW_session_aligned_logistic_5000_v012__logistic_closed__seed11
v018_core,results/runs/E02_E05_UNSW_session_aligned_pilot_v012__NF-UNSW-NB15-v3-Historical-Pilot-to-NF-UNSW-NB15-v3-Future-Session-Aligned-Pilot__supported_6class_capture_session_and_prevalence_shift__logistic_closed__seed11,results/frozen/v018_core/runs/E02_E05_UNSW_session_aligned_pilot_v012__logistic_closed__seed11
v018_core,results/runs/E02_E05_UNSW_session_aligned_pilot_v012__NF-UNSW-NB15-v3-Historical-Pilot-to-NF-UNSW-NB15-v3-Future-Session-Aligned-Pilot__supported_6class_capture_session_and_prevalence_shift__prototype_static_closed__seed11,results/frozen/v018_core/runs/E02_E05_UNSW_session_aligned_pilot_v012__prototype_static_closed__seed11
v018_core,results/runs/E02_E05_UNSW_session_aligned_pilot_v012__NF-UNSW-NB15-v3-Historical-Pilot-to-NF-UNSW-NB15-v3-Future-Session-Aligned-Pilot__supported_6class_capture_session_and_prevalence_shift__random_forest_closed__seed11,results/frozen/v018_core/runs/E02_E05_UNSW_session_aligned_pilot_v012__random_forest_closed__seed11
v018_core,results/runs/E02_E05_UNSW_temporal_pilot__NF-UNSW-NB15-v3-Historical-Pilot-to-NF-UNSW-NB15-v3-Future-Pilot__supported_6class_temporal_shift__prototype_static_closed__seed11,results/frozen/v018_core/runs/E02_E05_UNSW_temporal_pilot__prototype_static_closed__seed11
v018_core,results/runs/E02_E05_UNSW_temporal_pilot_v012__NF-UNSW-NB15-v3-Historical-Pilot-to-NF-UNSW-NB15-v3-Future-Pilot__supported_6class_temporal_shift__prototype_static_closed__seed11,results/frozen/v018_core/runs/E02_E05_UNSW_temporal_pilot_v012__prototype_static_closed__seed11
v018_core,results/runs/E02_E05_UNSW_warmup_gate_static_v014__NF-UNSW-NB15-v3-Historical-Pilot-to-NF-UNSW-NB15-v3-Future-Session-Aligned-Pilot__supported_6class_capture_session_and_prevalence_shift__prototype_static_closed__seed11,results/frozen/v018_core/runs/E02_E05_UNSW_warmup_gate_static_v014__prototype_static_closed__seed11
v018_core,results/runs/E05_UNSW_nested_naive_replay_budget_025_v015__NF-UNSW-NB15-v3-Historical-Pilot-to-NF-UNSW-NB15-v3-Future-Session-Aligned-Pilot__supported_6class_capture_session_and_prevalence_shift__nested_naive_replay_event_025__seed11,results/frozen/v018_core/runs/E05_UNSW_nested_naive_replay_budget_025_v015__nested_naive_replay_event_025__seed11
v018_core,results/runs/E05_UNSW_nested_naive_replay_budget_050_v015__NF-UNSW-NB15-v3-Historical-Pilot-to-NF-UNSW-NB15-v3-Future-Session-Aligned-Pilot__supported_6class_capture_session_and_prevalence_shift__nested_naive_replay_event_050__seed11,results/frozen/v018_core/runs/E05_UNSW_nested_naive_replay_budget_050_v015__nested_naive_replay_event_050__seed11
v018_core,results/runs/E05_UNSW_nested_naive_replay_budget_100_v015__NF-UNSW-NB15-v3-Historical-Pilot-to-NF-UNSW-NB15-v3-Future-Session-Aligned-Pilot__supported_6class_capture_session_and_prevalence_shift__nested_naive_replay_event_100__seed11,results/frozen/v018_core/runs/E05_UNSW_nested_naive_replay_budget_100_v015__nested_naive_replay_event_100__seed11
v018_core,results/runs/E05_UNSW_nested_naive_replay_budget_200_v015__NF-UNSW-NB15-v3-Historical-Pilot-to-NF-UNSW-NB15-v3-Future-Session-Aligned-Pilot__supported_6class_capture_session_and_prevalence_shift__nested_naive_replay_event_200__seed11,results/frozen/v018_core/runs/E05_UNSW_nested_naive_replay_budget_200_v015__nested_naive_replay_event_200__seed11
v018_core,results/runs/E05_UNSW_nested_source_anchored_budget_025_v015__NF-UNSW-NB15-v3-Historical-Pilot-to-NF-UNSW-NB15-v3-Future-Session-Aligned-Pilot__supported_6class_capture_session_and_prevalence_shift__nested_source_anchored_event_025__seed11,results/frozen/v018_core/runs/E05_UNSW_nested_source_anchored_budget_025_v015__nested_source_anchored_event_025__seed11
v018_core,results/runs/E05_UNSW_nested_source_anchored_budget_050_v015__NF-UNSW-NB15-v3-Historical-Pilot-to-NF-UNSW-NB15-v3-Future-Session-Aligned-Pilot__supported_6class_capture_session_and_prevalence_shift__nested_source_anchored_event_050__seed11,results/frozen/v018_core/runs/E05_UNSW_nested_source_anchored_budget_050_v015__nested_source_anchored_event_050__seed11
v018_core,results/runs/E05_UNSW_nested_source_anchored_budget_100_v015__NF-UNSW-NB15-v3-Historical-Pilot-to-NF-UNSW-NB15-v3-Future-Session-Aligned-Pilot__supported_6class_capture_session_and_prevalence_shift__nested_source_anchored_event_100__seed11,results/frozen/v018_core/runs/E05_UNSW_nested_source_anchored_budget_100_v015__nested_source_anchored_event_100__seed11
v018_core,results/runs/E05_UNSW_nested_source_anchored_budget_200_v015__NF-UNSW-NB15-v3-Historical-Pilot-to-NF-UNSW-NB15-v3-Future-Session-Aligned-Pilot__supported_6class_capture_session_and_prevalence_shift__nested_source_anchored_event_200__seed11,results/frozen/v018_core/runs/E05_UNSW_nested_source_anchored_budget_200_v015__nested_source_anchored_event_200__seed11
v018_core,results/runs/E05_UNSW_one_shot_adaptive_budget_025_v014__NF-UNSW-NB15-v3-Historical-Pilot-to-NF-UNSW-NB15-v3-Future-Session-Aligned-Pilot__supported_6class_capture_session_and_prevalence_shift__adaptive_prototype_event_025__seed11,results/frozen/v018_core/runs/E05_UNSW_one_shot_adaptive_budget_025_v014__adaptive_prototype_event_025__seed11
v018_core,results/runs/E05_UNSW_one_shot_adaptive_budget_050_v014__NF-UNSW-NB15-v3-Historical-Pilot-to-NF-UNSW-NB15-v3-Future-Session-Aligned-Pilot__supported_6class_capture_session_and_prevalence_shift__adaptive_prototype_event_050__seed11,results/frozen/v018_core/runs/E05_UNSW_one_shot_adaptive_budget_050_v014__adaptive_prototype_event_050__seed11
v018_core,results/runs/E05_UNSW_one_shot_adaptive_budget_100_v014__NF-UNSW-NB15-v3-Historical-Pilot-to-NF-UNSW-NB15-v3-Future-Session-Aligned-Pilot__supported_6class_capture_session_and_prevalence_shift__adaptive_prototype_event_100__seed11,results/frozen/v018_core/runs/E05_UNSW_one_shot_adaptive_budget_100_v014__adaptive_prototype_event_100__seed11
v018_core,results/runs/E05_UNSW_one_shot_adaptive_budget_200_v014__NF-UNSW-NB15-v3-Historical-Pilot-to-NF-UNSW-NB15-v3-Future-Session-Aligned-Pilot__supported_6class_capture_session_and_prevalence_shift__adaptive_prototype_event_200__seed11,results/frozen/v018_core/runs/E05_UNSW_one_shot_adaptive_budget_200_v014__adaptive_prototype_event_200__seed11
v018_core,results/runs/E05_UNSW_one_shot_random_budget_025_v014__NF-UNSW-NB15-v3-Historical-Pilot-to-NF-UNSW-NB15-v3-Future-Session-Aligned-Pilot__supported_6class_capture_session_and_prevalence_shift__adaptive_prototype_random_event_025__seed11,results/frozen/v018_core/runs/E05_UNSW_one_shot_random_budget_025_v014__adaptive_prototype_random_event_025__seed11
v018_core,results/runs/E05_UNSW_one_shot_random_budget_050_v014__NF-UNSW-NB15-v3-Historical-Pilot-to-NF-UNSW-NB15-v3-Future-Session-Aligned-Pilot__supported_6class_capture_session_and_prevalence_shift__adaptive_prototype_random_event_050__seed11,results/frozen/v018_core/runs/E05_UNSW_one_shot_random_budget_050_v014__adaptive_prototype_random_event_050__seed11
v018_core,results/runs/E05_UNSW_one_shot_random_budget_100_v014__NF-UNSW-NB15-v3-Historical-Pilot-to-NF-UNSW-NB15-v3-Future-Session-Aligned-Pilot__supported_6class_capture_session_and_prevalence_shift__adaptive_prototype_random_event_100__seed11,results/frozen/v018_core/runs/E05_UNSW_one_shot_random_budget_100_v014__adaptive_prototype_random_event_100__seed11
v018_core,results/runs/E05_UNSW_one_shot_random_budget_200_v014__NF-UNSW-NB15-v3-Historical-Pilot-to-NF-UNSW-NB15-v3-Future-Session-Aligned-Pilot__supported_6class_capture_session_and_prevalence_shift__adaptive_prototype_random_event_200__seed11,results/frozen/v018_core/runs/E05_UNSW_one_shot_random_budget_200_v014__adaptive_prototype_random_event_200__seed11
v018_core,results/runs/E05_UNSW_paired_5seed_v015__NF-UNSW-NB15-v3-Historical-Pilot-to-NF-UNSW-NB15-v3-Future-Session-Aligned-Pilot__supported_6class_capture_session_and_prevalence_shift__paired_naive_replay_B050__seed109,results/frozen/v018_core/runs/E05_UNSW_paired_5seed_v015__paired_naive_replay_B050__seed109
v018_core,results/runs/E05_UNSW_paired_5seed_v015__NF-UNSW-NB15-v3-Historical-Pilot-to-NF-UNSW-NB15-v3-Future-Session-Aligned-Pilot__supported_6class_capture_session_and_prevalence_shift__paired_naive_replay_B050__seed11,results/frozen/v018_core/runs/E05_UNSW_paired_5seed_v015__paired_naive_replay_B050__seed11
v018_core,results/runs/E05_UNSW_paired_5seed_v015__NF-UNSW-NB15-v3-Historical-Pilot-to-NF-UNSW-NB15-v3-Future-Session-Aligned-Pilot__supported_6class_capture_session_and_prevalence_shift__paired_naive_replay_B050__seed127,results/frozen/v018_core/runs/E05_UNSW_paired_5seed_v015__paired_naive_replay_B050__seed127
v018_core,results/runs/E05_UNSW_paired_5seed_v015__NF-UNSW-NB15-v3-Historical-Pilot-to-NF-UNSW-NB15-v3-Future-Session-Aligned-Pilot__supported_6class_capture_session_and_prevalence_shift__paired_naive_replay_B050__seed149,results/frozen/v018_core/runs/E05_UNSW_paired_5seed_v015__paired_naive_replay_B050__seed149
v018_core,results/runs/E05_UNSW_paired_5seed_v015__NF-UNSW-NB15-v3-Historical-Pilot-to-NF-UNSW-NB15-v3-Future-Session-Aligned-Pilot__supported_6class_capture_session_and_prevalence_shift__paired_naive_replay_B050__seed23,results/frozen/v018_core/runs/E05_UNSW_paired_5seed_v015__paired_naive_replay_B050__seed23
v018_core,results/runs/E05_UNSW_paired_5seed_v015__NF-UNSW-NB15-v3-Historical-Pilot-to-NF-UNSW-NB15-v3-Future-Session-Aligned-Pilot__supported_6class_capture_session_and_prevalence_shift__paired_naive_replay_B050__seed37,results/frozen/v018_core/runs/E05_UNSW_paired_5seed_v015__paired_naive_replay_B050__seed37
v018_core,results/runs/E05_UNSW_paired_5seed_v015__NF-UNSW-NB15-v3-Historical-Pilot-to-NF-UNSW-NB15-v3-Future-Session-Aligned-Pilot__supported_6class_capture_session_and_prevalence_shift__paired_naive_replay_B050__seed53,results/frozen/v018_core/runs/E05_UNSW_paired_5seed_v015__paired_naive_replay_B050__seed53
v018_core,results/runs/E05_UNSW_paired_5seed_v015__NF-UNSW-NB15-v3-Historical-Pilot-to-NF-UNSW-NB15-v3-Future-Session-Aligned-Pilot__supported_6class_capture_session_and_prevalence_shift__paired_naive_replay_B050__seed71,results/frozen/v018_core/runs/E05_UNSW_paired_5seed_v015__paired_naive_replay_B050__seed71
v018_core,results/runs/E05_UNSW_paired_5seed_v015__NF-UNSW-NB15-v3-Historical-Pilot-to-NF-UNSW-NB15-v3-Future-Session-Aligned-Pilot__supported_6class_capture_session_and_prevalence_shift__paired_naive_replay_B050__seed83,results/frozen/v018_core/runs/E05_UNSW_paired_5seed_v015__paired_naive_replay_B050__seed83
v018_core,results/runs/E05_UNSW_paired_5seed_v015__NF-UNSW-NB15-v3-Historical-Pilot-to-NF-UNSW-NB15-v3-Future-Session-Aligned-Pilot__supported_6class_capture_session_and_prevalence_shift__paired_naive_replay_B050__seed97,results/frozen/v018_core/runs/E05_UNSW_paired_5seed_v015__paired_naive_replay_B050__seed97
v018_core,results/runs/E05_UNSW_paired_5seed_v015__NF-UNSW-NB15-v3-Historical-Pilot-to-NF-UNSW-NB15-v3-Future-Session-Aligned-Pilot__supported_6class_capture_session_and_prevalence_shift__paired_naive_replay_B200__seed109,results/frozen/v018_core/runs/E05_UNSW_paired_5seed_v015__paired_naive_replay_B200__seed109
v018_core,results/runs/E05_UNSW_paired_5seed_v015__NF-UNSW-NB15-v3-Historical-Pilot-to-NF-UNSW-NB15-v3-Future-Session-Aligned-Pilot__supported_6class_capture_session_and_prevalence_shift__paired_naive_replay_B200__seed11,results/frozen/v018_core/runs/E05_UNSW_paired_5seed_v015__paired_naive_replay_B200__seed11
v018_core,results/runs/E05_UNSW_paired_5seed_v015__NF-UNSW-NB15-v3-Historical-Pilot-to-NF-UNSW-NB15-v3-Future-Session-Aligned-Pilot__supported_6class_capture_session_and_prevalence_shift__paired_naive_replay_B200__seed127,results/frozen/v018_core/runs/E05_UNSW_paired_5seed_v015__paired_naive_replay_B200__seed127
v018_core,results/runs/E05_UNSW_paired_5seed_v015__NF-UNSW-NB15-v3-Historical-Pilot-to-NF-UNSW-NB15-v3-Future-Session-Aligned-Pilot__supported_6class_capture_session_and_prevalence_shift__paired_naive_replay_B200__seed149,results/frozen/v018_core/runs/E05_UNSW_paired_5seed_v015__paired_naive_replay_B200__seed149
v018_core,results/runs/E05_UNSW_paired_5seed_v015__NF-UNSW-NB15-v3-Historical-Pilot-to-NF-UNSW-NB15-v3-Future-Session-Aligned-Pilot__supported_6class_capture_session_and_prevalence_shift__paired_naive_replay_B200__seed23,results/frozen/v018_core/runs/E05_UNSW_paired_5seed_v015__paired_naive_replay_B200__seed23
v018_core,results/runs/E05_UNSW_paired_5seed_v015__NF-UNSW-NB15-v3-Historical-Pilot-to-NF-UNSW-NB15-v3-Future-Session-Aligned-Pilot__supported_6class_capture_session_and_prevalence_shift__paired_naive_replay_B200__seed37,results/frozen/v018_core/runs/E05_UNSW_paired_5seed_v015__paired_naive_replay_B200__seed37
v018_core,results/runs/E05_UNSW_paired_5seed_v015__NF-UNSW-NB15-v3-Historical-Pilot-to-NF-UNSW-NB15-v3-Future-Session-Aligned-Pilot__supported_6class_capture_session_and_prevalence_shift__paired_naive_replay_B200__seed53,results/frozen/v018_core/runs/E05_UNSW_paired_5seed_v015__paired_naive_replay_B200__seed53
v018_core,results/runs/E05_UNSW_paired_5seed_v015__NF-UNSW-NB15-v3-Historical-Pilot-to-NF-UNSW-NB15-v3-Future-Session-Aligned-Pilot__supported_6class_capture_session_and_prevalence_shift__paired_naive_replay_B200__seed71,results/frozen/v018_core/runs/E05_UNSW_paired_5seed_v015__paired_naive_replay_B200__seed71
v018_core,results/runs/E05_UNSW_paired_5seed_v015__NF-UNSW-NB15-v3-Historical-Pilot-to-NF-UNSW-NB15-v3-Future-Session-Aligned-Pilot__supported_6class_capture_session_and_prevalence_shift__paired_naive_replay_B200__seed83,results/frozen/v018_core/runs/E05_UNSW_paired_5seed_v015__paired_naive_replay_B200__seed83
v018_core,results/runs/E05_UNSW_paired_5seed_v015__NF-UNSW-NB15-v3-Historical-Pilot-to-NF-UNSW-NB15-v3-Future-Session-Aligned-Pilot__supported_6class_capture_session_and_prevalence_shift__paired_naive_replay_B200__seed97,results/frozen/v018_core/runs/E05_UNSW_paired_5seed_v015__paired_naive_replay_B200__seed97
v018_core,results/runs/E05_UNSW_paired_5seed_v015__NF-UNSW-NB15-v3-Historical-Pilot-to-NF-UNSW-NB15-v3-Future-Session-Aligned-Pilot__supported_6class_capture_session_and_prevalence_shift__paired_prototype_static__seed109,results/frozen/v018_core/runs/E05_UNSW_paired_5seed_v015__paired_prototype_static__seed109
v018_core,results/runs/E05_UNSW_paired_5seed_v015__NF-UNSW-NB15-v3-Historical-Pilot-to-NF-UNSW-NB15-v3-Future-Session-Aligned-Pilot__supported_6class_capture_session_and_prevalence_shift__paired_prototype_static__seed11,results/frozen/v018_core/runs/E05_UNSW_paired_5seed_v015__paired_prototype_static__seed11
v018_core,results/runs/E05_UNSW_paired_5seed_v015__NF-UNSW-NB15-v3-Historical-Pilot-to-NF-UNSW-NB15-v3-Future-Session-Aligned-Pilot__supported_6class_capture_session_and_prevalence_shift__paired_prototype_static__seed127,results/frozen/v018_core/runs/E05_UNSW_paired_5seed_v015__paired_prototype_static__seed127
v018_core,results/runs/E05_UNSW_paired_5seed_v015__NF-UNSW-NB15-v3-Historical-Pilot-to-NF-UNSW-NB15-v3-Future-Session-Aligned-Pilot__supported_6class_capture_session_and_prevalence_shift__paired_prototype_static__seed149,results/frozen/v018_core/runs/E05_UNSW_paired_5seed_v015__paired_prototype_static__seed149
v018_core,results/runs/E05_UNSW_paired_5seed_v015__NF-UNSW-NB15-v3-Historical-Pilot-to-NF-UNSW-NB15-v3-Future-Session-Aligned-Pilot__supported_6class_capture_session_and_prevalence_shift__paired_prototype_static__seed23,results/frozen/v018_core/runs/E05_UNSW_paired_5seed_v015__paired_prototype_static__seed23
v018_core,results/runs/E05_UNSW_paired_5seed_v015__NF-UNSW-NB15-v3-Historical-Pilot-to-NF-UNSW-NB15-v3-Future-Session-Aligned-Pilot__supported_6class_capture_session_and_prevalence_shift__paired_prototype_static__seed37,results/frozen/v018_core/runs/E05_UNSW_paired_5seed_v015__paired_prototype_static__seed37
v018_core,results/runs/E05_UNSW_paired_5seed_v015__NF-UNSW-NB15-v3-Historical-Pilot-to-NF-UNSW-NB15-v3-Future-Session-Aligned-Pilot__supported_6class_capture_session_and_prevalence_shift__paired_prototype_static__seed53,results/frozen/v018_core/runs/E05_UNSW_paired_5seed_v015__paired_prototype_static__seed53
v018_core,results/runs/E05_UNSW_paired_5seed_v015__NF-UNSW-NB15-v3-Historical-Pilot-to-NF-UNSW-NB15-v3-Future-Session-Aligned-Pilot__supported_6class_capture_session_and_prevalence_shift__paired_prototype_static__seed71,results/frozen/v018_core/runs/E05_UNSW_paired_5seed_v015__paired_prototype_static__seed71
v018_core,results/runs/E05_UNSW_paired_5seed_v015__NF-UNSW-NB15-v3-Historical-Pilot-to-NF-UNSW-NB15-v3-Future-Session-Aligned-Pilot__supported_6class_capture_session_and_prevalence_shift__paired_prototype_static__seed83,results/frozen/v018_core/runs/E05_UNSW_paired_5seed_v015__paired_prototype_static__seed83
v018_core,results/runs/E05_UNSW_paired_5seed_v015__NF-UNSW-NB15-v3-Historical-Pilot-to-NF-UNSW-NB15-v3-Future-Session-Aligned-Pilot__supported_6class_capture_session_and_prevalence_shift__paired_prototype_static__seed97,results/frozen/v018_core/runs/E05_UNSW_paired_5seed_v015__paired_prototype_static__seed97
v018_core,results/runs/E05_UNSW_paired_5seed_v015__NF-UNSW-NB15-v3-Historical-Pilot-to-NF-UNSW-NB15-v3-Future-Session-Aligned-Pilot__supported_6class_capture_session_and_prevalence_shift__paired_source_anchored_B050__seed109,results/frozen/v018_core/runs/E05_UNSW_paired_5seed_v015__paired_source_anchored_B050__seed109
v018_core,results/runs/E05_UNSW_paired_5seed_v015__NF-UNSW-NB15-v3-Historical-Pilot-to-NF-UNSW-NB15-v3-Future-Session-Aligned-Pilot__supported_6class_capture_session_and_prevalence_shift__paired_source_anchored_B050__seed11,results/frozen/v018_core/runs/E05_UNSW_paired_5seed_v015__paired_source_anchored_B050__seed11
v018_core,results/runs/E05_UNSW_paired_5seed_v015__NF-UNSW-NB15-v3-Historical-Pilot-to-NF-UNSW-NB15-v3-Future-Session-Aligned-Pilot__supported_6class_capture_session_and_prevalence_shift__paired_source_anchored_B050__seed127,results/frozen/v018_core/runs/E05_UNSW_paired_5seed_v015__paired_source_anchored_B050__seed127
v018_core,results/runs/E05_UNSW_paired_5seed_v015__NF-UNSW-NB15-v3-Historical-Pilot-to-NF-UNSW-NB15-v3-Future-Session-Aligned-Pilot__supported_6class_capture_session_and_prevalence_shift__paired_source_anchored_B050__seed149,results/frozen/v018_core/runs/E05_UNSW_paired_5seed_v015__paired_source_anchored_B050__seed149
v018_core,results/runs/E05_UNSW_paired_5seed_v015__NF-UNSW-NB15-v3-Historical-Pilot-to-NF-UNSW-NB15-v3-Future-Session-Aligned-Pilot__supported_6class_capture_session_and_prevalence_shift__paired_source_anchored_B050__seed23,results/frozen/v018_core/runs/E05_UNSW_paired_5seed_v015__paired_source_anchored_B050__seed23
v018_core,results/runs/E05_UNSW_paired_5seed_v015__NF-UNSW-NB15-v3-Historical-Pilot-to-NF-UNSW-NB15-v3-Future-Session-Aligned-Pilot__supported_6class_capture_session_and_prevalence_shift__paired_source_anchored_B050__seed37,results/frozen/v018_core/runs/E05_UNSW_paired_5seed_v015__paired_source_anchored_B050__seed37
v018_core,results/runs/E05_UNSW_paired_5seed_v015__NF-UNSW-NB15-v3-Historical-Pilot-to-NF-UNSW-NB15-v3-Future-Session-Aligned-Pilot__supported_6class_capture_session_and_prevalence_shift__paired_source_anchored_B050__seed53,results/frozen/v018_core/runs/E05_UNSW_paired_5seed_v015__paired_source_anchored_B050__seed53
v018_core,results/runs/E05_UNSW_paired_5seed_v015__NF-UNSW-NB15-v3-Historical-Pilot-to-NF-UNSW-NB15-v3-Future-Session-Aligned-Pilot__supported_6class_capture_session_and_prevalence_shift__paired_source_anchored_B050__seed71,results/frozen/v018_core/runs/E05_UNSW_paired_5seed_v015__paired_source_anchored_B050__seed71
v018_core,results/runs/E05_UNSW_paired_5seed_v015__NF-UNSW-NB15-v3-Historical-Pilot-to-NF-UNSW-NB15-v3-Future-Session-Aligned-Pilot__supported_6class_capture_session_and_prevalence_shift__paired_source_anchored_B050__seed83,results/frozen/v018_core/runs/E05_UNSW_paired_5seed_v015__paired_source_anchored_B050__seed83
v018_core,results/runs/E05_UNSW_paired_5seed_v015__NF-UNSW-NB15-v3-Historical-Pilot-to-NF-UNSW-NB15-v3-Future-Session-Aligned-Pilot__supported_6class_capture_session_and_prevalence_shift__paired_source_anchored_B050__seed97,results/frozen/v018_core/runs/E05_UNSW_paired_5seed_v015__paired_source_anchored_B050__seed97
v018_core,results/runs/E05_UNSW_paired_5seed_v015__NF-UNSW-NB15-v3-Historical-Pilot-to-NF-UNSW-NB15-v3-Future-Session-Aligned-Pilot__supported_6class_capture_session_and_prevalence_shift__paired_source_anchored_B200__seed109,results/frozen/v018_core/runs/E05_UNSW_paired_5seed_v015__paired_source_anchored_B200__seed109
v018_core,results/runs/E05_UNSW_paired_5seed_v015__NF-UNSW-NB15-v3-Historical-Pilot-to-NF-UNSW-NB15-v3-Future-Session-Aligned-Pilot__supported_6class_capture_session_and_prevalence_shift__paired_source_anchored_B200__seed11,results/frozen/v018_core/runs/E05_UNSW_paired_5seed_v015__paired_source_anchored_B200__seed11
v018_core,results/runs/E05_UNSW_paired_5seed_v015__NF-UNSW-NB15-v3-Historical-Pilot-to-NF-UNSW-NB15-v3-Future-Session-Aligned-Pilot__supported_6class_capture_session_and_prevalence_shift__paired_source_anchored_B200__seed127,results/frozen/v018_core/runs/E05_UNSW_paired_5seed_v015__paired_source_anchored_B200__seed127
v018_core,results/runs/E05_UNSW_paired_5seed_v015__NF-UNSW-NB15-v3-Historical-Pilot-to-NF-UNSW-NB15-v3-Future-Session-Aligned-Pilot__supported_6class_capture_session_and_prevalence_shift__paired_source_anchored_B200__seed149,results/frozen/v018_core/runs/E05_UNSW_paired_5seed_v015__paired_source_anchored_B200__seed149
v018_core,results/runs/E05_UNSW_paired_5seed_v015__NF-UNSW-NB15-v3-Historical-Pilot-to-NF-UNSW-NB15-v3-Future-Session-Aligned-Pilot__supported_6class_capture_session_and_prevalence_shift__paired_source_anchored_B200__seed23,results/frozen/v018_core/runs/E05_UNSW_paired_5seed_v015__paired_source_anchored_B200__seed23
v018_core,results/runs/E05_UNSW_paired_5seed_v015__NF-UNSW-NB15-v3-Historical-Pilot-to-NF-UNSW-NB15-v3-Future-Session-Aligned-Pilot__supported_6class_capture_session_and_prevalence_shift__paired_source_anchored_B200__seed37,results/frozen/v018_core/runs/E05_UNSW_paired_5seed_v015__paired_source_anchored_B200__seed37
v018_core,results/runs/E05_UNSW_paired_5seed_v015__NF-UNSW-NB15-v3-Historical-Pilot-to-NF-UNSW-NB15-v3-Future-Session-Aligned-Pilot__supported_6class_capture_session_and_prevalence_shift__paired_source_anchored_B200__seed53,results/frozen/v018_core/runs/E05_UNSW_paired_5seed_v015__paired_source_anchored_B200__seed53
v018_core,results/runs/E05_UNSW_paired_5seed_v015__NF-UNSW-NB15-v3-Historical-Pilot-to-NF-UNSW-NB15-v3-Future-Session-Aligned-Pilot__supported_6class_capture_session_and_prevalence_shift__paired_source_anchored_B200__seed71,results/frozen/v018_core/runs/E05_UNSW_paired_5seed_v015__paired_source_anchored_B200__seed71
v018_core,results/runs/E05_UNSW_paired_5seed_v015__NF-UNSW-NB15-v3-Historical-Pilot-to-NF-UNSW-NB15-v3-Future-Session-Aligned-Pilot__supported_6class_capture_session_and_prevalence_shift__paired_source_anchored_B200__seed83,results/frozen/v018_core/runs/E05_UNSW_paired_5seed_v015__paired_source_anchored_B200__seed83
v018_core,results/runs/E05_UNSW_paired_5seed_v015__NF-UNSW-NB15-v3-Historical-Pilot-to-NF-UNSW-NB15-v3-Future-Session-Aligned-Pilot__supported_6class_capture_session_and_prevalence_shift__paired_source_anchored_B200__seed97,results/frozen/v018_core/runs/E05_UNSW_paired_5seed_v015__paired_source_anchored_B200__seed97
v018_core,results/runs/E05_UNSW_source_anchored_budget_025_v015__NF-UNSW-NB15-v3-Historical-Pilot-to-NF-UNSW-NB15-v3-Future-Session-Aligned-Pilot__supported_6class_capture_session_and_prevalence_shift__source_anchored_prototype_event_025__seed11,results/frozen/v018_core/runs/E05_UNSW_source_anchored_budget_025_v015__source_anchored_prototype_event_025__seed11
v018_core,results/runs/E05_UNSW_source_anchored_budget_050_v015__NF-UNSW-NB15-v3-Historical-Pilot-to-NF-UNSW-NB15-v3-Future-Session-Aligned-Pilot__supported_6class_capture_session_and_prevalence_shift__source_anchored_prototype_event_050__seed11,results/frozen/v018_core/runs/E05_UNSW_source_anchored_budget_050_v015__source_anchored_prototype_event_050__seed11
v018_core,results/runs/E05_UNSW_source_anchored_budget_100_v015__NF-UNSW-NB15-v3-Historical-Pilot-to-NF-UNSW-NB15-v3-Future-Session-Aligned-Pilot__supported_6class_capture_session_and_prevalence_shift__source_anchored_prototype_event_100__seed11,results/frozen/v018_core/runs/E05_UNSW_source_anchored_budget_100_v015__source_anchored_prototype_event_100__seed11
v018_core,results/runs/E05_UNSW_source_anchored_budget_200_v015__NF-UNSW-NB15-v3-Historical-Pilot-to-NF-UNSW-NB15-v3-Future-Session-Aligned-Pilot__supported_6class_capture_session_and_prevalence_shift__source_anchored_prototype_event_200__seed11,results/frozen/v018_core/runs/E05_UNSW_source_anchored_budget_200_v015__source_anchored_prototype_event_200__seed11
v018_core,results/runs/E08_CSE_DDoS_static_diagnostic_v016__NF-CICIDS2018-v3-DDoS-Historical-Pilot-to-NF-CICIDS2018-v3-DDoS-Emergence-Pilot__ddos_first_family_emergence__cse_ddos_prototype_static_open__seed11,results/frozen/v018_core/runs/E08_CSE_DDoS_static_diagnostic_v016__cse_ddos_prototype_static_open__seed11
v018_core,results/runs/E09_CSE_DDoS_guard_safe_static_v017__NF-CICIDS2018-v3-DDoS-Historical-Pilot-to-NF-CICIDS2018-v3-DDoS-Emergence-Pilot__ddos_first_family_emergence__cse_ddos_prototype_static_open_guard_safe__seed11,results/frozen/v018_core/runs/E09_CSE_DDoS_guard_safe_static_v017__cse_ddos_prototype_static_open_guard_safe__seed11
v018_core,results/runs/E10_CSE_DDoS_nested_UD_anchored_B050_v017__NF-CICIDS2018-v3-DDoS-Historical-Pilot-to-NF-CICIDS2018-v3-DDoS-Emergence-Pilot__ddos_first_family_emergence__cse_ddos_anchored_nested_ud_B050__seed11,results/frozen/v018_core/runs/E10_CSE_DDoS_nested_UD_anchored_B050_v017__cse_ddos_anchored_nested_ud_B050__seed11
v018_core,results/runs/E10_CSE_DDoS_nested_UD_anchored_B200_v017__NF-CICIDS2018-v3-DDoS-Historical-Pilot-to-NF-CICIDS2018-v3-DDoS-Emergence-Pilot__ddos_first_family_emergence__cse_ddos_anchored_nested_ud_B200__seed11,results/frozen/v018_core/runs/E10_CSE_DDoS_nested_UD_anchored_B200_v017__cse_ddos_anchored_nested_ud_B200__seed11
v018_core,results/runs/E10_CSE_DDoS_nested_UD_naive_B050_v017__NF-CICIDS2018-v3-DDoS-Historical-Pilot-to-NF-CICIDS2018-v3-DDoS-Emergence-Pilot__ddos_first_family_emergence__cse_ddos_naive_nested_ud_B050__seed11,results/frozen/v018_core/runs/E10_CSE_DDoS_nested_UD_naive_B050_v017__cse_ddos_naive_nested_ud_B050__seed11
v018_core,results/runs/E10_CSE_DDoS_nested_UD_naive_B200_v017__NF-CICIDS2018-v3-DDoS-Historical-Pilot-to-NF-CICIDS2018-v3-DDoS-Emergence-Pilot__ddos_first_family_emergence__cse_ddos_naive_nested_ud_B200__seed11,results/frozen/v018_core/runs/E10_CSE_DDoS_nested_UD_naive_B200_v017__cse_ddos_naive_nested_ud_B200__seed11
v018_core,results/runs/E11_CSE_DDoS_nested_random_anchored_B050_v018__NF-CICIDS2018-v3-DDoS-Historical-Pilot-to-NF-CICIDS2018-v3-DDoS-Emergence-Pilot__ddos_first_family_emergence__cse_ddos_anchored_nested_random_B050__seed11,results/frozen/v018_core/runs/E11_CSE_DDoS_nested_random_anchored_B050_v018__cse_ddos_anchored_nested_random_B050__seed11
v018_core,results/runs/E11_CSE_DDoS_nested_random_anchored_B200_v018__NF-CICIDS2018-v3-DDoS-Historical-Pilot-to-NF-CICIDS2018-v3-DDoS-Emergence-Pilot__ddos_first_family_emergence__cse_ddos_anchored_nested_random_B200__seed11,results/frozen/v018_core/runs/E11_CSE_DDoS_nested_random_anchored_B200_v018__cse_ddos_anchored_nested_random_B200__seed11
v018_core,results/runs/E11_CSE_DDoS_nested_random_naive_B050_v018__NF-CICIDS2018-v3-DDoS-Historical-Pilot-to-NF-CICIDS2018-v3-DDoS-Emergence-Pilot__ddos_first_family_emergence__cse_ddos_naive_nested_random_B050__seed11,results/frozen/v018_core/runs/E11_CSE_DDoS_nested_random_naive_B050_v018__cse_ddos_naive_nested_random_B050__seed11
v018_core,results/runs/E11_CSE_DDoS_nested_random_naive_B200_v018__NF-CICIDS2018-v3-DDoS-Historical-Pilot-to-NF-CICIDS2018-v3-DDoS-Emergence-Pilot__ddos_first_family_emergence__cse_ddos_naive_nested_random_B200__seed11,results/frozen/v018_core/runs/E11_CSE_DDoS_nested_random_naive_B200_v018__cse_ddos_naive_nested_random_B200__seed11
v018_core,results/runs/E12_CSE_DoS_prospective_static_v018__NF-CICIDS2018-v3-DoS-Historical-Pilot-to-NF-CICIDS2018-v3-DoS-Emergence-Pilot__dos_goldeneye_first_family_emergence__cse_dos_prototype_static_open_guard_safe__seed11,results/frozen/v018_core/runs/E12_CSE_DoS_prospective_static_v018__cse_dos_prototype_static_open_guard_safe__seed11
v018_core,results/runs/E13_CSE_DoS_prospective_random_naive_replay_B050_v018__NF-CICIDS2018-v3-DoS-Historical-Pilot-to-NF-CICIDS2018-v3-DoS-Emergence-Pilot__dos_goldeneye_first_family_emergence__cse_dos_random_naive_replay_B050__seed11,results/frozen/v018_core/runs/E13_CSE_DoS_prospective_random_naive_replay_B050_v018__cse_dos_random_naive_replay_B050__seed11
v018_core,results/runs/E13_CSE_DoS_prospective_random_naive_replay_B200_v018__NF-CICIDS2018-v3-DoS-Historical-Pilot-to-NF-CICIDS2018-v3-DoS-Emergence-Pilot__dos_goldeneye_first_family_emergence__cse_dos_random_naive_replay_B200__seed11,results/frozen/v018_core/runs/E13_CSE_DoS_prospective_random_naive_replay_B200_v018__cse_dos_random_naive_replay_B200__seed11
v018_core,results/runs/E13_CSE_DoS_prospective_random_source_anchored_B050_v018__NF-CICIDS2018-v3-DoS-Historical-Pilot-to-NF-CICIDS2018-v3-DoS-Emergence-Pilot__dos_goldeneye_first_family_emergence__cse_dos_random_source_anchored_B050__seed11,results/frozen/v018_core/runs/E13_CSE_DoS_prospective_random_source_anchored_B050_v018__cse_dos_random_source_anchored_B050__seed11
v018_core,results/runs/E13_CSE_DoS_prospective_random_source_anchored_B200_v018__NF-CICIDS2018-v3-DoS-Historical-Pilot-to-NF-CICIDS2018-v3-DoS-Emergence-Pilot__dos_goldeneye_first_family_emergence__cse_dos_random_source_anchored_B200__seed11,results/frozen/v018_core/runs/E13_CSE_DoS_prospective_random_source_anchored_B200_v018__cse_dos_random_source_anchored_B200__seed11
v018_core,results/runs/E13_CSE_DoS_prospective_ud_naive_replay_B050_v018__NF-CICIDS2018-v3-DoS-Historical-Pilot-to-NF-CICIDS2018-v3-DoS-Emergence-Pilot__dos_goldeneye_first_family_emergence__cse_dos_ud_naive_replay_B050__seed11,results/frozen/v018_core/runs/E13_CSE_DoS_prospective_ud_naive_replay_B050_v018__cse_dos_ud_naive_replay_B050__seed11
v018_core,results/runs/E13_CSE_DoS_prospective_ud_naive_replay_B200_v018__NF-CICIDS2018-v3-DoS-Historical-Pilot-to-NF-CICIDS2018-v3-DoS-Emergence-Pilot__dos_goldeneye_first_family_emergence__cse_dos_ud_naive_replay_B200__seed11,results/frozen/v018_core/runs/E13_CSE_DoS_prospective_ud_naive_replay_B200_v018__cse_dos_ud_naive_replay_B200__seed11
v018_core,results/runs/E13_CSE_DoS_prospective_ud_source_anchored_B050_v018__NF-CICIDS2018-v3-DoS-Historical-Pilot-to-NF-CICIDS2018-v3-DoS-Emergence-Pilot__dos_goldeneye_first_family_emergence__cse_dos_ud_source_anchored_B050__seed11,results/frozen/v018_core/runs/E13_CSE_DoS_prospective_ud_source_anchored_B050_v018__cse_dos_ud_source_anchored_B050__seed11
v018_core,results/runs/E13_CSE_DoS_prospective_ud_source_anchored_B200_v018__NF-CICIDS2018-v3-DoS-Historical-Pilot-to-NF-CICIDS2018-v3-DoS-Emergence-Pilot__dos_goldeneye_first_family_emergence__cse_dos_ud_source_anchored_B200__seed11,results/frozen/v018_core/runs/E13_CSE_DoS_prospective_ud_source_anchored_B200_v018__cse_dos_ud_source_anchored_B200__seed11
v018_core,results/runs/R18_CSE_DoS_guard_seed_robustness_s023__NF-CICIDS2018-v3-DoS-Historical-Pilot-to-NF-CICIDS2018-v3-DoS-Emergence-Pilot__dos_goldeneye_first_family_emergence__cse_dos_prototype_static_open_guard_safe__seed23,results/frozen/v018_core/runs/R18_CSE_DoS_guard_seed_robustness_s023__cse_dos_prototype_static_open_guard_safe__seed23
v018_core,results/runs/R18_CSE_DoS_guard_seed_robustness_s037__NF-CICIDS2018-v3-DoS-Historical-Pilot-to-NF-CICIDS2018-v3-DoS-Emergence-Pilot__dos_goldeneye_first_family_emergence__cse_dos_prototype_static_open_guard_safe__seed37,results/frozen/v018_core/runs/R18_CSE_DoS_guard_seed_robustness_s037__cse_dos_prototype_static_open_guard_safe__seed37
v018_core,results/runs/R18_CSE_DoS_guard_seed_robustness_s053__NF-CICIDS2018-v3-DoS-Historical-Pilot-to-NF-CICIDS2018-v3-DoS-Emergence-Pilot__dos_goldeneye_first_family_emergence__cse_dos_prototype_static_open_guard_safe__seed53,results/frozen/v018_core/runs/R18_CSE_DoS_guard_seed_robustness_s053__cse_dos_prototype_static_open_guard_safe__seed53
v018_core,results/runs/R18_CSE_DoS_guard_seed_robustness_s071__NF-CICIDS2018-v3-DoS-Historical-Pilot-to-NF-CICIDS2018-v3-DoS-Emergence-Pilot__dos_goldeneye_first_family_emergence__cse_dos_prototype_static_open_guard_safe__seed71,results/frozen/v018_core/runs/R18_CSE_DoS_guard_seed_robustness_s071__cse_dos_prototype_static_open_guard_safe__seed71
v018_core,results/runs/R18_CSE_DoS_guard_seed_robustness_s083__NF-CICIDS2018-v3-DoS-Historical-Pilot-to-NF-CICIDS2018-v3-DoS-Emergence-Pilot__dos_goldeneye_first_family_emergence__cse_dos_prototype_static_open_guard_safe__seed83,results/frozen/v018_core/runs/R18_CSE_DoS_guard_seed_robustness_s083__cse_dos_prototype_static_open_guard_safe__seed83
v018_core,results/runs/R18_CSE_DoS_guard_seed_robustness_s097__NF-CICIDS2018-v3-DoS-Historical-Pilot-to-NF-CICIDS2018-v3-DoS-Emergence-Pilot__dos_goldeneye_first_family_emergence__cse_dos_prototype_static_open_guard_safe__seed97,results/frozen/v018_core/runs/R18_CSE_DoS_guard_seed_robustness_s097__cse_dos_prototype_static_open_guard_safe__seed97
v018_core,results/runs/R18_CSE_DoS_guard_seed_robustness_s109__NF-CICIDS2018-v3-DoS-Historical-Pilot-to-NF-CICIDS2018-v3-DoS-Emergence-Pilot__dos_goldeneye_first_family_emergence__cse_dos_prototype_static_open_guard_safe__seed109,results/frozen/v018_core/runs/R18_CSE_DoS_guard_seed_robustness_s109__cse_dos_prototype_static_open_guard_safe__seed109
v018_core,results/runs/R18_CSE_DoS_guard_seed_robustness_s127__NF-CICIDS2018-v3-DoS-Historical-Pilot-to-NF-CICIDS2018-v3-DoS-Emergence-Pilot__dos_goldeneye_first_family_emergence__cse_dos_prototype_static_open_guard_safe__seed127,results/frozen/v018_core/runs/R18_CSE_DoS_guard_seed_robustness_s127__cse_dos_prototype_static_open_guard_safe__seed127
v018_core,results/runs/R18_CSE_DoS_guard_seed_robustness_s149__NF-CICIDS2018-v3-DoS-Historical-Pilot-to-NF-CICIDS2018-v3-DoS-Emergence-Pilot__dos_goldeneye_first_family_emergence__cse_dos_prototype_static_open_guard_safe__seed149,results/frozen/v018_core/runs/R18_CSE_DoS_guard_seed_robustness_s149__cse_dos_prototype_static_open_guard_safe__seed149
v018_core,results/runs/R18_CSE_Web_guard_seed_robustness_s023__NF-CICIDS2018-v3-Web-Attacks-Historical-Pilot-to-NF-CICIDS2018-v3-Web-Attacks-Emergence-Pilot__web_attacks_sparse_first_family_emergence__cse_web_prototype_static_open_guard_safe__seed23,results/frozen/v018_core/runs/R18_CSE_Web_guard_seed_robustness_s023__cse_web_prototype_static_open_guard_safe__seed23
v018_core,results/runs/R18_CSE_Web_guard_seed_robustness_s037__NF-CICIDS2018-v3-Web-Attacks-Historical-Pilot-to-NF-CICIDS2018-v3-Web-Attacks-Emergence-Pilot__web_attacks_sparse_first_family_emergence__cse_web_prototype_static_open_guard_safe__seed37,results/frozen/v018_core/runs/R18_CSE_Web_guard_seed_robustness_s037__cse_web_prototype_static_open_guard_safe__seed37
v018_core,results/runs/R18_CSE_Web_guard_seed_robustness_s053__NF-CICIDS2018-v3-Web-Attacks-Historical-Pilot-to-NF-CICIDS2018-v3-Web-Attacks-Emergence-Pilot__web_attacks_sparse_first_family_emergence__cse_web_prototype_static_open_guard_safe__seed53,results/frozen/v018_core/runs/R18_CSE_Web_guard_seed_robustness_s053__cse_web_prototype_static_open_guard_safe__seed53
v018_core,results/runs/R18_CSE_Web_guard_seed_robustness_s071__NF-CICIDS2018-v3-Web-Attacks-Historical-Pilot-to-NF-CICIDS2018-v3-Web-Attacks-Emergence-Pilot__web_attacks_sparse_first_family_emergence__cse_web_prototype_static_open_guard_safe__seed71,results/frozen/v018_core/runs/R18_CSE_Web_guard_seed_robustness_s071__cse_web_prototype_static_open_guard_safe__seed71
v018_core,results/runs/R18_CSE_Web_guard_seed_robustness_s083__NF-CICIDS2018-v3-Web-Attacks-Historical-Pilot-to-NF-CICIDS2018-v3-Web-Attacks-Emergence-Pilot__web_attacks_sparse_first_family_emergence__cse_web_prototype_static_open_guard_safe__seed83,results/frozen/v018_core/runs/R18_CSE_Web_guard_seed_robustness_s083__cse_web_prototype_static_open_guard_safe__seed83
v018_core,results/runs/R18_CSE_Web_guard_seed_robustness_s097__NF-CICIDS2018-v3-Web-Attacks-Historical-Pilot-to-NF-CICIDS2018-v3-Web-Attacks-Emergence-Pilot__web_attacks_sparse_first_family_emergence__cse_web_prototype_static_open_guard_safe__seed97,results/frozen/v018_core/runs/R18_CSE_Web_guard_seed_robustness_s097__cse_web_prototype_static_open_guard_safe__seed97
v018_core,results/runs/R18_CSE_Web_guard_seed_robustness_s109__NF-CICIDS2018-v3-Web-Attacks-Historical-Pilot-to-NF-CICIDS2018-v3-Web-Attacks-Emergence-Pilot__web_attacks_sparse_first_family_emergence__cse_web_prototype_static_open_guard_safe__seed109,results/frozen/v018_core/runs/R18_CSE_Web_guard_seed_robustness_s109__cse_web_prototype_static_open_guard_safe__seed109
v018_core,results/runs/R18_CSE_Web_guard_seed_robustness_s149__NF-CICIDS2018-v3-Web-Attacks-Historical-Pilot-to-NF-CICIDS2018-v3-Web-Attacks-Emergence-Pilot__web_attacks_sparse_first_family_emergence__cse_web_prototype_static_open_guard_safe__seed149,results/frozen/v018_core/runs/R18_CSE_Web_guard_seed_robustness_s149__cse_web_prototype_static_open_guard_safe__seed149
v018_core,results/runs/R19_DoS_s023_RA200__NF-CICIDS2018-v3-DoS-Historical-Pilot-to-NF-CICIDS2018-v3-DoS-Emergence-Pilot__dos_goldeneye_first_family_emergence__cse_dos_random_source_anchored_B200__seed23,results/frozen/v018_core/runs/R19_DoS_s023_RA200__cse_dos_random_source_anchored_B200__seed23
v018_core,results/runs/R19_DoS_s023_RA50__NF-CICIDS2018-v3-DoS-Historical-Pilot-to-NF-CICIDS2018-v3-DoS-Emergence-Pilot__dos_goldeneye_first_family_emergence__cse_dos_random_source_anchored_B050__seed23,results/frozen/v018_core/runs/R19_DoS_s023_RA50__cse_dos_random_source_anchored_B050__seed23
v018_core,results/runs/R19_DoS_s023_RN200__NF-CICIDS2018-v3-DoS-Historical-Pilot-to-NF-CICIDS2018-v3-DoS-Emergence-Pilot__dos_goldeneye_first_family_emergence__cse_dos_random_naive_replay_B200__seed23,results/frozen/v018_core/runs/R19_DoS_s023_RN200__cse_dos_random_naive_replay_B200__seed23
v018_core,results/runs/R19_DoS_s023_RN50__NF-CICIDS2018-v3-DoS-Historical-Pilot-to-NF-CICIDS2018-v3-DoS-Emergence-Pilot__dos_goldeneye_first_family_emergence__cse_dos_random_naive_replay_B050__seed23,results/frozen/v018_core/runs/R19_DoS_s023_RN50__cse_dos_random_naive_replay_B050__seed23
v018_core,results/runs/R19_DoS_s023_UA200__NF-CICIDS2018-v3-DoS-Historical-Pilot-to-NF-CICIDS2018-v3-DoS-Emergence-Pilot__dos_goldeneye_first_family_emergence__cse_dos_ud_source_anchored_B200__seed23,results/frozen/v018_core/runs/R19_DoS_s023_UA200__cse_dos_ud_source_anchored_B200__seed23
v018_core,results/runs/R19_DoS_s023_UA50__NF-CICIDS2018-v3-DoS-Historical-Pilot-to-NF-CICIDS2018-v3-DoS-Emergence-Pilot__dos_goldeneye_first_family_emergence__cse_dos_ud_source_anchored_B050__seed23,results/frozen/v018_core/runs/R19_DoS_s023_UA50__cse_dos_ud_source_anchored_B050__seed23
v018_core,results/runs/R19_DoS_s023_UN200__NF-CICIDS2018-v3-DoS-Historical-Pilot-to-NF-CICIDS2018-v3-DoS-Emergence-Pilot__dos_goldeneye_first_family_emergence__cse_dos_ud_naive_replay_B200__seed23,results/frozen/v018_core/runs/R19_DoS_s023_UN200__cse_dos_ud_naive_replay_B200__seed23
v018_core,results/runs/R19_DoS_s023_UN50__NF-CICIDS2018-v3-DoS-Historical-Pilot-to-NF-CICIDS2018-v3-DoS-Emergence-Pilot__dos_goldeneye_first_family_emergence__cse_dos_ud_naive_replay_B050__seed23,results/frozen/v018_core/runs/R19_DoS_s023_UN50__cse_dos_ud_naive_replay_B050__seed23
v018_core,results/runs/R19_DoS_s037_RA200__NF-CICIDS2018-v3-DoS-Historical-Pilot-to-NF-CICIDS2018-v3-DoS-Emergence-Pilot__dos_goldeneye_first_family_emergence__cse_dos_random_source_anchored_B200__seed37,results/frozen/v018_core/runs/R19_DoS_s037_RA200__cse_dos_random_source_anchored_B200__seed37
v018_core,results/runs/R19_DoS_s037_RA50__NF-CICIDS2018-v3-DoS-Historical-Pilot-to-NF-CICIDS2018-v3-DoS-Emergence-Pilot__dos_goldeneye_first_family_emergence__cse_dos_random_source_anchored_B050__seed37,results/frozen/v018_core/runs/R19_DoS_s037_RA50__cse_dos_random_source_anchored_B050__seed37
v018_core,results/runs/R19_DoS_s037_RN200__NF-CICIDS2018-v3-DoS-Historical-Pilot-to-NF-CICIDS2018-v3-DoS-Emergence-Pilot__dos_goldeneye_first_family_emergence__cse_dos_random_naive_replay_B200__seed37,results/frozen/v018_core/runs/R19_DoS_s037_RN200__cse_dos_random_naive_replay_B200__seed37
v018_core,results/runs/R19_DoS_s037_RN50__NF-CICIDS2018-v3-DoS-Historical-Pilot-to-NF-CICIDS2018-v3-DoS-Emergence-Pilot__dos_goldeneye_first_family_emergence__cse_dos_random_naive_replay_B050__seed37,results/frozen/v018_core/runs/R19_DoS_s037_RN50__cse_dos_random_naive_replay_B050__seed37
v018_core,results/runs/R19_DoS_s037_UA200__NF-CICIDS2018-v3-DoS-Historical-Pilot-to-NF-CICIDS2018-v3-DoS-Emergence-Pilot__dos_goldeneye_first_family_emergence__cse_dos_ud_source_anchored_B200__seed37,results/frozen/v018_core/runs/R19_DoS_s037_UA200__cse_dos_ud_source_anchored_B200__seed37
v018_core,results/runs/R19_DoS_s037_UA50__NF-CICIDS2018-v3-DoS-Historical-Pilot-to-NF-CICIDS2018-v3-DoS-Emergence-Pilot__dos_goldeneye_first_family_emergence__cse_dos_ud_source_anchored_B050__seed37,results/frozen/v018_core/runs/R19_DoS_s037_UA50__cse_dos_ud_source_anchored_B050__seed37
v018_core,results/runs/R19_DoS_s037_UN200__NF-CICIDS2018-v3-DoS-Historical-Pilot-to-NF-CICIDS2018-v3-DoS-Emergence-Pilot__dos_goldeneye_first_family_emergence__cse_dos_ud_naive_replay_B200__seed37,results/frozen/v018_core/runs/R19_DoS_s037_UN200__cse_dos_ud_naive_replay_B200__seed37
v018_core,results/runs/R19_DoS_s037_UN50__NF-CICIDS2018-v3-DoS-Historical-Pilot-to-NF-CICIDS2018-v3-DoS-Emergence-Pilot__dos_goldeneye_first_family_emergence__cse_dos_ud_naive_replay_B050__seed37,results/frozen/v018_core/runs/R19_DoS_s037_UN50__cse_dos_ud_naive_replay_B050__seed37
v018_core,results/runs/R19_DoS_s053_RA200__NF-CICIDS2018-v3-DoS-Historical-Pilot-to-NF-CICIDS2018-v3-DoS-Emergence-Pilot__dos_goldeneye_first_family_emergence__cse_dos_random_source_anchored_B200__seed53,results/frozen/v018_core/runs/R19_DoS_s053_RA200__cse_dos_random_source_anchored_B200__seed53
v018_core,results/runs/R19_DoS_s053_RA50__NF-CICIDS2018-v3-DoS-Historical-Pilot-to-NF-CICIDS2018-v3-DoS-Emergence-Pilot__dos_goldeneye_first_family_emergence__cse_dos_random_source_anchored_B050__seed53,results/frozen/v018_core/runs/R19_DoS_s053_RA50__cse_dos_random_source_anchored_B050__seed53
v018_core,results/runs/R19_DoS_s053_RN200__NF-CICIDS2018-v3-DoS-Historical-Pilot-to-NF-CICIDS2018-v3-DoS-Emergence-Pilot__dos_goldeneye_first_family_emergence__cse_dos_random_naive_replay_B200__seed53,results/frozen/v018_core/runs/R19_DoS_s053_RN200__cse_dos_random_naive_replay_B200__seed53
v018_core,results/runs/R19_DoS_s053_RN50__NF-CICIDS2018-v3-DoS-Historical-Pilot-to-NF-CICIDS2018-v3-DoS-Emergence-Pilot__dos_goldeneye_first_family_emergence__cse_dos_random_naive_replay_B050__seed53,results/frozen/v018_core/runs/R19_DoS_s053_RN50__cse_dos_random_naive_replay_B050__seed53
v018_core,results/runs/R19_DoS_s053_UA200__NF-CICIDS2018-v3-DoS-Historical-Pilot-to-NF-CICIDS2018-v3-DoS-Emergence-Pilot__dos_goldeneye_first_family_emergence__cse_dos_ud_source_anchored_B200__seed53,results/frozen/v018_core/runs/R19_DoS_s053_UA200__cse_dos_ud_source_anchored_B200__seed53
v018_core,results/runs/R19_DoS_s053_UA50__NF-CICIDS2018-v3-DoS-Historical-Pilot-to-NF-CICIDS2018-v3-DoS-Emergence-Pilot__dos_goldeneye_first_family_emergence__cse_dos_ud_source_anchored_B050__seed53,results/frozen/v018_core/runs/R19_DoS_s053_UA50__cse_dos_ud_source_anchored_B050__seed53
v018_core,results/runs/R19_DoS_s053_UN200__NF-CICIDS2018-v3-DoS-Historical-Pilot-to-NF-CICIDS2018-v3-DoS-Emergence-Pilot__dos_goldeneye_first_family_emergence__cse_dos_ud_naive_replay_B200__seed53,results/frozen/v018_core/runs/R19_DoS_s053_UN200__cse_dos_ud_naive_replay_B200__seed53
v018_core,results/runs/R19_DoS_s053_UN50__NF-CICIDS2018-v3-DoS-Historical-Pilot-to-NF-CICIDS2018-v3-DoS-Emergence-Pilot__dos_goldeneye_first_family_emergence__cse_dos_ud_naive_replay_B050__seed53,results/frozen/v018_core/runs/R19_DoS_s053_UN50__cse_dos_ud_naive_replay_B050__seed53
v018_core,results/runs/R19_DoS_s071_RA200__NF-CICIDS2018-v3-DoS-Historical-Pilot-to-NF-CICIDS2018-v3-DoS-Emergence-Pilot__dos_goldeneye_first_family_emergence__cse_dos_random_source_anchored_B200__seed71,results/frozen/v018_core/runs/R19_DoS_s071_RA200__cse_dos_random_source_anchored_B200__seed71
v018_core,results/runs/R19_DoS_s071_RA50__NF-CICIDS2018-v3-DoS-Historical-Pilot-to-NF-CICIDS2018-v3-DoS-Emergence-Pilot__dos_goldeneye_first_family_emergence__cse_dos_random_source_anchored_B050__seed71,results/frozen/v018_core/runs/R19_DoS_s071_RA50__cse_dos_random_source_anchored_B050__seed71
v018_core,results/runs/R19_DoS_s071_RN200__NF-CICIDS2018-v3-DoS-Historical-Pilot-to-NF-CICIDS2018-v3-DoS-Emergence-Pilot__dos_goldeneye_first_family_emergence__cse_dos_random_naive_replay_B200__seed71,results/frozen/v018_core/runs/R19_DoS_s071_RN200__cse_dos_random_naive_replay_B200__seed71
v018_core,results/runs/R19_DoS_s071_RN50__NF-CICIDS2018-v3-DoS-Historical-Pilot-to-NF-CICIDS2018-v3-DoS-Emergence-Pilot__dos_goldeneye_first_family_emergence__cse_dos_random_naive_replay_B050__seed71,results/frozen/v018_core/runs/R19_DoS_s071_RN50__cse_dos_random_naive_replay_B050__seed71
v018_core,results/runs/R19_DoS_s071_UA200__NF-CICIDS2018-v3-DoS-Historical-Pilot-to-NF-CICIDS2018-v3-DoS-Emergence-Pilot__dos_goldeneye_first_family_emergence__cse_dos_ud_source_anchored_B200__seed71,results/frozen/v018_core/runs/R19_DoS_s071_UA200__cse_dos_ud_source_anchored_B200__seed71
v018_core,results/runs/R19_DoS_s071_UA50__NF-CICIDS2018-v3-DoS-Historical-Pilot-to-NF-CICIDS2018-v3-DoS-Emergence-Pilot__dos_goldeneye_first_family_emergence__cse_dos_ud_source_anchored_B050__seed71,results/frozen/v018_core/runs/R19_DoS_s071_UA50__cse_dos_ud_source_anchored_B050__seed71
v018_core,results/runs/R19_DoS_s071_UN200__NF-CICIDS2018-v3-DoS-Historical-Pilot-to-NF-CICIDS2018-v3-DoS-Emergence-Pilot__dos_goldeneye_first_family_emergence__cse_dos_ud_naive_replay_B200__seed71,results/frozen/v018_core/runs/R19_DoS_s071_UN200__cse_dos_ud_naive_replay_B200__seed71
v018_core,results/runs/R19_DoS_s071_UN50__NF-CICIDS2018-v3-DoS-Historical-Pilot-to-NF-CICIDS2018-v3-DoS-Emergence-Pilot__dos_goldeneye_first_family_emergence__cse_dos_ud_naive_replay_B050__seed71,results/frozen/v018_core/runs/R19_DoS_s071_UN50__cse_dos_ud_naive_replay_B050__seed71
v018_core,results/runs/R19_DoS_s083_RA200__NF-CICIDS2018-v3-DoS-Historical-Pilot-to-NF-CICIDS2018-v3-DoS-Emergence-Pilot__dos_goldeneye_first_family_emergence__cse_dos_random_source_anchored_B200__seed83,results/frozen/v018_core/runs/R19_DoS_s083_RA200__cse_dos_random_source_anchored_B200__seed83
v018_core,results/runs/R19_DoS_s083_RA50__NF-CICIDS2018-v3-DoS-Historical-Pilot-to-NF-CICIDS2018-v3-DoS-Emergence-Pilot__dos_goldeneye_first_family_emergence__cse_dos_random_source_anchored_B050__seed83,results/frozen/v018_core/runs/R19_DoS_s083_RA50__cse_dos_random_source_anchored_B050__seed83
v018_core,results/runs/R19_DoS_s083_RN200__NF-CICIDS2018-v3-DoS-Historical-Pilot-to-NF-CICIDS2018-v3-DoS-Emergence-Pilot__dos_goldeneye_first_family_emergence__cse_dos_random_naive_replay_B200__seed83,results/frozen/v018_core/runs/R19_DoS_s083_RN200__cse_dos_random_naive_replay_B200__seed83
v018_core,results/runs/R19_DoS_s083_RN50__NF-CICIDS2018-v3-DoS-Historical-Pilot-to-NF-CICIDS2018-v3-DoS-Emergence-Pilot__dos_goldeneye_first_family_emergence__cse_dos_random_naive_replay_B050__seed83,results/frozen/v018_core/runs/R19_DoS_s083_RN50__cse_dos_random_naive_replay_B050__seed83
v018_core,results/runs/R19_DoS_s083_UA200__NF-CICIDS2018-v3-DoS-Historical-Pilot-to-NF-CICIDS2018-v3-DoS-Emergence-Pilot__dos_goldeneye_first_family_emergence__cse_dos_ud_source_anchored_B200__seed83,results/frozen/v018_core/runs/R19_DoS_s083_UA200__cse_dos_ud_source_anchored_B200__seed83
v018_core,results/runs/R19_DoS_s083_UA50__NF-CICIDS2018-v3-DoS-Historical-Pilot-to-NF-CICIDS2018-v3-DoS-Emergence-Pilot__dos_goldeneye_first_family_emergence__cse_dos_ud_source_anchored_B050__seed83,results/frozen/v018_core/runs/R19_DoS_s083_UA50__cse_dos_ud_source_anchored_B050__seed83
v018_core,results/runs/R19_DoS_s083_UN200__NF-CICIDS2018-v3-DoS-Historical-Pilot-to-NF-CICIDS2018-v3-DoS-Emergence-Pilot__dos_goldeneye_first_family_emergence__cse_dos_ud_naive_replay_B200__seed83,results/frozen/v018_core/runs/R19_DoS_s083_UN200__cse_dos_ud_naive_replay_B200__seed83
v018_core,results/runs/R19_DoS_s083_UN50__NF-CICIDS2018-v3-DoS-Historical-Pilot-to-NF-CICIDS2018-v3-DoS-Emergence-Pilot__dos_goldeneye_first_family_emergence__cse_dos_ud_naive_replay_B050__seed83,results/frozen/v018_core/runs/R19_DoS_s083_UN50__cse_dos_ud_naive_replay_B050__seed83
v018_core,results/runs/R19_DoS_s097_RA200__NF-CICIDS2018-v3-DoS-Historical-Pilot-to-NF-CICIDS2018-v3-DoS-Emergence-Pilot__dos_goldeneye_first_family_emergence__cse_dos_random_source_anchored_B200__seed97,results/frozen/v018_core/runs/R19_DoS_s097_RA200__cse_dos_random_source_anchored_B200__seed97
v018_core,results/runs/R19_DoS_s097_RA50__NF-CICIDS2018-v3-DoS-Historical-Pilot-to-NF-CICIDS2018-v3-DoS-Emergence-Pilot__dos_goldeneye_first_family_emergence__cse_dos_random_source_anchored_B050__seed97,results/frozen/v018_core/runs/R19_DoS_s097_RA50__cse_dos_random_source_anchored_B050__seed97
v018_core,results/runs/R19_DoS_s097_RN200__NF-CICIDS2018-v3-DoS-Historical-Pilot-to-NF-CICIDS2018-v3-DoS-Emergence-Pilot__dos_goldeneye_first_family_emergence__cse_dos_random_naive_replay_B200__seed97,results/frozen/v018_core/runs/R19_DoS_s097_RN200__cse_dos_random_naive_replay_B200__seed97
v018_core,results/runs/R19_DoS_s097_RN50__NF-CICIDS2018-v3-DoS-Historical-Pilot-to-NF-CICIDS2018-v3-DoS-Emergence-Pilot__dos_goldeneye_first_family_emergence__cse_dos_random_naive_replay_B050__seed97,results/frozen/v018_core/runs/R19_DoS_s097_RN50__cse_dos_random_naive_replay_B050__seed97
v018_core,results/runs/R19_DoS_s097_UA200__NF-CICIDS2018-v3-DoS-Historical-Pilot-to-NF-CICIDS2018-v3-DoS-Emergence-Pilot__dos_goldeneye_first_family_emergence__cse_dos_ud_source_anchored_B200__seed97,results/frozen/v018_core/runs/R19_DoS_s097_UA200__cse_dos_ud_source_anchored_B200__seed97
v018_core,results/runs/R19_DoS_s097_UA50__NF-CICIDS2018-v3-DoS-Historical-Pilot-to-NF-CICIDS2018-v3-DoS-Emergence-Pilot__dos_goldeneye_first_family_emergence__cse_dos_ud_source_anchored_B050__seed97,results/frozen/v018_core/runs/R19_DoS_s097_UA50__cse_dos_ud_source_anchored_B050__seed97
v018_core,results/runs/R19_DoS_s097_UN200__NF-CICIDS2018-v3-DoS-Historical-Pilot-to-NF-CICIDS2018-v3-DoS-Emergence-Pilot__dos_goldeneye_first_family_emergence__cse_dos_ud_naive_replay_B200__seed97,results/frozen/v018_core/runs/R19_DoS_s097_UN200__cse_dos_ud_naive_replay_B200__seed97
v018_core,results/runs/R19_DoS_s097_UN50__NF-CICIDS2018-v3-DoS-Historical-Pilot-to-NF-CICIDS2018-v3-DoS-Emergence-Pilot__dos_goldeneye_first_family_emergence__cse_dos_ud_naive_replay_B050__seed97,results/frozen/v018_core/runs/R19_DoS_s097_UN50__cse_dos_ud_naive_replay_B050__seed97
v018_core,results/runs/R19_DoS_s109_RA200__NF-CICIDS2018-v3-DoS-Historical-Pilot-to-NF-CICIDS2018-v3-DoS-Emergence-Pilot__dos_goldeneye_first_family_emergence__cse_dos_random_source_anchored_B200__seed109,results/frozen/v018_core/runs/R19_DoS_s109_RA200__cse_dos_random_source_anchored_B200__seed109
v018_core,results/runs/R19_DoS_s109_RA50__NF-CICIDS2018-v3-DoS-Historical-Pilot-to-NF-CICIDS2018-v3-DoS-Emergence-Pilot__dos_goldeneye_first_family_emergence__cse_dos_random_source_anchored_B050__seed109,results/frozen/v018_core/runs/R19_DoS_s109_RA50__cse_dos_random_source_anchored_B050__seed109
v018_core,results/runs/R19_DoS_s109_RN200__NF-CICIDS2018-v3-DoS-Historical-Pilot-to-NF-CICIDS2018-v3-DoS-Emergence-Pilot__dos_goldeneye_first_family_emergence__cse_dos_random_naive_replay_B200__seed109,results/frozen/v018_core/runs/R19_DoS_s109_RN200__cse_dos_random_naive_replay_B200__seed109
v018_core,results/runs/R19_DoS_s109_RN50__NF-CICIDS2018-v3-DoS-Historical-Pilot-to-NF-CICIDS2018-v3-DoS-Emergence-Pilot__dos_goldeneye_first_family_emergence__cse_dos_random_naive_replay_B050__seed109,results/frozen/v018_core/runs/R19_DoS_s109_RN50__cse_dos_random_naive_replay_B050__seed109
v018_core,results/runs/R19_DoS_s109_UA200__NF-CICIDS2018-v3-DoS-Historical-Pilot-to-NF-CICIDS2018-v3-DoS-Emergence-Pilot__dos_goldeneye_first_family_emergence__cse_dos_ud_source_anchored_B200__seed109,results/frozen/v018_core/runs/R19_DoS_s109_UA200__cse_dos_ud_source_anchored_B200__seed109
v018_core,results/runs/R19_DoS_s109_UA50__NF-CICIDS2018-v3-DoS-Historical-Pilot-to-NF-CICIDS2018-v3-DoS-Emergence-Pilot__dos_goldeneye_first_family_emergence__cse_dos_ud_source_anchored_B050__seed109,results/frozen/v018_core/runs/R19_DoS_s109_UA50__cse_dos_ud_source_anchored_B050__seed109
v018_core,results/runs/R19_DoS_s109_UN200__NF-CICIDS2018-v3-DoS-Historical-Pilot-to-NF-CICIDS2018-v3-DoS-Emergence-Pilot__dos_goldeneye_first_family_emergence__cse_dos_ud_naive_replay_B200__seed109,results/frozen/v018_core/runs/R19_DoS_s109_UN200__cse_dos_ud_naive_replay_B200__seed109
v018_core,results/runs/R19_DoS_s109_UN50__NF-CICIDS2018-v3-DoS-Historical-Pilot-to-NF-CICIDS2018-v3-DoS-Emergence-Pilot__dos_goldeneye_first_family_emergence__cse_dos_ud_naive_replay_B050__seed109,results/frozen/v018_core/runs/R19_DoS_s109_UN50__cse_dos_ud_naive_replay_B050__seed109
v018_core,results/runs/R19_DoS_s127_RA200__NF-CICIDS2018-v3-DoS-Historical-Pilot-to-NF-CICIDS2018-v3-DoS-Emergence-Pilot__dos_goldeneye_first_family_emergence__cse_dos_random_source_anchored_B200__seed127,results/frozen/v018_core/runs/R19_DoS_s127_RA200__cse_dos_random_source_anchored_B200__seed127
v018_core,results/runs/R19_DoS_s127_RA50__NF-CICIDS2018-v3-DoS-Historical-Pilot-to-NF-CICIDS2018-v3-DoS-Emergence-Pilot__dos_goldeneye_first_family_emergence__cse_dos_random_source_anchored_B050__seed127,results/frozen/v018_core/runs/R19_DoS_s127_RA50__cse_dos_random_source_anchored_B050__seed127
v018_core,results/runs/R19_DoS_s127_RN200__NF-CICIDS2018-v3-DoS-Historical-Pilot-to-NF-CICIDS2018-v3-DoS-Emergence-Pilot__dos_goldeneye_first_family_emergence__cse_dos_random_naive_replay_B200__seed127,results/frozen/v018_core/runs/R19_DoS_s127_RN200__cse_dos_random_naive_replay_B200__seed127
v018_core,results/runs/R19_DoS_s127_RN50__NF-CICIDS2018-v3-DoS-Historical-Pilot-to-NF-CICIDS2018-v3-DoS-Emergence-Pilot__dos_goldeneye_first_family_emergence__cse_dos_random_naive_replay_B050__seed127,results/frozen/v018_core/runs/R19_DoS_s127_RN50__cse_dos_random_naive_replay_B050__seed127
v018_core,results/runs/R19_DoS_s127_UA200__NF-CICIDS2018-v3-DoS-Historical-Pilot-to-NF-CICIDS2018-v3-DoS-Emergence-Pilot__dos_goldeneye_first_family_emergence__cse_dos_ud_source_anchored_B200__seed127,results/frozen/v018_core/runs/R19_DoS_s127_UA200__cse_dos_ud_source_anchored_B200__seed127
v018_core,results/runs/R19_DoS_s127_UA50__NF-CICIDS2018-v3-DoS-Historical-Pilot-to-NF-CICIDS2018-v3-DoS-Emergence-Pilot__dos_goldeneye_first_family_emergence__cse_dos_ud_source_anchored_B050__seed127,results/frozen/v018_core/runs/R19_DoS_s127_UA50__cse_dos_ud_source_anchored_B050__seed127
v018_core,results/runs/R19_DoS_s127_UN200__NF-CICIDS2018-v3-DoS-Historical-Pilot-to-NF-CICIDS2018-v3-DoS-Emergence-Pilot__dos_goldeneye_first_family_emergence__cse_dos_ud_naive_replay_B200__seed127,results/frozen/v018_core/runs/R19_DoS_s127_UN200__cse_dos_ud_naive_replay_B200__seed127
v018_core,results/runs/R19_DoS_s127_UN50__NF-CICIDS2018-v3-DoS-Historical-Pilot-to-NF-CICIDS2018-v3-DoS-Emergence-Pilot__dos_goldeneye_first_family_emergence__cse_dos_ud_naive_replay_B050__seed127,results/frozen/v018_core/runs/R19_DoS_s127_UN50__cse_dos_ud_naive_replay_B050__seed127
v018_core,results/runs/R19_DoS_s149_RA200__NF-CICIDS2018-v3-DoS-Historical-Pilot-to-NF-CICIDS2018-v3-DoS-Emergence-Pilot__dos_goldeneye_first_family_emergence__cse_dos_random_source_anchored_B200__seed149,results/frozen/v018_core/runs/R19_DoS_s149_RA200__cse_dos_random_source_anchored_B200__seed149
v018_core,results/runs/R19_DoS_s149_RA50__NF-CICIDS2018-v3-DoS-Historical-Pilot-to-NF-CICIDS2018-v3-DoS-Emergence-Pilot__dos_goldeneye_first_family_emergence__cse_dos_random_source_anchored_B050__seed149,results/frozen/v018_core/runs/R19_DoS_s149_RA50__cse_dos_random_source_anchored_B050__seed149
v018_core,results/runs/R19_DoS_s149_RN200__NF-CICIDS2018-v3-DoS-Historical-Pilot-to-NF-CICIDS2018-v3-DoS-Emergence-Pilot__dos_goldeneye_first_family_emergence__cse_dos_random_naive_replay_B200__seed149,results/frozen/v018_core/runs/R19_DoS_s149_RN200__cse_dos_random_naive_replay_B200__seed149
v018_core,results/runs/R19_DoS_s149_RN50__NF-CICIDS2018-v3-DoS-Historical-Pilot-to-NF-CICIDS2018-v3-DoS-Emergence-Pilot__dos_goldeneye_first_family_emergence__cse_dos_random_naive_replay_B050__seed149,results/frozen/v018_core/runs/R19_DoS_s149_RN50__cse_dos_random_naive_replay_B050__seed149
v018_core,results/runs/R19_DoS_s149_UA200__NF-CICIDS2018-v3-DoS-Historical-Pilot-to-NF-CICIDS2018-v3-DoS-Emergence-Pilot__dos_goldeneye_first_family_emergence__cse_dos_ud_source_anchored_B200__seed149,results/frozen/v018_core/runs/R19_DoS_s149_UA200__cse_dos_ud_source_anchored_B200__seed149
v018_core,results/runs/R19_DoS_s149_UA50__NF-CICIDS2018-v3-DoS-Historical-Pilot-to-NF-CICIDS2018-v3-DoS-Emergence-Pilot__dos_goldeneye_first_family_emergence__cse_dos_ud_source_anchored_B050__seed149,results/frozen/v018_core/runs/R19_DoS_s149_UA50__cse_dos_ud_source_anchored_B050__seed149
v018_core,results/runs/R19_DoS_s149_UN200__NF-CICIDS2018-v3-DoS-Historical-Pilot-to-NF-CICIDS2018-v3-DoS-Emergence-Pilot__dos_goldeneye_first_family_emergence__cse_dos_ud_naive_replay_B200__seed149,results/frozen/v018_core/runs/R19_DoS_s149_UN200__cse_dos_ud_naive_replay_B200__seed149
v018_core,results/runs/R19_DoS_s149_UN50__NF-CICIDS2018-v3-DoS-Historical-Pilot-to-NF-CICIDS2018-v3-DoS-Emergence-Pilot__dos_goldeneye_first_family_emergence__cse_dos_ud_naive_replay_B050__seed149,results/frozen/v018_core/runs/R19_DoS_s149_UN50__cse_dos_ud_naive_replay_B050__seed149
v018_core,results/runs/R20_DoS_random_query_seed_q023_B050__NF-CICIDS2018-v3-DoS-Historical-Pilot-to-NF-CICIDS2018-v3-DoS-Emergence-Pilot__dos_goldeneye_first_family_emergence__cse_dos_random_naive_replay_B050__seed11,results/frozen/v018_core/runs/R20_DoS_random_query_seed_q023_B050__cse_dos_random_naive_replay_B050__seed11
v018_core,results/runs/R20_DoS_random_query_seed_q023_B200__NF-CICIDS2018-v3-DoS-Historical-Pilot-to-NF-CICIDS2018-v3-DoS-Emergence-Pilot__dos_goldeneye_first_family_emergence__cse_dos_random_naive_replay_B200__seed11,results/frozen/v018_core/runs/R20_DoS_random_query_seed_q023_B200__cse_dos_random_naive_replay_B200__seed11
v018_core,results/runs/R20_DoS_random_query_seed_q037_B050__NF-CICIDS2018-v3-DoS-Historical-Pilot-to-NF-CICIDS2018-v3-DoS-Emergence-Pilot__dos_goldeneye_first_family_emergence__cse_dos_random_naive_replay_B050__seed11,results/frozen/v018_core/runs/R20_DoS_random_query_seed_q037_B050__cse_dos_random_naive_replay_B050__seed11
v018_core,results/runs/R20_DoS_random_query_seed_q037_B200__NF-CICIDS2018-v3-DoS-Historical-Pilot-to-NF-CICIDS2018-v3-DoS-Emergence-Pilot__dos_goldeneye_first_family_emergence__cse_dos_random_naive_replay_B200__seed11,results/frozen/v018_core/runs/R20_DoS_random_query_seed_q037_B200__cse_dos_random_naive_replay_B200__seed11
v018_core,results/runs/R20_DoS_random_query_seed_q053_B050__NF-CICIDS2018-v3-DoS-Historical-Pilot-to-NF-CICIDS2018-v3-DoS-Emergence-Pilot__dos_goldeneye_first_family_emergence__cse_dos_random_naive_replay_B050__seed11,results/frozen/v018_core/runs/R20_DoS_random_query_seed_q053_B050__cse_dos_random_naive_replay_B050__seed11
v018_core,results/runs/R20_DoS_random_query_seed_q053_B200__NF-CICIDS2018-v3-DoS-Historical-Pilot-to-NF-CICIDS2018-v3-DoS-Emergence-Pilot__dos_goldeneye_first_family_emergence__cse_dos_random_naive_replay_B200__seed11,results/frozen/v018_core/runs/R20_DoS_random_query_seed_q053_B200__cse_dos_random_naive_replay_B200__seed11
v018_core,results/runs/R20_DoS_random_query_seed_q071_B050__NF-CICIDS2018-v3-DoS-Historical-Pilot-to-NF-CICIDS2018-v3-DoS-Emergence-Pilot__dos_goldeneye_first_family_emergence__cse_dos_random_naive_replay_B050__seed11,results/frozen/v018_core/runs/R20_DoS_random_query_seed_q071_B050__cse_dos_random_naive_replay_B050__seed11
v018_core,results/runs/R20_DoS_random_query_seed_q071_B200__NF-CICIDS2018-v3-DoS-Historical-Pilot-to-NF-CICIDS2018-v3-DoS-Emergence-Pilot__dos_goldeneye_first_family_emergence__cse_dos_random_naive_replay_B200__seed11,results/frozen/v018_core/runs/R20_DoS_random_query_seed_q071_B200__cse_dos_random_naive_replay_B200__seed11
v018_core,results/runs/R20_DoS_random_query_seed_q083_B050__NF-CICIDS2018-v3-DoS-Historical-Pilot-to-NF-CICIDS2018-v3-DoS-Emergence-Pilot__dos_goldeneye_first_family_emergence__cse_dos_random_naive_replay_B050__seed11,results/frozen/v018_core/runs/R20_DoS_random_query_seed_q083_B050__cse_dos_random_naive_replay_B050__seed11
v018_core,results/runs/R20_DoS_random_query_seed_q083_B200__NF-CICIDS2018-v3-DoS-Historical-Pilot-to-NF-CICIDS2018-v3-DoS-Emergence-Pilot__dos_goldeneye_first_family_emergence__cse_dos_random_naive_replay_B200__seed11,results/frozen/v018_core/runs/R20_DoS_random_query_seed_q083_B200__cse_dos_random_naive_replay_B200__seed11
v018_core,results/runs/R20_DoS_random_query_seed_q097_B050__NF-CICIDS2018-v3-DoS-Historical-Pilot-to-NF-CICIDS2018-v3-DoS-Emergence-Pilot__dos_goldeneye_first_family_emergence__cse_dos_random_naive_replay_B050__seed11,results/frozen/v018_core/runs/R20_DoS_random_query_seed_q097_B050__cse_dos_random_naive_replay_B050__seed11
v018_core,results/runs/R20_DoS_random_query_seed_q097_B200__NF-CICIDS2018-v3-DoS-Historical-Pilot-to-NF-CICIDS2018-v3-DoS-Emergence-Pilot__dos_goldeneye_first_family_emergence__cse_dos_random_naive_replay_B200__seed11,results/frozen/v018_core/runs/R20_DoS_random_query_seed_q097_B200__cse_dos_random_naive_replay_B200__seed11
v018_core,results/runs/R20_DoS_random_query_seed_q109_B050__NF-CICIDS2018-v3-DoS-Historical-Pilot-to-NF-CICIDS2018-v3-DoS-Emergence-Pilot__dos_goldeneye_first_family_emergence__cse_dos_random_naive_replay_B050__seed11,results/frozen/v018_core/runs/R20_DoS_random_query_seed_q109_B050__cse_dos_random_naive_replay_B050__seed11
v018_core,results/runs/R20_DoS_random_query_seed_q109_B200__NF-CICIDS2018-v3-DoS-Historical-Pilot-to-NF-CICIDS2018-v3-DoS-Emergence-Pilot__dos_goldeneye_first_family_emergence__cse_dos_random_naive_replay_B200__seed11,results/frozen/v018_core/runs/R20_DoS_random_query_seed_q109_B200__cse_dos_random_naive_replay_B200__seed11
v018_core,results/runs/R20_DoS_random_query_seed_q127_B050__NF-CICIDS2018-v3-DoS-Historical-Pilot-to-NF-CICIDS2018-v3-DoS-Emergence-Pilot__dos_goldeneye_first_family_emergence__cse_dos_random_naive_replay_B050__seed11,results/frozen/v018_core/runs/R20_DoS_random_query_seed_q127_B050__cse_dos_random_naive_replay_B050__seed11
v018_core,results/runs/R20_DoS_random_query_seed_q127_B200__NF-CICIDS2018-v3-DoS-Historical-Pilot-to-NF-CICIDS2018-v3-DoS-Emergence-Pilot__dos_goldeneye_first_family_emergence__cse_dos_random_naive_replay_B200__seed11,results/frozen/v018_core/runs/R20_DoS_random_query_seed_q127_B200__cse_dos_random_naive_replay_B200__seed11
v018_core,results/runs/R20_DoS_random_query_seed_q149_B050__NF-CICIDS2018-v3-DoS-Historical-Pilot-to-NF-CICIDS2018-v3-DoS-Emergence-Pilot__dos_goldeneye_first_family_emergence__cse_dos_random_naive_replay_B050__seed11,results/frozen/v018_core/runs/R20_DoS_random_query_seed_q149_B050__cse_dos_random_naive_replay_B050__seed11
v018_core,results/runs/R20_DoS_random_query_seed_q149_B200__NF-CICIDS2018-v3-DoS-Historical-Pilot-to-NF-CICIDS2018-v3-DoS-Emergence-Pilot__dos_goldeneye_first_family_emergence__cse_dos_random_naive_replay_B200__seed11,results/frozen/v018_core/runs/R20_DoS_random_query_seed_q149_B200__cse_dos_random_naive_replay_B200__seed11
