window,start_row,stop_row,n_rows,novel_prevalence,known_macro_f1,known_macro_f1_all_initial_labels,known_balanced_accuracy,known_mcc,all_class_exact_macro_f1,novel_auprc,novel_auroc,known_success_rate,novel_safe_or_correct_rate,resilience_score,false_unknown_rate,novel_non_rejection_rate,coverage,selective_risk,ece,drift_triggered,drift_reason,mean_shift_score,predicted_unknown_rate,labels_queried,queried_label_counts,cumulative_labels_queried,update_performed,source_holdout_macro_f1,source_forgetting
0,0,500,500,0.0,0.9858012170385395,0.16430020283975658,0.972,,0.49290060851926976,,,0.972,,0.9858012170385395,0.0,,1.0,0.028,0.6182247989015721,False,warmup,0.04804828741358006,0.0,0,{},0,False,0.31840333840051205,0.0
1,500,1000,500,0.0,0.9929506545820745,0.1654917757636791,0.986,,0.49647532729103727,,,0.986,,0.9929506545820745,0.0,,1.0,0.014,0.6403408842679618,False,warmup,0.07488809665332949,0.0,0,{},0,False,0.31840333840051205,0.0
2,1000,1500,500,0.0,0.9909182643794148,0.1651530440632358,0.982,,0.3303060881264716,,,0.982,,0.9909182643794148,0.0,,1.0,0.018,0.6310912230858963,False,warmup,0.0910065770881102,0.0,0,{},0,False,0.31840333840051205,0.0
3,1500,2000,500,0.0,0.9909182643794148,0.1651530440632358,0.982,,0.4954591321897074,,,0.982,,0.9909182643794148,0.0,,1.0,0.018,0.6377885223794136,False,warmup,0.0669171845802998,0.0,0,{},0,False,0.31840333840051205,0.0
4,2000,2500,500,0.0,0.9816700610997964,0.16361167684996605,0.964,,0.4908350305498982,,,0.964,,0.9816700610997964,0.0,,1.0,0.036,0.6285128593289898,False,warmup,0.10055576652204626,0.0,0,{},0,False,0.31840333840051205,0.0
5,2500,3000,500,0.0,0.9919354838709677,0.16532258064516128,0.984,,0.4959677419354839,,,0.984,,0.9919354838709677,0.0,,1.0,0.016,0.633437441597401,False,warmup,0.07436087160321574,0.0,0,{},0,False,0.31840333840051205,0.0
6,3000,3500,500,0.0,0.9878542510121457,0.16464237516869096,0.976,,0.3292847503373819,,,0.976,,0.9878542510121457,0.0,,1.0,0.024,0.6344145934139858,False,warmup,0.03243864214575919,0.0,0,{},0,False,0.31840333840051205,0.0
7,3500,4000,500,0.0,0.9816700610997964,0.16361167684996605,0.964,,0.4908350305498982,,,0.964,,0.9816700610997964,0.0,,1.0,0.036,0.6120102476596475,False,warmup,0.11411859478058672,0.0,0,{},0,False,0.31840333840051205,0.0
8,4000,4500,500,0.0,0.98989898989899,0.16498316498316498,0.98,,0.494949494949495,,,0.98,,0.98989898989899,0.0,,1.0,0.02,0.6475535230192427,False,warmup,0.07667927358457942,0.0,0,{},0,False,0.31840333840051205,0.0
9,4500,5000,500,0.0,0.9795918367346939,0.16326530612244897,0.96,,0.32653061224489793,,,0.96,,0.9795918367346939,0.0,,1.0,0.04,0.6171445521210718,False,warmup,0.05541662474939,0.0,0,{},0,False,0.31840333840051205,0.0
10,5000,5500,500,0.0,0.98989898989899,0.16498316498316498,0.98,,0.32996632996632996,,,0.98,,0.98989898989899,0.0,,1.0,0.02,0.6385523272820404,False,warmup,0.06691799878510138,0.0,0,{},0,False,0.31840333840051205,0.0
11,5500,6000,500,0.0,0.9888776541961577,0.16481294236602628,0.978,,0.49443882709807885,,,0.978,,0.9888776541961577,0.0,,1.0,0.022,0.6440382018675325,False,warmup,0.07384342470944964,0.0,0,{},0,False,0.31840333840051205,0.0
12,6000,6500,500,0.0,0.9949748743718593,0.1658291457286432,0.99,,0.49748743718592964,,,0.99,,0.9949748743718593,0.0,,1.0,0.01,0.6335087342625255,False,warmup,0.06552485918115068,0.0,0,{},0,False,0.31840333840051205,0.0
13,6500,7000,500,0.0,0.982706002034588,0.16378433367243134,0.966,,0.491353001017294,,,0.966,,0.982706002034588,0.0,,1.0,0.034,0.6161919100510868,False,warmup,0.054826829284474576,0.0,0,{},0,False,0.31840333840051205,0.0
14,7000,7500,500,0.0,0.9806320081549439,0.163438668025824,0.962,,0.49031600407747195,,,0.962,,0.9806320081549439,0.0,,1.0,0.038,0.6336048763655998,False,warmup,0.08268091324566093,0.0,0,{},0,False,0.31840333840051205,0.0
15,7500,8000,500,0.0,0.9858012170385395,0.16430020283975658,0.972,,0.32860040567951315,,,0.972,,0.9858012170385395,0.0,,1.0,0.028,0.6311288834162964,False,warmup,0.037560140808536334,0.0,0,{},0,False,0.31840333840051205,0.0
16,8000,8500,500,0.0,0.9929506545820745,0.1654917757636791,0.986,,0.49647532729103727,,,0.986,,0.9929506545820745,0.0,,1.0,0.014,0.6409186581103303,False,warmup,0.08476261427317947,0.0,0,{},0,False,0.31840333840051205,0.0
17,8500,9000,500,0.0,0.98989898989899,0.16498316498316498,0.98,,0.494949494949495,,,0.98,,0.98989898989899,0.0,,1.0,0.02,0.6339410556669016,False,warmup,0.1006889684231705,0.0,0,{},0,False,0.31840333840051205,0.0
18,9000,9500,500,0.0,0.993963782696177,0.16566063044936283,0.988,,0.4969818913480885,,,0.988,,0.993963782696177,0.0,,1.0,0.012,0.6304961132417551,False,warmup,0.04823306532486746,0.0,0,{},0,False,0.31840333840051205,0.0
19,9500,10000,500,0.0,0.98989898989899,0.16498316498316498,0.98,,0.494949494949495,,,0.98,,0.98989898989899,0.0,,1.0,0.02,0.6440805515748064,False,warmup,0.05535461584448947,0.0,0,{},0,False,0.31840333840051205,0.0
20,10000,10500,500,0.0,0.9909182643794148,0.1651530440632358,0.982,,0.4954591321897074,,,0.982,,0.9909182643794148,0.0,,1.0,0.018,0.5967779409711919,False,warmup,0.06413414935476132,0.0,0,{},0,False,0.31840333840051205,0.0
21,10500,11000,500,0.0,0.9909182643794148,0.1651530440632358,0.982,,0.3303060881264716,,,0.982,,0.9909182643794148,0.0,,1.0,0.018,0.5821814331259612,False,warmup,0.07062071917265146,0.0,0,{},0,False,0.31840333840051205,0.0
22,11000,11500,500,0.0,0.9919354838709677,0.16532258064516128,0.984,,0.33064516129032256,,,0.984,,0.9919354838709677,0.0,,1.0,0.016,0.5653229321281912,False,warmup,0.06598120646538437,0.0,0,{},0,False,0.31840333840051205,0.0
23,11500,12000,500,0.0,0.98989898989899,0.16498316498316498,0.98,,0.494949494949495,,,0.98,,0.98989898989899,0.0,,1.0,0.02,0.6272540362466318,False,warmup,0.07502923695773955,0.0,0,{},0,False,0.31840333840051205,0.0
24,12000,12500,500,0.0,0.9919354838709677,0.16532258064516128,0.984,,0.4959677419354839,,,0.984,,0.9919354838709677,0.0,,1.0,0.016,0.6466820390235116,False,warmup,0.04454459465717404,0.0,0,{},0,False,0.31840333840051205,0.0
25,12500,13000,500,0.0,0.98989898989899,0.16498316498316498,0.98,,0.494949494949495,,,0.98,,0.98989898989899,0.0,,1.0,0.02,0.6489372787855646,False,warmup,0.11874787801381773,0.0,0,{},0,False,0.31840333840051205,0.0
26,13000,13500,500,0.0,0.9868287740628167,0.16447146234380278,0.974,,0.49341438703140833,,,0.974,,0.9868287740628167,0.0,,1.0,0.026,0.6345915553704753,False,warmup,0.05434348015956125,0.0,0,{},0,False,0.31840333840051205,0.0
27,13500,14000,500,0.0,0.9909182643794148,0.1651530440632358,0.982,,0.4954591321897074,,,0.982,,0.9909182643794148,0.0,,1.0,0.018,0.6466285210441116,False,warmup,0.06498217189877502,0.0,0,{},0,False,0.31840333840051205,0.0
28,14000,14500,500,0.0,0.9878542510121457,0.16464237516869096,0.976,,0.4939271255060729,,,0.976,,0.9878542510121457,0.0,,1.0,0.024,0.6311813648319553,False,warmup,0.051354129275983894,0.0,0,{},0,False,0.31840333840051205,0.0
29,14500,15000,500,0.0,0.9888776541961577,0.16481294236602628,0.978,,0.32962588473205257,,,0.978,,0.9888776541961577,0.0,,1.0,0.022,0.5946926821367864,False,warmup,0.07117183570297547,0.0,0,{},0,False,0.31840333840051205,0.0
30,15000,15500,500,0.0,0.9909182643794148,0.1651530440632358,0.982,,0.4954591321897074,,,0.982,,0.9909182643794148,0.0,,1.0,0.018,0.5694569996749577,False,none,0.08869624205766033,0.0,0,{},0,False,0.31840333840051205,0.0
31,15500,16000,500,0.0,0.993963782696177,0.16566063044936283,0.988,,0.4969818913480885,,,0.988,,0.993963782696177,0.0,,1.0,0.012,0.5848194783367107,False,none,0.07265935968284086,0.0,0,{},0,False,0.31840333840051205,0.0
32,16000,16500,500,0.0,0.9701338825952626,0.16168898043254376,0.942,,0.3233779608650875,,,0.942,,0.9701338825952626,0.0,,1.0,0.058,0.6033056634269507,False,none,0.11230085011595708,0.0,0,{},0,False,0.31840333840051205,0.0
33,16500,17000,500,0.0,0.9775051124744376,0.1629175187457396,0.956,,0.3258350374914792,,,0.956,,0.9775051124744376,0.0,,1.0,0.044,0.6218059502093665,False,none,0.06290550090262075,0.0,0,{},0,False,0.31840333840051205,0.0
34,17000,17500,500,0.0,0.9764585465711362,0.16274309109518936,0.954,,0.3254861821903787,,,0.954,,0.9764585465711362,0.0,,1.0,0.046,0.601276387103824,False,none,0.1029319580670575,0.0,0,{},0,False,0.31840333840051205,0.0
35,17500,18000,500,0.0,0.9959839357429718,0.16599732262382863,0.992,,0.4979919678714859,,,0.992,,0.9959839357429718,0.0,,1.0,0.008,0.6291776882145796,False,none,0.05875503731198696,0.0,0,{},0,False,0.31840333840051205,0.0
36,18000,18500,500,0.0,0.9816700610997964,0.16361167684996605,0.964,,0.3272233536999321,,,0.964,,0.9816700610997964,0.0,,1.0,0.036,0.6032304926916389,False,none,0.09684784445496158,0.0,0,{},0,False,0.31840333840051205,0.0
37,18500,19000,500,0.0,0.9909182643794148,0.1651530440632358,0.982,,0.4954591321897074,,,0.982,,0.9909182643794148,0.0,,1.0,0.018,0.643250568686558,False,none,0.042626916258251754,0.0,0,{},0,False,0.31840333840051205,0.0
38,19000,19500,500,0.0,0.9929506545820745,0.1654917757636791,0.986,,0.49647532729103727,,,0.986,,0.9929506545820745,0.0,,1.0,0.014,0.6250562598573722,False,none,0.05558869651250802,0.0,0,{},0,False,0.31840333840051205,0.0
39,19500,20000,500,0.0,0.9816700610997964,0.16361167684996605,0.964,,0.4908350305498982,,,0.964,,0.9816700610997964,0.0,,1.0,0.036,0.618560945675012,False,none,0.034718912653266445,0.0,0,{},0,False,0.31840333840051205,0.0
40,20000,20500,500,0.0,0.502481946848144,0.502481946848144,0.5739992025518341,0.42403296425508724,0.502481946848144,,,0.91,,0.502481946848144,0.0,,1.0,0.09,0.4917965486782545,False,persistence_pending,0.42805733323474054,0.0,0,{},0,False,0.31840333840051205,0.0
41,20500,21000,500,0.0,0.2463581585924319,0.2463581585924319,0.30822510822510824,0.4534134619006864,0.2463581585924319,,,0.918,,0.2463581585924319,0.0,,1.0,0.082,0.5688695090590306,True,persistent_mean_shift,0.1279238723343498,0.0,200,"{'Benign': 178, 'Exploits': 11, 'DoS': 4, 'Fuzzers': 4, 'Generic': 2, 'Reconnaissance': 1}",200,True,0.3228461605468348,0.0
42,21000,21500,500,0.0,0.4221805644048617,0.35181713700405143,0.3629137268399013,0.5384846900357247,0.35181713700405143,,,0.906,,0.4221805644048617,0.0,,1.0,0.094,0.5410002441099641,False,latched,0.21731023476358233,0.0,0,{},200,False,0.3228461605468348,0.0
43,21500,22000,500,0.0,0.4545090521831736,0.378757543485978,0.5106155218554862,0.6147852377198865,0.378757543485978,,,0.954,,0.4545090521831736,0.0,,1.0,0.046,0.5783363215809124,False,latched,0.1219835046261862,0.0,0,{},200,False,0.3228461605468348,0.0
44,22000,22500,500,0.0,0.9959839357429718,0.16599732262382863,0.992,,0.4979919678714859,,,0.992,,0.9959839357429718,0.0,,1.0,0.008,0.6204885841572787,False,latched,0.12279061656564089,0.0,0,{},200,False,0.3228461605468348,0.0
45,22500,23000,500,0.0,0.983739837398374,0.16395663956639567,0.968,,0.32791327913279134,,,0.968,,0.983739837398374,0.0,,1.0,0.032,0.6287630622710073,False,latched,0.07399076051888893,0.0,0,{},200,False,0.3228461605468348,0.0
46,23000,23500,500,0.0,0.9858012170385395,0.16430020283975658,0.972,,0.49290060851926976,,,0.972,,0.9858012170385395,0.0,,1.0,0.028,0.6307229803179762,False,latched,0.07450447746820468,0.0,0,{},200,False,0.3228461605468348,0.0
47,23500,24000,500,0.0,0.327545114061968,0.163772557030984,0.32456140350877194,0.09488699489336544,0.245658835546476,,,0.962,,0.327545114061968,0.0,,1.0,0.038,0.6224020835758145,False,latched,0.07526209983390629,0.0,0,{},200,False,0.3228461605468348,0.0
48,24000,24500,500,0.0,0.2589059844262619,0.2589059844262619,0.2687875432061479,0.4483512668380195,0.2589059844262619,,,0.932,,0.2589059844262619,0.0,,1.0,0.068,0.6031165810492345,False,latched,0.14340629406960712,0.0,0,{},200,False,0.3228461605468348,0.0
49,24500,25000,500,0.0,0.30856669123065583,0.2571389093588799,0.40952783650458074,0.4510034425840903,0.2571389093588799,,,0.94,,0.30856669123065583,0.0,,1.0,0.06,0.6057736764068907,False,latched,0.08121390877470587,0.0,0,{},200,False,0.3228461605468348,0.0
50,25000,25500,500,0.0,0.33472302644277163,0.27893585536897636,0.4549152542372881,0.3790685319564403,0.27893585536897636,,,0.93,,0.33472302644277163,0.0,,1.0,0.07,0.5931577058339952,False,latched,0.0993121780337989,0.0,0,{},200,False,0.3228461605468348,0.0
51,25500,26000,500,0.0,0.2796906796906797,0.2796906796906797,0.2887615930169121,0.4356161550342375,0.2796906796906797,,,0.93,,0.2796906796906797,0.0,,1.0,0.07,0.602548580902848,False,latched,0.10411982555044451,0.0,0,{},200,False,0.3228461605468348,0.0
52,26000,26500,500,0.0,0.28574209928978433,0.2381184160748203,0.37683982683982686,0.39724467489370435,0.2381184160748203,,,0.906,,0.28574209928978433,0.0,,1.0,0.094,0.5747343006203248,False,latched,0.18913096467665255,0.0,0,{},200,False,0.3228461605468348,0.0
53,26500,27000,500,0.0,0.37001714613785186,0.24667809742523458,0.41122512437810943,0.40594929363442894,0.24667809742523458,,,0.924,,0.37001714613785186,0.0,,1.0,0.076,0.565577732879362,False,latched,0.10592233638749492,0.0,0,{},200,False,0.3228461605468348,0.0
54,27000,27500,500,0.0,0.297842190016103,0.297842190016103,0.2542690732206861,0.44233477283339306,0.297842190016103,,,0.914,,0.297842190016103,0.0,,1.0,0.086,0.5697127878990251,False,latched,0.14589249961544165,0.0,0,{},200,False,0.3228461605468348,0.0
55,27500,28000,500,0.0,0.325315194639016,0.325315194639016,0.41501342711869027,0.5119008824341994,0.325315194639016,,,0.862,,0.325315194639016,0.0,,1.0,0.138,0.5334793581029318,False,latched,0.3041918210670969,0.0,0,{},200,False,0.3228461605468348,0.0
56,28000,28500,500,0.0,0.2332121212121212,0.19434343434343435,0.2735763097949886,0.2921213324877943,0.19434343434343435,,,0.77,,0.2332121212121212,0.0,,1.0,0.23,0.4462519180753729,False,latched,0.31848456193500235,0.0,0,{},200,False,0.3228461605468348,0.0
57,28500,29000,500,0.0,0.24141813588180372,0.24141813588180372,0.33056866112065086,0.38988298845844727,0.24141813588180372,,,0.846,,0.24141813588180372,0.0,,1.0,0.154,0.5047247548104437,False,latched,0.2252232538649673,0.0,0,{},200,False,0.3228461605468348,0.0
58,29000,29500,500,0.0,0.3325487383748371,0.3325487383748371,0.3896853431116942,0.44777536013077696,0.3325487383748371,,,0.868,,0.3325487383748371,0.0,,1.0,0.132,0.5185148346932135,False,latched,0.22912529959822048,0.0,0,{},200,False,0.3228461605468348,0.0
59,29500,30000,500,0.0,0.2602044148380355,0.2602044148380355,0.3069396108611795,0.4088182618326743,0.2602044148380355,,,0.882,,0.2602044148380355,0.0,,1.0,0.118,0.5509343356265929,False,latched,0.1783444190982341,0.0,0,{},200,False,0.3228461605468348,0.0
60,30000,30500,500,0.0,0.22821572570707516,0.22821572570707516,0.29309470424941275,0.3267299010075558,0.22821572570707516,,,0.832,,0.22821572570707516,0.0,,1.0,0.168,0.5016378011470831,False,latched,0.22715352265093047,0.0,0,{},200,False,0.3228461605468348,0.0
61,30500,31000,500,0.0,0.25106772789238413,0.25106772789238413,0.2674987199180748,0.3411448309056546,0.25106772789238413,,,0.822,,0.25106772789238413,0.0,,1.0,0.178,0.48331035075316964,False,latched,0.23274676802513034,0.0,0,{},200,False,0.3228461605468348,0.0
62,31000,31500,500,0.0,0.25332284802176724,0.25332284802176724,0.39356950562897697,0.31754497925483416,0.25332284802176724,,,0.832,,0.25332284802176724,0.0,,1.0,0.168,0.49423355883361886,False,latched,0.2180447762321862,0.0,0,{},200,False,0.3228461605468348,0.0
63,31500,32000,500,0.0,0.21623722457459263,0.18019768714549386,0.30140762463343107,0.27234619138186444,0.18019768714549386,,,0.856,,0.21623722457459263,0.0,,1.0,0.144,0.5128175045829472,False,latched,0.18237759234342582,0.0,0,{},200,False,0.3228461605468348,0.0
64,32000,32500,500,0.0,0.31836584468163415,0.2653048705680285,0.4274702380952381,0.3700406378688436,0.2653048705680285,,,0.83,,0.31836584468163415,0.0,,1.0,0.17,0.48642922440303665,False,latched,0.24973865549260768,0.0,0,{},200,False,0.3228461605468348,0.0
65,32500,33000,500,0.0,0.2255813953488372,0.187984496124031,0.2561863173216885,0.30480589821217613,0.187984496124031,,,0.872,,0.2255813953488372,0.0,,1.0,0.128,0.5293549679926431,False,latched,0.15657815047511886,0.0,0,{},200,False,0.3228461605468348,0.0
66,33000,33500,500,0.0,0.3438956124714639,0.3438956124714639,0.3523233506786138,0.5724387470271187,0.3438956124714639,,,0.86,,0.3438956124714639,0.0,,1.0,0.14,0.4981593380189401,False,latched,0.34399886431313054,0.0,0,{},200,False,0.3228461605468348,0.0
67,33500,34000,500,0.0,0.3806229629393705,0.3806229629393705,0.4730739504899724,0.5598371228975305,0.3806229629393705,,,0.884,,0.3806229629393705,0.0,,1.0,0.116,0.5320892767033739,False,latched,0.24125293790525407,0.0,0,{},200,False,0.3228461605468348,0.0
68,34000,34500,500,0.0,0.3389219015280136,0.3389219015280136,0.3920932395277374,0.48134597616477165,0.3389219015280136,,,0.9,,0.3389219015280136,0.0,,1.0,0.1,0.558193695285595,False,latched,0.18090445540105182,0.0,0,{},200,False,0.3228461605468348,0.0
69,34500,35000,500,0.0,0.23885903034374648,0.23885903034374648,0.22373188405797104,0.38915980857511223,0.23885903034374648,,,0.902,,0.23885903034374648,0.0,,1.0,0.098,0.5751062233565554,False,latched,0.1883729308438557,0.0,0,{},200,False,0.3228461605468348,0.0
70,35000,35500,500,0.0,0.23436816845176975,0.23436816845176975,0.41274928774928776,0.399930324127852,0.23436816845176975,,,0.922,,0.23436816845176975,0.0,,1.0,0.078,0.582627583423817,False,latched,0.14421409093949278,0.0,0,{},200,False,0.3228461605468348,0.0
71,35500,36000,500,0.0,0.44879833993586116,0.37399861661321765,0.4741302972802024,0.4669962951108679,0.37399861661321765,,,0.928,,0.44879833993586116,0.0,,1.0,0.072,0.5747375797755964,False,latched,0.15165750709470344,0.0,0,{},200,False,0.3228461605468348,0.0
72,36000,36500,500,0.0,0.29658848614072497,0.24715707178393745,0.3711702127659574,0.4673441828598971,0.24715707178393745,,,0.936,,0.29658848614072497,0.0,,1.0,0.064,0.5865419098402233,False,latched,0.1240167002454669,0.0,0,{},200,False,0.3228461605468348,0.0
73,36500,37000,500,0.0,0.389666977902272,0.3247224815852267,0.38907801418439714,0.43974444956217706,0.3247224815852267,,,0.94,,0.389666977902272,0.0,,1.0,0.06,0.6000561698123201,False,latched,0.08699008839430787,0.0,0,{},200,False,0.3228461605468348,0.0
74,37000,37500,500,0.0,0.3047976743141492,0.3047976743141492,0.3356726710659295,0.4307536573115448,0.3047976743141492,,,0.884,,0.3047976743141492,0.0,,1.0,0.116,0.5704612435170905,False,latched,0.16507145352381053,0.0,0,{},200,False,0.3228461605468348,0.0
75,37500,38000,500,0.0,0.3123820386892282,0.3123820386892282,0.3189414785756249,0.5171918891906122,0.3123820386892282,,,0.9,,0.3123820386892282,0.0,,1.0,0.1,0.5424925455421018,False,latched,0.18362004836717574,0.0,0,{},200,False,0.3228461605468348,0.0
76,38000,38500,500,0.0,0.3697200306268517,0.3697200306268517,0.4980483996877439,0.6044530270231468,0.3697200306268517,,,0.89,,0.3697200306268517,0.0,,1.0,0.11,0.5284464223969563,False,latched,0.24435554336261725,0.0,0,{},200,False,0.3228461605468348,0.0
77,38500,39000,500,0.0,0.4064719066388438,0.33872658886570317,0.39776334776334776,0.5089961712312203,0.33872658886570317,,,0.912,,0.4064719066388438,0.0,,1.0,0.088,0.5684369994673586,False,latched,0.21077986624681017,0.0,0,{},200,False,0.3228461605468348,0.0
78,39000,39500,500,0.0,0.315934753151827,0.315934753151827,0.3382500215833549,0.5541002795398856,0.315934753151827,,,0.878,,0.315934753151827,0.0,,1.0,0.122,0.5253095926503357,False,latched,0.26569108818474707,0.0,0,{},200,False,0.3228461605468348,0.0
79,39500,40000,500,0.0,0.2913873108838784,0.2913873108838784,0.2985373422873423,0.4903377171435996,0.2913873108838784,,,0.9,,0.2913873108838784,0.0,,1.0,0.1,0.5599102540072375,False,latched,0.16941970490653438,0.0,0,{},200,False,0.3228461605468348,0.0
80,40000,40500,500,0.0,0.3337062535857716,0.3337062535857716,0.3792932976740417,0.6022317276894772,0.3337062535857716,,,0.934,,0.3337062535857716,0.0,,1.0,0.066,0.5564621007991689,False,latched,0.15938552713181406,0.0,0,{},200,False,0.3228461605468348,0.0
81,40500,41000,500,0.0,0.4124290741937801,0.4124290741937801,0.5114430468204053,0.5315511194480167,0.4124290741937801,,,0.956,,0.4124290741937801,0.0,,1.0,0.044,0.5900610059680297,False,latched,0.11372370196154988,0.0,0,{},200,False,0.3228461605468348,0.0
82,41000,41500,500,0.0,0.47055903866248694,0.3137060257749913,0.645302713987474,0.38045568808142954,0.37644723092998955,,,0.948,,0.47055903866248694,0.0,,1.0,0.052,0.570310508521754,False,latched,0.0886135889250426,0.0,0,{},200,False,0.3228461605468348,0.0
83,41500,42000,500,0.0,0.2610614586781419,0.21755121556511825,0.347489539748954,0.4453147824699345,0.21755121556511825,,,0.95,,0.2610614586781419,0.0,,1.0,0.05,0.5895798838915328,False,latched,0.08063786241414822,0.0,0,{},200,False,0.3228461605468348,0.0
84,42000,42500,500,0.0,0.37326162538026947,0.37326162538026947,0.40869715869715867,0.3600492752570416,0.37326162538026947,,,0.928,,0.37326162538026947,0.0,,1.0,0.072,0.5955444131112365,False,latched,0.08464669601840574,0.0,0,{},200,False,0.3228461605468348,0.0
85,42500,43000,500,0.0,0.2655266491279353,0.2655266491279353,0.31999284692417734,0.32055277534506943,0.2655266491279353,,,0.912,,0.2655266491279353,0.0,,1.0,0.088,0.5815101848318788,False,latched,0.1056420296247134,0.0,0,{},200,False,0.3228461605468348,0.0
86,43000,43500,500,0.0,0.32640530352557495,0.32640530352557495,0.41695819068368084,0.40869476705727886,0.32640530352557495,,,0.908,,0.32640530352557495,0.0,,1.0,0.092,0.5710699856113236,False,latched,0.18770008078439163,0.0,0,{},200,False,0.3228461605468348,0.0
87,43500,44000,500,0.0,0.3969304226434944,0.330775352202912,0.43811164294411553,0.45516834992815286,0.330775352202912,,,0.916,,0.3969304226434944,0.0,,1.0,0.084,0.5848843774881696,False,latched,0.12695954595833212,0.0,0,{},200,False,0.3228461605468348,0.0
88,44000,44500,500,0.0,0.3682526425197435,0.30687720209978625,0.41047619047619044,0.5112495421372807,0.30687720209978625,,,0.926,,0.3682526425197435,0.0,,1.0,0.074,0.574513532595303,False,latched,0.13251500182122772,0.0,0,{},200,False,0.3228461605468348,0.0
89,44500,45000,500,0.0,0.2541237574997761,0.2541237574997761,0.2708831505428538,0.46076066065798527,0.2541237574997761,,,0.86,,0.2541237574997761,0.0,,1.0,0.14,0.5420761687745019,False,latched,0.2956328288380214,0.0,0,{},200,False,0.3228461605468348,0.0
90,45000,45500,500,0.0,0.2538703861917899,0.2538703861917899,0.3237334203087628,0.3846547336285693,0.2538703861917899,,,0.81,,0.2538703861917899,0.0,,1.0,0.19,0.4776411845695749,False,latched,0.29921019478028776,0.0,0,{},200,False,0.3228461605468348,0.0
91,45500,46000,500,0.0,0.26205962059620597,0.26205962059620597,0.36045244871920695,0.4086171534721779,0.26205962059620597,,,0.846,,0.26205962059620597,0.0,,1.0,0.154,0.506857148933124,False,latched,0.24207060706586472,0.0,0,{},200,False,0.3228461605468348,0.0
92,46000,46500,500,0.0,0.27116367645584843,0.27116367645584843,0.3293290043290043,0.41893339240662625,0.27116367645584843,,,0.896,,0.27116367645584843,0.0,,1.0,0.104,0.5520983512797506,False,latched,0.1484140574886303,0.0,0,{},200,False,0.3228461605468348,0.0
93,46500,47000,500,0.0,0.18389523187124387,0.18389523187124387,0.17472342472342473,0.34727017380043035,0.18389523187124387,,,0.87,,0.18389523187124387,0.0,,1.0,0.13,0.5677420623351317,False,latched,0.15145397641879801,0.0,0,{},200,False,0.3228461605468348,0.0
94,47000,47500,500,0.0,0.30567566707631855,0.30567566707631855,0.361260133524082,0.3936021853193614,0.30567566707631855,,,0.908,,0.30567566707631855,0.0,,1.0,0.092,0.572584513338123,False,latched,0.13675321957192976,0.0,0,{},200,False,0.3228461605468348,0.0
95,47500,48000,500,0.0,0.3645358326191262,0.3645358326191262,0.3805175305957545,0.40237636644820507,0.3645358326191262,,,0.85,,0.3645358326191262,0.0,,1.0,0.15,0.5046610154276945,False,latched,0.24798761114237444,0.0,0,{},200,False,0.3228461605468348,0.0
96,48000,48500,500,0.0,0.3657307640458658,0.30477563670488816,0.4852928782132322,0.34047762341817267,0.30477563670488816,,,0.836,,0.3657307640458658,0.0,,1.0,0.164,0.48692662208803067,False,latched,0.24996856837213838,0.0,0,{},200,False,0.3228461605468348,0.0
97,48500,49000,500,0.0,0.30647260044268565,0.25539383370223806,0.34627621113521334,0.33115970083290125,0.25539383370223806,,,0.838,,0.30647260044268565,0.0,,1.0,0.162,0.5096820364375488,False,latched,0.22320836785225778,0.0,0,{},200,False,0.3228461605468348,0.0
98,49000,49500,500,0.0,0.2947071832911569,0.2947071832911569,0.4095950345950346,0.3680827705943304,0.2947071832911569,,,0.89,,0.2947071832911569,0.0,,1.0,0.11,0.5457062471582068,False,latched,0.15883524539444216,0.0,0,{},200,False,0.3228461605468348,0.0
99,49500,50000,500,0.0,0.2829439021985606,0.2829439021985606,0.28408035375538027,0.45540741098004434,0.2829439021985606,,,0.88,,0.2829439021985606,0.0,,1.0,0.12,0.5321753154669554,False,latched,0.2001717848314588,0.0,0,{},200,False,0.3228461605468348,0.0
100,50000,50500,500,0.0,0.24853404171585988,0.24853404171585988,0.27120330649742413,0.44916059814364495,0.24853404171585988,,,0.846,,0.24853404171585988,0.0,,1.0,0.154,0.5106202677782514,False,latched,0.2669768584854212,0.0,0,{},200,False,0.3228461605468348,0.0
101,50500,51000,500,0.0,0.3887993487993488,0.3239994573327907,0.42651628619632953,0.46556231794842357,0.3239994573327907,,,0.908,,0.3887993487993488,0.0,,1.0,0.092,0.5611012603120827,False,latched,0.18463236929340798,0.0,0,{},200,False,0.3228461605468348,0.0
102,51000,51500,500,0.0,0.32036871174802206,0.26697392645668505,0.35460234680573666,0.4465784232830395,0.26697392645668505,,,0.922,,0.32036871174802206,0.0,,1.0,0.078,0.5751195093012662,False,latched,0.10985013609942684,0.0,0,{},200,False,0.3228461605468348,0.0
103,51500,52000,500,0.0,0.2659537856440512,0.2659537856440512,0.30507601591361183,0.36462529187785486,0.2659537856440512,,,0.884,,0.2659537856440512,0.0,,1.0,0.116,0.5525064408351934,False,latched,0.19480781716760873,0.0,0,{},200,False,0.3228461605468348,0.0
104,52000,52500,500,0.0,0.26608231307504276,0.26608231307504276,0.3379634857895728,0.3465077161139073,0.26608231307504276,,,0.862,,0.26608231307504276,0.0,,1.0,0.138,0.513178630940754,False,latched,0.20434421570956926,0.0,0,{},200,False,0.3228461605468348,0.0
105,52500,53000,500,0.0,0.24730006839041407,0.24730006839041407,0.3995993010363943,0.3719455619380352,0.24730006839041407,,,0.876,,0.24730006839041407,0.0,,1.0,0.124,0.5364705575110529,False,latched,0.16562459592371281,0.0,0,{},200,False,0.3228461605468348,0.0
106,53000,53500,500,0.0,0.21809904508105707,0.18174920423421423,0.295397489539749,0.37393224655800233,0.21809904508105707,,,0.936,,0.21809904508105707,0.0,,1.0,0.064,0.6122330752598918,False,latched,0.11699954728461741,0.0,0,{},200,False,0.3228461605468348,0.0
107,53500,54000,500,0.0,0.2738667852314933,0.2738667852314933,0.39357864357864364,0.43034239368131094,0.2738667852314933,,,0.914,,0.2738667852314933,0.0,,1.0,0.086,0.5733713385993939,False,latched,0.14638428064888306,0.0,0,{},200,False,0.3228461605468348,0.0
108,54000,54500,500,0.0,0.29850055617352617,0.24875046347793847,0.25883222468588324,0.526608072628738,0.24875046347793847,,,0.908,,0.29850055617352617,0.0,,1.0,0.092,0.5659333222230835,False,latched,0.17479190895353994,0.0,0,{},200,False,0.3228461605468348,0.0
109,54500,55000,500,0.0,0.3525121521894694,0.3525121521894694,0.3792702164166713,0.5480802219968335,0.3525121521894694,,,0.894,,0.3525121521894694,0.0,,1.0,0.106,0.5344501308491992,False,latched,0.2038112354428458,0.0,0,{},200,False,0.3228461605468348,0.0
110,55000,55500,500,0.0,0.3276490139775697,0.3276490139775697,0.3853540879252038,0.5398847874135383,0.3276490139775697,,,0.918,,0.3276490139775697,0.0,,1.0,0.082,0.5688532355338785,False,latched,0.1644030173846807,0.0,0,{},200,False,0.3228461605468348,0.0
111,55500,56000,500,0.0,0.2860476941359294,0.2860476941359294,0.2836856341414546,0.5009519334939164,0.2860476941359294,,,0.87,,0.2860476941359294,0.0,,1.0,0.13,0.53560625173785,False,latched,0.243654525613537,0.0,0,{},200,False,0.3228461605468348,0.0
112,56000,56500,500,0.0,0.235311071357583,0.235311071357583,0.2700545673283492,0.4794676969744339,0.235311071357583,,,0.864,,0.235311071357583,0.0,,1.0,0.136,0.5135786703690909,False,latched,0.26133712922461894,0.0,0,{},200,False,0.3228461605468348,0.0
113,56500,57000,500,0.0,0.4810567689128408,0.4008806407607007,0.663013013013013,0.6235776539509793,0.4008806407607007,,,0.92,,0.4810567689128408,0.0,,1.0,0.08,0.5634009299428777,False,latched,0.1963064344726972,0.0,0,{},200,False,0.3228461605468348,0.0
114,57000,57500,500,0.0,0.31111893308303024,0.31111893308303024,0.3784416491963662,0.3820145277952638,0.31111893308303024,,,0.936,,0.31111893308303024,0.0,,1.0,0.064,0.5961555662396866,False,latched,0.13287576362973758,0.0,0,{},200,False,0.3228461605468348,0.0
115,57500,58000,500,0.0,0.1949260042283298,0.1624383368569415,0.19329140461215932,0.2599320444918876,0.1624383368569415,,,0.922,,0.1949260042283298,0.0,,1.0,0.078,0.5883006055619694,False,latched,0.1156883203903891,0.0,0,{},200,False,0.3228461605468348,0.0
116,58000,58500,500,0.0,0.4873982543885457,0.24369912719427286,0.618945868945869,0.4515732296611107,0.24369912719427286,,,0.922,,0.4873982543885457,0.0,,1.0,0.078,0.5800937048512739,False,latched,0.12965743414679734,0.0,0,{},200,False,0.3228461605468348,0.0
117,58500,59000,500,0.0,0.4301980347238968,0.4301980347238968,0.5562229437229438,0.4971527876111483,0.4301980347238968,,,0.93,,0.4301980347238968,0.0,,1.0,0.07,0.5659328835960716,False,latched,0.11747906048812208,0.0,0,{},200,False,0.3228461605468348,0.0
118,59000,59500,500,0.0,0.5038386756461684,0.3358924504307789,0.5049766040130066,0.3982995464895162,0.3358924504307789,,,0.926,,0.5038386756461684,0.0,,1.0,0.074,0.579719683926303,False,latched,0.16509509150724955,0.0,0,{},200,False,0.3228461605468348,0.0
119,59500,60000,500,0.0,0.38089167537443397,0.317409729478695,0.5205944012825257,0.3825775103398619,0.38089167537443397,,,0.948,,0.38089167537443397,0.0,,1.0,0.052,0.6110106556268886,False,latched,0.10009596309239144,0.0,0,{},200,False,0.3228461605468348,0.0
120,60000,60500,500,0.0,0.23650650806561715,0.23650650806561715,0.3905867182462927,0.3817802731528864,0.23650650806561715,,,0.912,,0.23650650806561715,0.0,,1.0,0.088,0.5856350699171718,False,latched,0.15773056898430068,0.0,0,{},200,False,0.3228461605468348,0.0
121,60500,61000,500,0.0,0.32740217109971353,0.32740217109971353,0.4025141525141525,0.5224924265407046,0.32740217109971353,,,0.862,,0.32740217109971353,0.0,,1.0,0.138,0.5366342097926097,False,latched,0.3489450194111205,0.0,0,{},200,False,0.3228461605468348,0.0
122,61000,61500,500,0.0,0.25082765899970205,0.25082765899970205,0.31173676410014667,0.37608849499959957,0.25082765899970205,,,0.812,,0.25082765899970205,0.0,,1.0,0.188,0.47856767349946044,False,latched,0.30529227102719625,0.0,0,{},200,False,0.3228461605468348,0.0
123,61500,62000,500,0.0,0.2752737146552025,0.2752737146552025,0.30274216524216524,0.4148142460475889,0.2752737146552025,,,0.852,,0.2752737146552025,0.0,,1.0,0.148,0.5042049811647846,False,latched,0.19555243410286138,0.0,0,{},200,False,0.3228461605468348,0.0
124,62000,62500,500,0.0,0.25393089948314435,0.25393089948314435,0.39973196881091616,0.43615016244219795,0.25393089948314435,,,0.886,,0.25393089948314435,0.0,,1.0,0.114,0.528596675544447,False,latched,0.16893150653448308,0.0,0,{},200,False,0.3228461605468348,0.0
125,62500,63000,500,0.0,0.23154013742249038,0.23154013742249038,0.26991530820173204,0.3991457711628826,0.23154013742249038,,,0.868,,0.23154013742249038,0.0,,1.0,0.132,0.5279398402940332,False,latched,0.2083292184813176,0.0,0,{},200,False,0.3228461605468348,0.0
126,63000,63500,500,0.0,0.3793159563075605,0.3160966302563004,0.41939465620127947,0.4774718064998035,0.3160966302563004,,,0.878,,0.3793159563075605,0.0,,1.0,0.122,0.5296316419916386,False,latched,0.21427655954205502,0.0,0,{},200,False,0.3228461605468348,0.0
127,63500,64000,500,0.0,0.24465271987511833,0.2038772665625986,0.26812474409717485,0.24551193105287836,0.2038772665625986,,,0.796,,0.24465271987511833,0.0,,1.0,0.204,0.4610116243020339,False,latched,0.25395319997266247,0.0,0,{},200,False,0.3228461605468348,0.0
128,64000,64500,500,0.0,0.3388069591330461,0.3388069591330461,0.3709474959961909,0.3840075102583701,0.3388069591330461,,,0.87,,0.3388069591330461,0.0,,1.0,0.13,0.5280843034927007,False,latched,0.18099903837281484,0.0,0,{},200,False,0.3228461605468348,0.0
129,64500,65000,500,0.0,0.18973791066814324,0.18973791066814324,0.3194147037830121,0.25487080310259996,0.18973791066814324,,,0.86,,0.18973791066814324,0.0,,1.0,0.14,0.5323376137923306,False,latched,0.20233812605904533,0.0,0,{},200,False,0.3228461605468348,0.0
130,65000,65500,500,0.0,0.3124001788155247,0.2603334823462706,0.36354838709677423,0.30929281564072303,0.2603334823462706,,,0.85,,0.3124001788155247,0.0,,1.0,0.15,0.5118849786331762,False,latched,0.17580521366552837,0.0,0,{},200,False,0.3228461605468348,0.0
131,65500,66000,500,0.0,0.21839506531298292,0.21839506531298292,0.2892112557242709,0.2954687852865834,0.21839506531298292,,,0.878,,0.21839506531298292,0.0,,1.0,0.122,0.524949198959022,False,latched,0.13757187574512508,0.0,0,{},200,False,0.3228461605468348,0.0
132,66000,66500,500,0.0,0.24494372853189705,0.24494372853189705,0.2512957940505403,0.4594422851709136,0.24494372853189705,,,0.88,,0.24494372853189705,0.0,,1.0,0.12,0.5340301301291501,False,latched,0.15942750284558643,0.0,0,{},200,False,0.3228461605468348,0.0
133,66500,67000,500,0.0,0.32073788734805686,0.32073788734805686,0.34093988667159403,0.5303428902597114,0.32073788734805686,,,0.898,,0.32073788734805686,0.0,,1.0,0.102,0.563195774930982,False,latched,0.20606938787234108,0.0,0,{},200,False,0.3228461605468348,0.0
134,67000,67500,500,0.0,0.3391728087883198,0.28264400732359984,0.34838888888888886,0.48102654983056325,0.28264400732359984,,,0.898,,0.3391728087883198,0.0,,1.0,0.102,0.5507936468705983,False,latched,0.1968917556945706,0.0,0,{},200,False,0.3228461605468348,0.0
135,67500,68000,500,0.0,0.38096950240770466,0.31747458533975387,0.504561516914458,0.35903684249664225,0.31747458533975387,,,0.866,,0.38096950240770466,0.0,,1.0,0.134,0.5212482432637185,False,latched,0.18431505295075243,0.0,0,{},200,False,0.3228461605468348,0.0
136,68000,68500,500,0.0,0.3306756730469966,0.3306756730469966,0.36698640192089976,0.48746895642076277,0.3306756730469966,,,0.898,,0.3306756730469966,0.0,,1.0,0.102,0.5402985697970981,False,latched,0.22266358293152455,0.0,0,{},200,False,0.3228461605468348,0.0
137,68500,69000,500,0.0,0.26124226482906543,0.26124226482906543,0.28921639980591946,0.41885918282188844,0.26124226482906543,,,0.892,,0.26124226482906543,0.0,,1.0,0.108,0.5246362475809089,False,latched,0.18941603749857747,0.0,0,{},200,False,0.3228461605468348,0.0
138,69000,69500,500,0.0,0.2507562625335645,0.2507562625335645,0.2863799283154122,0.38922756290855925,0.2507562625335645,,,0.922,,0.2507562625335645,0.0,,1.0,0.078,0.5524162693847352,False,latched,0.11888615977621012,0.0,0,{},200,False,0.3228461605468348,0.0
139,69500,70000,500,0.0,0.3039378180705804,0.25328151505881696,0.3623369730057628,0.4403200680400133,0.25328151505881696,,,0.928,,0.3039378180705804,0.0,,1.0,0.072,0.5698501100412395,False,latched,0.11803892404245526,0.0,0,{},200,False,0.3228461605468348,0.0
140,70000,70500,500,0.0,0.2763579570808486,0.2763579570808486,0.2744092356760038,0.47140123343801404,0.2763579570808486,,,0.912,,0.2763579570808486,0.0,,1.0,0.088,0.582606495514089,False,latched,0.18316549778281505,0.0,0,{},200,False,0.3228461605468348,0.0
141,70500,71000,500,0.0,0.3241093474426808,0.3241093474426808,0.31039313860361945,0.587232739208093,0.3241093474426808,,,0.922,,0.3241093474426808,0.0,,1.0,0.078,0.5948693561032702,False,latched,0.18183788357418643,0.0,0,{},200,False,0.3228461605468348,0.0
142,71000,71500,500,0.0,0.3276575388433773,0.3276575388433773,0.32707270852492826,0.5171784915259864,0.3276575388433773,,,0.886,,0.3276575388433773,0.0,,1.0,0.114,0.5393944640704832,False,latched,0.19405023259516502,0.0,0,{},200,False,0.3228461605468348,0.0
143,71500,72000,500,0.0,0.3647813586041345,0.30398446550344543,0.36077922077922076,0.4660633382043214,0.30398446550344543,,,0.9,,0.3647813586041345,0.0,,1.0,0.1,0.5781640177892678,False,latched,0.1411824344668223,0.0,0,{},200,False,0.3228461605468348,0.0
144,72000,72500,500,0.0,0.26669428933921685,0.26669428933921685,0.3874285187234827,0.5322293206294441,0.26669428933921685,,,0.852,,0.26669428933921685,0.0,,1.0,0.148,0.52577620752386,False,latched,0.2982328946782022,0.0,0,{},200,False,0.3228461605468348,0.0
145,72500,73000,500,0.0,0.4058020453710766,0.4058020453710766,0.4212853323147441,0.5894674132150416,0.4058020453710766,,,0.904,,0.4058020453710766,0.0,,1.0,0.096,0.5630795612670557,False,latched,0.22630149762333504,0.0,0,{},200,False,0.3228461605468348,0.0
146,73000,73500,500,0.0,0.571869181902258,0.381246121268172,0.6082572014096377,0.5746751932044379,0.381246121268172,,,0.924,,0.571869181902258,0.0,,1.0,0.076,0.5903303962921145,False,latched,0.1633834984144332,0.0,0,{},200,False,0.3228461605468348,0.0
147,73500,74000,500,0.0,0.4165094339622641,0.3470911949685534,0.42750000000000005,0.4929148159500801,0.3470911949685534,,,0.954,,0.4165094339622641,0.0,,1.0,0.046,0.6025275860717602,False,latched,0.09662336382143276,0.0,0,{},200,False,0.3228461605468348,0.0
148,74000,74500,500,0.0,0.36069711538461535,0.24046474358974357,0.49633891213389125,0.33962610311278535,0.2885576923076923,,,0.948,,0.36069711538461535,0.0,,1.0,0.052,0.5871245970033714,False,latched,0.07435439597266397,0.0,0,{},200,False,0.3228461605468348,0.0
149,74500,75000,500,0.0,0.2836896057747763,0.23640800481231358,0.35604781997187057,0.3898347462593584,0.2836896057747763,,,0.932,,0.2836896057747763,0.0,,1.0,0.068,0.5890679367010938,False,latched,0.09335122272589207,0.0,0,{},200,False,0.3228461605468348,0.0
150,75000,75500,500,0.0,0.2892602090054319,0.24105017417119326,0.29451476793248943,0.38172235977867086,0.24105017417119326,,,0.93,,0.2892602090054319,0.0,,1.0,0.07,0.5919535168001844,False,latched,0.10116872856602163,0.0,0,{},200,False,0.3228461605468348,0.0
151,75500,76000,500,0.0,0.3865921459897936,0.3865921459897936,0.47227705399833314,0.5065030834281624,0.3865921459897936,,,0.892,,0.3865921459897936,0.0,,1.0,0.108,0.5567795528144676,False,latched,0.294921414046957,0.0,0,{},200,False,0.3228461605468348,0.0
152,76000,76500,500,0.0,0.3694881763864344,0.307906813655362,0.40186781609195404,0.3171329654535165,0.307906813655362,,,0.91,,0.3694881763864344,0.0,,1.0,0.09,0.5575529566704696,False,latched,0.107719703281773,0.0,0,{},200,False,0.3228461605468348,0.0
153,76500,77000,500,0.0,0.40879216568871746,0.3406601380739312,0.40675213675213673,0.5941150060499494,0.3406601380739312,,,0.95,,0.40879216568871746,0.0,,1.0,0.05,0.6006924653334472,False,latched,0.13381563810108707,0.0,0,{},200,False,0.3228461605468348,0.0
154,77000,77500,500,0.0,0.3790634443386197,0.3158862036155164,0.3816515837104072,0.5108801835143166,0.3158862036155164,,,0.878,,0.3790634443386197,0.0,,1.0,0.122,0.5581997308459287,False,latched,0.2598919282979096,0.0,0,{},200,False,0.3228461605468348,0.0
155,77500,78000,500,0.0,0.17653894845994178,0.17653894845994178,0.20273892773892774,0.333485428740817,0.17653894845994178,,,0.778,,0.17653894845994178,0.0,,1.0,0.222,0.44090890789307363,False,latched,0.32819475075308563,0.0,0,{},200,False,0.3228461605468348,0.0
156,78000,78500,500,0.0,0.22256483238456673,0.22256483238456673,0.26528400597907326,0.4044030170015967,0.22256483238456673,,,0.852,,0.22256483238456673,0.0,,1.0,0.148,0.5104771863171677,False,latched,0.24651358352343314,0.0,0,{},200,False,0.3228461605468348,0.0
157,78500,79000,500,0.0,0.2800516752323981,0.2800516752323981,0.3193599438234631,0.44359684719737075,0.2800516752323981,,,0.906,,0.2800516752323981,0.0,,1.0,0.094,0.5559886280435009,False,latched,0.1503051469963812,0.0,0,{},200,False,0.3228461605468348,0.0
158,79000,79500,500,0.0,0.3555186668571358,0.3555186668571358,0.4701532284496886,0.459445566151672,0.3555186668571358,,,0.866,,0.3555186668571358,0.0,,1.0,0.134,0.5183336953253673,False,latched,0.24876959038198176,0.0,0,{},200,False,0.3228461605468348,0.0
159,79500,80000,500,0.0,0.3594362745098039,0.2995302287581699,0.4105692751206974,0.45428627953381956,0.2995302287581699,,,0.892,,0.3594362745098039,0.0,,1.0,0.108,0.5247462198300867,False,latched,0.19231672384253054,0.0,0,{},200,False,0.3228461605468348,0.0
160,80000,80500,500,0.0,0.1794816111243895,0.1794816111243895,0.179822080654124,0.18773045725872065,0.1794816111243895,,,0.856,,0.1794816111243895,0.0,,1.0,0.144,0.49292758230537864,False,latched,0.1593282933392806,0.0,0,{},200,False,0.3228461605468348,0.0
161,80500,81000,500,0.0,0.45198941437501217,0.3766578453125102,0.45800376647834273,0.3959845961829191,0.3766578453125102,,,0.906,,0.45198941437501217,0.0,,1.0,0.094,0.5364030514729006,False,latched,0.18218999924238347,0.0,0,{},200,False,0.3228461605468348,0.0
162,81000,81500,500,0.0,0.28254810676598385,0.28254810676598385,0.42685200568569903,0.3630822722080595,0.28254810676598385,,,0.87,,0.28254810676598385,0.0,,1.0,0.13,0.5038136339644312,False,latched,0.2092593845515896,0.0,0,{},200,False,0.3228461605468348,0.0
163,81500,82000,500,0.0,0.22925298179535467,0.22925298179535467,0.2291224345364473,0.2542812099972626,0.22925298179535467,,,0.828,,0.22925298179535467,0.0,,1.0,0.172,0.49002762846414244,False,latched,0.17240844689835347,0.0,0,{},200,False,0.3228461605468348,0.0
164,82000,82500,500,0.0,0.19649738121960345,0.19649738121960345,0.2932098765432099,0.3004201014835308,0.19649738121960345,,,0.854,,0.19649738121960345,0.0,,1.0,0.146,0.4945476393752577,False,latched,0.1782052480743917,0.0,0,{},200,False,0.3228461605468348,0.0
165,82500,83000,500,0.0,0.3362982929020665,0.28024857741838877,0.3798545224541429,0.31961540856492493,0.28024857741838877,,,0.87,,0.3362982929020665,0.0,,1.0,0.13,0.5304894365961346,False,latched,0.14593815810730498,0.0,0,{},200,False,0.3228461605468348,0.0
166,83000,83500,500,0.0,0.2760111451988203,0.2760111451988203,0.2990525782888551,0.49580019336890474,0.2760111451988203,,,0.846,,0.2760111451988203,0.0,,1.0,0.154,0.5014005568184284,False,latched,0.28054696841523297,0.0,0,{},200,False,0.3228461605468348,0.0
167,83500,84000,500,0.0,0.30260637316866645,0.30260637316866645,0.36279559173727643,0.39839055408399826,0.30260637316866645,,,0.892,,0.30260637316866645,0.0,,1.0,0.108,0.5631349596692411,False,latched,0.1564065067067699,0.0,0,{},200,False,0.3228461605468348,0.0
168,84000,84500,500,0.0,0.44039013195639704,0.36699177663033083,0.4128964201548648,0.4558174115824431,0.36699177663033083,,,0.906,,0.44039013195639704,0.0,,1.0,0.094,0.5786751481973199,False,latched,0.1823928607040819,0.0,0,{},200,False,0.3228461605468348,0.0
169,84500,85000,500,0.0,0.33987969653277283,0.33987969653277283,0.3651231263383297,0.47612517525378933,0.33987969653277283,,,0.922,,0.33987969653277283,0.0,,1.0,0.078,0.5712550700479502,False,latched,0.1542653102471931,0.0,0,{},200,False,0.3228461605468348,0.0
170,85000,85500,500,0.0,0.25071432422233003,0.25071432422233003,0.4244301994301995,0.3627845378229662,0.25071432422233003,,,0.896,,0.25071432422233003,0.0,,1.0,0.104,0.5477344832324104,False,latched,0.15050354685378373,0.0,0,{},200,False,0.3228461605468348,0.0
171,85500,86000,500,0.0,0.36857385446697605,0.30714487872248003,0.43943107221006567,0.3479383925999921,0.30714487872248003,,,0.842,,0.36857385446697605,0.0,,1.0,0.158,0.5155976312739495,False,latched,0.23627418705891548,0.0,0,{},200,False,0.3228461605468348,0.0
172,86000,86500,500,0.0,0.24300956585724798,0.24300956585724798,0.28055555555555556,0.3401017235462963,0.24300956585724798,,,0.88,,0.24300956585724798,0.0,,1.0,0.12,0.526859338589834,False,latched,0.17040210264867103,0.0,0,{},200,False,0.3228461605468348,0.0
173,86500,87000,500,0.0,0.24490445859872612,0.20408704883227177,0.24919306634787802,0.314939064859985,0.20408704883227177,,,0.922,,0.24490445859872612,0.0,,1.0,0.078,0.5800860739977547,False,latched,0.1242022866625495,0.0,0,{},200,False,0.3228461605468348,0.0
174,87000,87500,500,0.0,0.40925252525252526,0.34104377104377104,0.4153341360626128,0.48487576356095974,0.34104377104377104,,,0.902,,0.40925252525252526,0.0,,1.0,0.098,0.5654390443848207,False,latched,0.15129226581574923,0.0,0,{},200,False,0.3228461605468348,0.0
175,87500,88000,500,0.0,0.2709793734283432,0.2709793734283432,0.3902035910149501,0.45709678349962596,0.2709793734283432,,,0.896,,0.2709793734283432,0.0,,1.0,0.104,0.5480960898627899,False,latched,0.14955660821111902,0.0,0,{},200,False,0.3228461605468348,0.0
176,88000,88500,500,0.0,0.5095149962819134,0.4245958302349279,0.49131692224912565,0.5475341535742169,0.4245958302349279,,,0.938,,0.5095149962819134,0.0,,1.0,0.062,0.6067843004452936,False,latched,0.13490071939750162,0.0,0,{},200,False,0.3228461605468348,0.0
177,88500,89000,500,0.0,0.27872186293238926,0.27872186293238926,0.26034934633660745,0.38189727642554216,0.27872186293238926,,,0.888,,0.27872186293238926,0.0,,1.0,0.112,0.5752985909948473,False,latched,0.1981637711363356,0.0,0,{},200,False,0.3228461605468348,0.0
178,89000,89500,500,0.0,0.39217599857767194,0.32681333214805997,0.3649017038007864,0.6018517573487275,0.32681333214805997,,,0.902,,0.39217599857767194,0.0,,1.0,0.098,0.5566010413849598,False,latched,0.22552661375063465,0.0,0,{},200,False,0.3228461605468348,0.0
179,89500,90000,500,0.0,0.33154607627974925,0.33154607627974925,0.3738050144300144,0.5751616513450668,0.33154607627974925,,,0.912,,0.33154607627974925,0.0,,1.0,0.088,0.5680223782823391,False,latched,0.20845569936093508,0.0,0,{},200,False,0.3228461605468348,0.0
180,90000,90500,500,0.0,0.46299528601163253,0.38582940500969376,0.5037170099160946,0.6191140005465159,0.46299528601163253,,,0.906,,0.46299528601163253,0.0,,1.0,0.094,0.5742756228856694,False,latched,0.22166308223205994,0.0,0,{},200,False,0.3228461605468348,0.0
181,90500,91000,500,0.0,0.3569536816462041,0.29746140137183674,0.3702314100586239,0.46907361806083897,0.29746140137183674,,,0.912,,0.3569536816462041,0.0,,1.0,0.088,0.5767448571732605,False,latched,0.17145886690458925,0.0,0,{},200,False,0.3228461605468348,0.0
182,91000,91500,500,0.0,0.20765533144954365,0.20765533144954365,0.22213431786216598,0.34283594898122255,0.20765533144954365,,,0.914,,0.20765533144954365,0.0,,1.0,0.086,0.5638053975412535,False,latched,0.1295089751612889,0.0,0,{},200,False,0.3228461605468348,0.0
183,91500,92000,500,0.0,0.45080532212885155,0.45080532212885155,0.5930438842203548,0.5747171883944127,0.45080532212885155,,,0.96,,0.45080532212885155,0.0,,1.0,0.04,0.6072504426529349,False,latched,0.09790294216893361,0.0,0,{},200,False,0.3228461605468348,0.0
184,92000,92500,500,0.0,0.19973604826546001,0.19973604826546001,0.22778902384165542,0.3710566601936657,0.19973604826546001,,,0.922,,0.19973604826546001,0.0,,1.0,0.078,0.5453181579599728,False,latched,0.12042200287719547,0.0,0,{},200,False,0.3228461605468348,0.0
185,92500,93000,500,0.0,0.34589743589743593,0.2882478632478633,0.530752688172043,0.42419218430504585,0.2882478632478633,,,0.928,,0.34589743589743593,0.0,,1.0,0.072,0.555843158717845,False,latched,0.1508573059286207,0.0,0,{},200,False,0.3228461605468348,0.0
186,93000,93500,500,0.0,0.3397110641296688,0.3397110641296688,0.38733138645529136,0.3734114002386665,0.3397110641296688,,,0.934,,0.3397110641296688,0.0,,1.0,0.066,0.5676598946938353,False,latched,0.08063950532927612,0.0,0,{},200,False,0.3228461605468348,0.0
187,93500,94000,500,0.0,0.22019138449721565,0.22019138449721565,0.2429070929070929,0.4575739650297487,0.22019138449721565,,,0.916,,0.22019138449721565,0.0,,1.0,0.084,0.5785663810295711,False,latched,0.15696822246718198,0.0,0,{},200,False,0.3228461605468348,0.0
188,94000,94500,500,0.0,0.3342273870745119,0.3342273870745119,0.42284691654439555,0.5288596117705517,0.3342273870745119,,,0.884,,0.3342273870745119,0.0,,1.0,0.116,0.5402141888488979,False,latched,0.2703020418416525,0.0,0,{},200,False,0.3228461605468348,0.0
189,94500,95000,500,0.0,0.2364372333498468,0.2364372333498468,0.26365335924159455,0.37090920923304577,0.2364372333498468,,,0.838,,0.2364372333498468,0.0,,1.0,0.162,0.4814402660481344,False,latched,0.2702934309675927,0.0,0,{},200,False,0.3228461605468348,0.0
190,95000,95500,500,0.0,0.2331059370796479,0.2331059370796479,0.32859433530061716,0.4174412457331749,0.2331059370796479,,,0.84,,0.2331059370796479,0.0,,1.0,0.16,0.4827491102742726,False,latched,0.2666470249527565,0.0,0,{},200,False,0.3228461605468348,0.0
191,95500,96000,500,0.0,0.2762312180498669,0.2762312180498669,0.2989819905316665,0.46470888362369533,0.2762312180498669,,,0.914,,0.2762312180498669,0.0,,1.0,0.086,0.5567742863578868,False,latched,0.16319456362245063,0.0,0,{},200,False,0.3228461605468348,0.0
192,96000,96500,500,0.0,0.3186994891246775,0.3186994891246775,0.4459482934804823,0.5004936684596923,0.3186994891246775,,,0.932,,0.3186994891246775,0.0,,1.0,0.068,0.5869456346399525,False,latched,0.12687992811822993,0.0,0,{},200,False,0.3228461605468348,0.0
193,96500,97000,500,0.0,0.4163168361951324,0.4163168361951324,0.42466509534462554,0.5596109599590074,0.4163168361951324,,,0.904,,0.4163168361951324,0.0,,1.0,0.096,0.5506570541854785,False,latched,0.21650219410363392,0.0,0,{},200,False,0.3228461605468348,0.0
194,97000,97500,500,0.0,0.26266514889662496,0.26266514889662496,0.28433742183742183,0.35780640707492073,0.26266514889662496,,,0.864,,0.26266514889662496,0.0,,1.0,0.136,0.5098216993250619,False,latched,0.20764854154870768,0.0,0,{},200,False,0.3228461605468348,0.0
195,97500,98000,500,0.0,0.20626561074467928,0.20626561074467928,0.27185780353588573,0.22796031635216,0.20626561074467928,,,0.82,,0.20626561074467928,0.0,,1.0,0.18,0.4840592649318057,False,latched,0.20543443555774887,0.0,0,{},200,False,0.3228461605468348,0.0
196,98000,98500,500,0.0,0.27777777777777773,0.27777777777777773,0.33753344034242905,0.330406135061736,0.27777777777777773,,,0.818,,0.27777777777777773,0.0,,1.0,0.182,0.47025586342331094,False,latched,0.2972237631310817,0.0,0,{},200,False,0.3228461605468348,0.0
197,98500,99000,500,0.0,0.25926527848315556,0.25926527848315556,0.3440271816881259,0.33031754947588554,0.25926527848315556,,,0.862,,0.25926527848315556,0.0,,1.0,0.138,0.5184481184064504,False,latched,0.20690114285186487,0.0,0,{},200,False,0.3228461605468348,0.0
198,99000,99500,500,0.0,0.3240899137774549,0.3240899137774549,0.371978021978022,0.3840261870021712,0.3240899137774549,,,0.886,,0.3240899137774549,0.0,,1.0,0.114,0.5291719350771185,False,latched,0.1412324414596955,0.0,0,{},200,False,0.3228461605468348,0.0
199,99500,100000,500,0.0,0.24974819678303742,0.24974819678303742,0.28815771308769195,0.44371281661645634,0.24974819678303742,,,0.848,,0.24974819678303742,0.0,,1.0,0.152,0.4975943342778386,False,latched,0.29647014264671717,0.0,0,{},200,False,0.3228461605468348,0.0
200,100000,100500,500,0.0,0.38220136927642984,0.38220136927642984,0.37952011229547744,0.5614039990429377,0.38220136927642984,,,0.906,,0.38220136927642984,0.0,,1.0,0.094,0.56824341554345,False,latched,0.19624430067279225,0.0,0,{},200,False,0.3228461605468348,0.0
201,100500,101000,500,0.0,0.2986429954716172,0.2986429954716172,0.30778170287199635,0.4653850184449834,0.2986429954716172,,,0.882,,0.2986429954716172,0.0,,1.0,0.118,0.5399002670963273,False,latched,0.20722943947464387,0.0,0,{},200,False,0.3228461605468348,0.0
202,101000,101500,500,0.0,0.4393569844789357,0.29290465631929047,0.42215219421101774,0.3717121825187124,0.29290465631929047,,,0.93,,0.4393569844789357,0.0,,1.0,0.07,0.5149272073824875,False,latched,0.14734005105673262,0.0,0,{},200,False,0.3228461605468348,0.0
203,101500,102000,500,0.0,0.29046758255001204,0.29046758255001204,0.33979122434536446,0.412342848364242,0.29046758255001204,,,0.91,,0.29046758255001204,0.0,,1.0,0.09,0.5012967679214649,False,latched,0.20224918882154308,0.0,0,{},200,False,0.3228461605468348,0.0
204,102000,102500,500,0.0,0.2743118461442085,0.2743118461442085,0.3181216931216931,0.4146910756645597,0.2743118461442085,,,0.93,,0.2743118461442085,0.0,,1.0,0.07,0.5253190557050378,False,latched,0.13002907993601825,0.0,0,{},200,False,0.3228461605468348,0.0
205,102500,103000,500,0.0,0.4039223936418887,0.3366019947015739,0.4922222222222222,0.43343131679691327,0.3366019947015739,,,0.912,,0.4039223936418887,0.0,,1.0,0.088,0.53172964372211,False,latched,0.1863024573824013,0.0,0,{},200,False,0.3228461605468348,0.0
206,103000,103500,500,0.0,0.26577467026855234,0.2214788918904603,0.30733376792698824,0.3518814864877306,0.2214788918904603,,,0.912,,0.26577467026855234,0.0,,1.0,0.088,0.5766926889998552,False,latched,0.12906686441408596,0.0,0,{},200,False,0.3228461605468348,0.0
207,103500,104000,500,0.0,0.4143730886850153,0.2762487257900102,0.41261808367071523,0.3905131114968054,0.2762487257900102,,,0.976,,0.4143730886850153,0.0,,1.0,0.024,0.6141071498707058,False,latched,0.06838788081846564,0.0,0,{},200,False,0.3228461605468348,0.0
208,104000,104500,500,0.0,0.23551760939167554,0.19626467449306295,0.24284210526315791,0.3357041835094564,0.19626467449306295,,,0.918,,0.23551760939167554,0.0,,1.0,0.082,0.5802822679027272,False,latched,0.1026787777805701,0.0,0,{},200,False,0.3228461605468348,0.0
209,104500,105000,500,0.0,0.3197972080590591,0.3197972080590591,0.3576803313380495,0.5353183900384657,0.3197972080590591,,,0.9,,0.3197972080590591,0.0,,1.0,0.1,0.5498506984247333,False,latched,0.18250423417921244,0.0,0,{},200,False,0.3228461605468348,0.0
210,105000,105500,500,0.0,0.306611447559551,0.306611447559551,0.46959641255605383,0.5041250943687261,0.306611447559551,,,0.894,,0.306611447559551,0.0,,1.0,0.106,0.5214581255629902,False,latched,0.17665554015395551,0.0,0,{},200,False,0.3228461605468348,0.0
211,105500,106000,500,0.0,0.2819499903081993,0.23495832525683272,0.3282296260003266,0.4178827791570323,0.23495832525683272,,,0.93,,0.2819499903081993,0.0,,1.0,0.07,0.5814278715789079,False,latched,0.1211580601963105,0.0,0,{},200,False,0.3228461605468348,0.0
212,106000,106500,500,0.0,0.36082439285130125,0.36082439285130125,0.4169905331340309,0.5448816547698477,0.36082439285130125,,,0.9,,0.36082439285130125,0.0,,1.0,0.1,0.5457421534809275,False,latched,0.19026042503297289,0.0,0,{},200,False,0.3228461605468348,0.0
213,106500,107000,500,0.0,0.38846076002655394,0.38846076002655394,0.4984287317620652,0.5324246159713204,0.38846076002655394,,,0.882,,0.38846076002655394,0.0,,1.0,0.118,0.5446246246944111,False,latched,0.23356200274213249,0.0,0,{},200,False,0.3228461605468348,0.0
214,107000,107500,500,0.0,0.478642363094105,0.478642363094105,0.484153592664231,0.45015214657150515,0.478642363094105,,,0.922,,0.478642363094105,0.0,,1.0,0.078,0.5767437060073919,False,latched,0.12342362663988363,0.0,0,{},200,False,0.3228461605468348,0.0
215,107500,108000,500,0.0,0.3663940997274331,0.3663940997274331,0.3819148936170213,0.5528650595688567,0.3663940997274331,,,0.952,,0.3663940997274331,0.0,,1.0,0.048,0.6043934221147699,False,latched,0.13881784391057592,0.0,0,{},200,False,0.3228461605468348,0.0
216,108000,108500,500,0.0,0.2613756613756614,0.21781305114638447,0.29368421052631577,0.30562434028189966,0.2613756613756614,,,0.926,,0.2613756613756614,0.0,,1.0,0.074,0.5761531065316826,False,latched,0.07256362245617161,0.0,0,{},200,False,0.3228461605468348,0.0
217,108500,109000,500,0.0,0.31307608513490864,0.31307608513490864,0.3259456264775414,0.3868145309096627,0.31307608513490864,,,0.924,,0.31307608513490864,0.0,,1.0,0.076,0.5811543715552129,False,latched,0.11518164329747743,0.0,0,{},200,False,0.3228461605468348,0.0
218,109000,109500,500,0.0,0.3184358607534573,0.26536321729454776,0.29608502024291494,0.3598870776613343,0.26536321729454776,,,0.914,,0.3184358607534573,0.0,,1.0,0.086,0.5661863959190075,False,latched,0.11023952413946991,0.0,0,{},200,False,0.3228461605468348,0.0
219,109500,110000,500,0.0,0.5111280875986759,0.4259400729988965,0.5185137085137085,0.6438170754982229,0.4259400729988965,,,0.948,,0.5111280875986759,0.0,,1.0,0.052,0.6121663040426111,False,latched,0.18965818563707518,0.0,0,{},200,False,0.3228461605468348,0.0
220,110000,110500,500,0.0,0.19278300769172982,0.19278300769172982,0.22504052460949012,0.2923661223190814,0.19278300769172982,,,0.912,,0.19278300769172982,0.0,,1.0,0.088,0.578425811292524,False,latched,0.10102654822123686,0.0,0,{},200,False,0.3228461605468348,0.0
221,110500,111000,500,0.0,0.34491609901977077,0.34491609901977077,0.3481365222532246,0.5091206249389815,0.34491609901977077,,,0.93,,0.34491609901977077,0.0,,1.0,0.07,0.6012337495391458,False,latched,0.14016170064779865,0.0,0,{},200,False,0.3228461605468348,0.0
222,111000,111500,500,0.0,0.29655565930075733,0.29655565930075733,0.3821517360228268,0.5198982667507149,0.29655565930075733,,,0.882,,0.29655565930075733,0.0,,1.0,0.118,0.5500846217822386,False,latched,0.26959861619304065,0.0,0,{},200,False,0.3228461605468348,0.0
223,111500,112000,500,0.0,0.24811084957169555,0.2067590413097463,0.3257208754539208,0.3384332274309967,0.2067590413097463,,,0.802,,0.24811084957169555,0.0,,1.0,0.198,0.46105413596900285,False,latched,0.2720474591344207,0.0,0,{},200,False,0.3228461605468348,0.0
224,112000,112500,500,0.0,0.3037447552610964,0.253120629384247,0.3693908245450096,0.4083251224252,0.253120629384247,,,0.872,,0.3037447552610964,0.0,,1.0,0.128,0.5325385799862228,False,latched,0.20633300827482598,0.0,0,{},200,False,0.3228461605468348,0.0
225,112500,113000,500,0.0,0.3566910851095472,0.3566910851095472,0.3712452812223454,0.5354756832248317,0.3566910851095472,,,0.876,,0.3566910851095472,0.0,,1.0,0.124,0.5436249879364063,False,latched,0.22855644420033722,0.0,0,{},200,False,0.3228461605468348,0.0
226,113000,113500,500,0.0,0.2777596164323853,0.2777596164323853,0.3294428882664177,0.4872018940316206,0.2777596164323853,,,0.88,,0.2777596164323853,0.0,,1.0,0.12,0.571053651979951,False,latched,0.23017881511557323,0.0,0,{},200,False,0.3228461605468348,0.0
227,113500,114000,500,0.0,0.29810387031343755,0.24841989192786462,0.3375757575757576,0.3735049152597609,0.24841989192786462,,,0.856,,0.29810387031343755,0.0,,1.0,0.144,0.5149521848371691,False,latched,0.2140871452249856,0.0,0,{},200,False,0.3228461605468348,0.0
228,114000,114500,500,0.0,0.2079869429934235,0.2079869429934235,0.2072167250738679,0.2366213754303925,0.2079869429934235,,,0.844,,0.2079869429934235,0.0,,1.0,0.156,0.4831345464768402,False,latched,0.18379796635389056,0.0,0,{},200,False,0.3228461605468348,0.0
229,114500,115000,500,0.0,0.19570084652437303,0.19570084652437303,0.20886243386243386,0.2764707330187521,0.19570084652437303,,,0.842,,0.19570084652437303,0.0,,1.0,0.158,0.4905622597686424,False,latched,0.16825991673461252,0.0,0,{},200,False,0.3228461605468348,0.0
230,115000,115500,500,0.0,0.28597916097916093,0.28597916097916093,0.48488120950323976,0.37408250095793205,0.28597916097916093,,,0.862,,0.28597916097916093,0.0,,1.0,0.138,0.5241029696942849,False,latched,0.23263940591790927,0.0,0,{},200,False,0.3228461605468348,0.0
231,115500,116000,500,0.0,0.2850906285986013,0.2850906285986013,0.3854777672658467,0.39789286941781427,0.2850906285986013,,,0.86,,0.2850906285986013,0.0,,1.0,0.14,0.5220267559016141,False,latched,0.2265517408963122,0.0,0,{},200,False,0.3228461605468348,0.0
232,116000,116500,500,0.0,0.33337446866858633,0.27781205722382196,0.3197470355731225,0.3852670212705538,0.27781205722382196,,,0.866,,0.33337446866858633,0.0,,1.0,0.134,0.5319416794586379,False,latched,0.18384292721867224,0.0,0,{},200,False,0.3228461605468348,0.0
233,116500,117000,500,0.0,0.317516339869281,0.317516339869281,0.344494753048904,0.5014690957858339,0.317516339869281,,,0.862,,0.317516339869281,0.0,,1.0,0.138,0.5215840190083149,False,latched,0.25195953138878857,0.0,0,{},200,False,0.3228461605468348,0.0
234,117000,117500,500,0.0,0.3702195184756019,0.3702195184756019,0.509707553898898,0.5364426208242871,0.3702195184756019,,,0.882,,0.3702195184756019,0.0,,1.0,0.118,0.540468837980944,False,latched,0.18810814422611238,0.0,0,{},200,False,0.3228461605468348,0.0
235,117500,118000,500,0.0,0.40199833134048774,0.40199833134048774,0.4119359534206695,0.5495611558269373,0.40199833134048774,,,0.926,,0.40199833134048774,0.0,,1.0,0.074,0.5631604090695042,False,latched,0.1648631228077045,0.0,0,{},200,False,0.3228461605468348,0.0
236,118000,118500,500,0.0,0.33920397757110665,0.33920397757110665,0.5188449848024316,0.37266754833646765,0.33920397757110665,,,0.924,,0.33920397757110665,0.0,,1.0,0.076,0.5349142150110886,False,latched,0.12008461080648715,0.0,0,{},200,False,0.3228461605468348,0.0
237,118500,119000,500,0.0,0.25005430903391984,0.25005430903391984,0.27146198830409357,0.4316977294213765,0.25005430903391984,,,0.926,,0.25005430903391984,0.0,,1.0,0.074,0.5604297240585383,False,latched,0.12748245222986823,0.0,0,{},200,False,0.3228461605468348,0.0
238,119000,119500,500,0.0,0.32147838214783825,0.16073919107391912,0.31043771043771046,0.16730592512940168,0.16073919107391912,,,0.922,,0.32147838214783825,0.0,,1.0,0.078,0.5864133357974934,False,latched,0.07425070050282472,0.0,0,{},200,False,0.3228461605468348,0.0
239,119500,120000,500,0.0,0.9775051124744376,0.1629175187457396,0.956,,0.4887525562372188,,,0.956,,0.9775051124744376,0.0,,1.0,0.044,0.6163675035116382,False,latched,0.04853312143527447,0.0,0,{},200,False,0.3228461605468348,0.0
