campaign,evidence_class,run_name,scenario,source_dataset,target_dataset,method,seed,adaptation_enabled,formal_gate4_run,summary_path
v018_core,engineering_smoke_only,E00_smoke_adaptive,synthetic_novel_classes,Synthetic-Source-Smoke,Synthetic-Target-Smoke,adaptive_prototype_1pct,11,True,False,results/frozen/v018_core/runs/E00_smoke_adaptive__adaptive_prototype_1pct__seed11/summary.json
v018_core,engineering_smoke_only,E00_smoke_static,synthetic_novel_classes,Synthetic-Source-Smoke,Synthetic-Target-Smoke,logistic_open_set,11,False,False,results/frozen/v018_core/runs/E00_smoke_static__logistic_open_set__seed11/summary.json
v018_core,historical_UNSW_development_pre_four_gate,E02_E05_UNSW_decoupled_static_check_v013,supported_6class_capture_session_and_prevalence_shift,NF-UNSW-NB15-v3-Historical-Pilot,NF-UNSW-NB15-v3-Future-Session-Aligned-Pilot,prototype_static_closed,11,False,False,results/frozen/v018_core/runs/E02_E05_UNSW_decoupled_static_check_v013__prototype_static_closed__seed11/summary.json
v018_core,historical_UNSW_development_pre_four_gate,E02_E05_UNSW_logistic_v012,supported_6class_temporal_shift,NF-UNSW-NB15-v3-Historical-Pilot,NF-UNSW-NB15-v3-Future-Pilot,logistic_closed,11,False,False,results/frozen/v018_core/runs/E02_E05_UNSW_logistic_v012__logistic_closed__seed11/summary.json
v018_core,historical_UNSW_development_pre_four_gate,E02_E05_UNSW_random_forest_v012,supported_6class_temporal_shift,NF-UNSW-NB15-v3-Historical-Pilot,NF-UNSW-NB15-v3-Future-Pilot,random_forest_closed,11,False,False,results/frozen/v018_core/runs/E02_E05_UNSW_random_forest_v012__random_forest_closed__seed11/summary.json
v018_core,historical_UNSW_development_pre_four_gate,E02_E05_UNSW_session_aligned_eval5000_v012,supported_6class_capture_session_and_prevalence_shift,NF-UNSW-NB15-v3-Historical-Pilot,NF-UNSW-NB15-v3-Future-Session-Aligned-Pilot,logistic_closed,11,False,False,results/frozen/v018_core/runs/E02_E05_UNSW_session_aligned_eval5000_v012__logistic_closed__seed11/summary.json
v018_core,historical_UNSW_development_pre_four_gate,E02_E05_UNSW_session_aligned_eval5000_v012,supported_6class_capture_session_and_prevalence_shift,NF-UNSW-NB15-v3-Historical-Pilot,NF-UNSW-NB15-v3-Future-Session-Aligned-Pilot,prototype_static_closed,11,False,False,results/frozen/v018_core/runs/E02_E05_UNSW_session_aligned_eval5000_v012__prototype_static_closed__seed11/summary.json
v018_core,historical_UNSW_development_pre_four_gate,E02_E05_UNSW_session_aligned_eval5000_v012,supported_6class_capture_session_and_prevalence_shift,NF-UNSW-NB15-v3-Historical-Pilot,NF-UNSW-NB15-v3-Future-Session-Aligned-Pilot,random_forest_closed,11,False,False,results/frozen/v018_core/runs/E02_E05_UNSW_session_aligned_eval5000_v012__random_forest_closed__seed11/summary.json
v018_core,historical_UNSW_development_pre_four_gate,E02_E05_UNSW_session_aligned_logistic_5000_v012,supported_6class_capture_session_and_prevalence_shift,NF-UNSW-NB15-v3-Historical-Pilot,NF-UNSW-NB15-v3-Future-Session-Aligned-Pilot,logistic_closed,11,False,False,results/frozen/v018_core/runs/E02_E05_UNSW_session_aligned_logistic_5000_v012__logistic_closed__seed11/summary.json
v018_core,historical_UNSW_development_pre_four_gate,E02_E05_UNSW_session_aligned_pilot_v012,supported_6class_capture_session_and_prevalence_shift,NF-UNSW-NB15-v3-Historical-Pilot,NF-UNSW-NB15-v3-Future-Session-Aligned-Pilot,logistic_closed,11,False,False,results/frozen/v018_core/runs/E02_E05_UNSW_session_aligned_pilot_v012__logistic_closed__seed11/summary.json
v018_core,historical_UNSW_development_pre_four_gate,E02_E05_UNSW_session_aligned_pilot_v012,supported_6class_capture_session_and_prevalence_shift,NF-UNSW-NB15-v3-Historical-Pilot,NF-UNSW-NB15-v3-Future-Session-Aligned-Pilot,prototype_static_closed,11,False,False,results/frozen/v018_core/runs/E02_E05_UNSW_session_aligned_pilot_v012__prototype_static_closed__seed11/summary.json
v018_core,historical_UNSW_development_pre_four_gate,E02_E05_UNSW_session_aligned_pilot_v012,supported_6class_capture_session_and_prevalence_shift,NF-UNSW-NB15-v3-Historical-Pilot,NF-UNSW-NB15-v3-Future-Session-Aligned-Pilot,random_forest_closed,11,False,False,results/frozen/v018_core/runs/E02_E05_UNSW_session_aligned_pilot_v012__random_forest_closed__seed11/summary.json
v018_core,historical_UNSW_development_pre_four_gate,E02_E05_UNSW_temporal_pilot,supported_6class_temporal_shift,NF-UNSW-NB15-v3-Historical-Pilot,NF-UNSW-NB15-v3-Future-Pilot,prototype_static_closed,11,False,False,results/frozen/v018_core/runs/E02_E05_UNSW_temporal_pilot__prototype_static_closed__seed11/summary.json
v018_core,historical_UNSW_development_pre_four_gate,E02_E05_UNSW_temporal_pilot_v012,supported_6class_temporal_shift,NF-UNSW-NB15-v3-Historical-Pilot,NF-UNSW-NB15-v3-Future-Pilot,prototype_static_closed,11,False,False,results/frozen/v018_core/runs/E02_E05_UNSW_temporal_pilot_v012__prototype_static_closed__seed11/summary.json
v018_core,historical_UNSW_development_pre_four_gate,E02_E05_UNSW_warmup_gate_static_v014,supported_6class_capture_session_and_prevalence_shift,NF-UNSW-NB15-v3-Historical-Pilot,NF-UNSW-NB15-v3-Future-Session-Aligned-Pilot,prototype_static_closed,11,False,False,results/frozen/v018_core/runs/E02_E05_UNSW_warmup_gate_static_v014__prototype_static_closed__seed11/summary.json
v018_core,historical_UNSW_development_pre_four_gate,E05_UNSW_nested_naive_replay_budget_025_v015,supported_6class_capture_session_and_prevalence_shift,NF-UNSW-NB15-v3-Historical-Pilot,NF-UNSW-NB15-v3-Future-Session-Aligned-Pilot,nested_naive_replay_event_025,11,True,False,results/frozen/v018_core/runs/E05_UNSW_nested_naive_replay_budget_025_v015__nested_naive_replay_event_025__seed11/summary.json
v018_core,historical_UNSW_development_pre_four_gate,E05_UNSW_nested_naive_replay_budget_050_v015,supported_6class_capture_session_and_prevalence_shift,NF-UNSW-NB15-v3-Historical-Pilot,NF-UNSW-NB15-v3-Future-Session-Aligned-Pilot,nested_naive_replay_event_050,11,True,False,results/frozen/v018_core/runs/E05_UNSW_nested_naive_replay_budget_050_v015__nested_naive_replay_event_050__seed11/summary.json
v018_core,historical_UNSW_development_pre_four_gate,E05_UNSW_nested_naive_replay_budget_100_v015,supported_6class_capture_session_and_prevalence_shift,NF-UNSW-NB15-v3-Historical-Pilot,NF-UNSW-NB15-v3-Future-Session-Aligned-Pilot,nested_naive_replay_event_100,11,True,False,results/frozen/v018_core/runs/E05_UNSW_nested_naive_replay_budget_100_v015__nested_naive_replay_event_100__seed11/summary.json
v018_core,historical_UNSW_development_pre_four_gate,E05_UNSW_nested_naive_replay_budget_200_v015,supported_6class_capture_session_and_prevalence_shift,NF-UNSW-NB15-v3-Historical-Pilot,NF-UNSW-NB15-v3-Future-Session-Aligned-Pilot,nested_naive_replay_event_200,11,True,False,results/frozen/v018_core/runs/E05_UNSW_nested_naive_replay_budget_200_v015__nested_naive_replay_event_200__seed11/summary.json
v018_core,historical_UNSW_development_pre_four_gate,E05_UNSW_nested_source_anchored_budget_025_v015,supported_6class_capture_session_and_prevalence_shift,NF-UNSW-NB15-v3-Historical-Pilot,NF-UNSW-NB15-v3-Future-Session-Aligned-Pilot,nested_source_anchored_event_025,11,True,False,results/frozen/v018_core/runs/E05_UNSW_nested_source_anchored_budget_025_v015__nested_source_anchored_event_025__seed11/summary.json
v018_core,historical_UNSW_development_pre_four_gate,E05_UNSW_nested_source_anchored_budget_050_v015,supported_6class_capture_session_and_prevalence_shift,NF-UNSW-NB15-v3-Historical-Pilot,NF-UNSW-NB15-v3-Future-Session-Aligned-Pilot,nested_source_anchored_event_050,11,True,False,results/frozen/v018_core/runs/E05_UNSW_nested_source_anchored_budget_050_v015__nested_source_anchored_event_050__seed11/summary.json
v018_core,historical_UNSW_development_pre_four_gate,E05_UNSW_nested_source_anchored_budget_100_v015,supported_6class_capture_session_and_prevalence_shift,NF-UNSW-NB15-v3-Historical-Pilot,NF-UNSW-NB15-v3-Future-Session-Aligned-Pilot,nested_source_anchored_event_100,11,True,False,results/frozen/v018_core/runs/E05_UNSW_nested_source_anchored_budget_100_v015__nested_source_anchored_event_100__seed11/summary.json
v018_core,historical_UNSW_development_pre_four_gate,E05_UNSW_nested_source_anchored_budget_200_v015,supported_6class_capture_session_and_prevalence_shift,NF-UNSW-NB15-v3-Historical-Pilot,NF-UNSW-NB15-v3-Future-Session-Aligned-Pilot,nested_source_anchored_event_200,11,True,False,results/frozen/v018_core/runs/E05_UNSW_nested_source_anchored_budget_200_v015__nested_source_anchored_event_200__seed11/summary.json
v018_core,historical_UNSW_development_pre_four_gate,E05_UNSW_one_shot_adaptive_budget_025_v014,supported_6class_capture_session_and_prevalence_shift,NF-UNSW-NB15-v3-Historical-Pilot,NF-UNSW-NB15-v3-Future-Session-Aligned-Pilot,adaptive_prototype_event_025,11,True,False,results/frozen/v018_core/runs/E05_UNSW_one_shot_adaptive_budget_025_v014__adaptive_prototype_event_025__seed11/summary.json
v018_core,historical_UNSW_development_pre_four_gate,E05_UNSW_one_shot_adaptive_budget_050_v014,supported_6class_capture_session_and_prevalence_shift,NF-UNSW-NB15-v3-Historical-Pilot,NF-UNSW-NB15-v3-Future-Session-Aligned-Pilot,adaptive_prototype_event_050,11,True,False,results/frozen/v018_core/runs/E05_UNSW_one_shot_adaptive_budget_050_v014__adaptive_prototype_event_050__seed11/summary.json
v018_core,historical_UNSW_development_pre_four_gate,E05_UNSW_one_shot_adaptive_budget_100_v014,supported_6class_capture_session_and_prevalence_shift,NF-UNSW-NB15-v3-Historical-Pilot,NF-UNSW-NB15-v3-Future-Session-Aligned-Pilot,adaptive_prototype_event_100,11,True,False,results/frozen/v018_core/runs/E05_UNSW_one_shot_adaptive_budget_100_v014__adaptive_prototype_event_100__seed11/summary.json
v018_core,historical_UNSW_development_pre_four_gate,E05_UNSW_one_shot_adaptive_budget_200_v014,supported_6class_capture_session_and_prevalence_shift,NF-UNSW-NB15-v3-Historical-Pilot,NF-UNSW-NB15-v3-Future-Session-Aligned-Pilot,adaptive_prototype_event_200,11,True,False,results/frozen/v018_core/runs/E05_UNSW_one_shot_adaptive_budget_200_v014__adaptive_prototype_event_200__seed11/summary.json
v018_core,historical_UNSW_development_pre_four_gate,E05_UNSW_one_shot_random_budget_025_v014,supported_6class_capture_session_and_prevalence_shift,NF-UNSW-NB15-v3-Historical-Pilot,NF-UNSW-NB15-v3-Future-Session-Aligned-Pilot,adaptive_prototype_random_event_025,11,True,False,results/frozen/v018_core/runs/E05_UNSW_one_shot_random_budget_025_v014__adaptive_prototype_random_event_025__seed11/summary.json
v018_core,historical_UNSW_development_pre_four_gate,E05_UNSW_one_shot_random_budget_050_v014,supported_6class_capture_session_and_prevalence_shift,NF-UNSW-NB15-v3-Historical-Pilot,NF-UNSW-NB15-v3-Future-Session-Aligned-Pilot,adaptive_prototype_random_event_050,11,True,False,results/frozen/v018_core/runs/E05_UNSW_one_shot_random_budget_050_v014__adaptive_prototype_random_event_050__seed11/summary.json
v018_core,historical_UNSW_development_pre_four_gate,E05_UNSW_one_shot_random_budget_100_v014,supported_6class_capture_session_and_prevalence_shift,NF-UNSW-NB15-v3-Historical-Pilot,NF-UNSW-NB15-v3-Future-Session-Aligned-Pilot,adaptive_prototype_random_event_100,11,True,False,results/frozen/v018_core/runs/E05_UNSW_one_shot_random_budget_100_v014__adaptive_prototype_random_event_100__seed11/summary.json
v018_core,historical_UNSW_development_pre_four_gate,E05_UNSW_one_shot_random_budget_200_v014,supported_6class_capture_session_and_prevalence_shift,NF-UNSW-NB15-v3-Historical-Pilot,NF-UNSW-NB15-v3-Future-Session-Aligned-Pilot,adaptive_prototype_random_event_200,11,True,False,results/frozen/v018_core/runs/E05_UNSW_one_shot_random_budget_200_v014__adaptive_prototype_random_event_200__seed11/summary.json
v018_core,historical_UNSW_development_pre_four_gate,E05_UNSW_paired_5seed_v015,supported_6class_capture_session_and_prevalence_shift,NF-UNSW-NB15-v3-Historical-Pilot,NF-UNSW-NB15-v3-Future-Session-Aligned-Pilot,paired_naive_replay_B050,109,True,False,results/frozen/v018_core/runs/E05_UNSW_paired_5seed_v015__paired_naive_replay_B050__seed109/summary.json
v018_core,historical_UNSW_development_pre_four_gate,E05_UNSW_paired_5seed_v015,supported_6class_capture_session_and_prevalence_shift,NF-UNSW-NB15-v3-Historical-Pilot,NF-UNSW-NB15-v3-Future-Session-Aligned-Pilot,paired_naive_replay_B050,11,True,False,results/frozen/v018_core/runs/E05_UNSW_paired_5seed_v015__paired_naive_replay_B050__seed11/summary.json
v018_core,historical_UNSW_development_pre_four_gate,E05_UNSW_paired_5seed_v015,supported_6class_capture_session_and_prevalence_shift,NF-UNSW-NB15-v3-Historical-Pilot,NF-UNSW-NB15-v3-Future-Session-Aligned-Pilot,paired_naive_replay_B050,127,True,False,results/frozen/v018_core/runs/E05_UNSW_paired_5seed_v015__paired_naive_replay_B050__seed127/summary.json
v018_core,historical_UNSW_development_pre_four_gate,E05_UNSW_paired_5seed_v015,supported_6class_capture_session_and_prevalence_shift,NF-UNSW-NB15-v3-Historical-Pilot,NF-UNSW-NB15-v3-Future-Session-Aligned-Pilot,paired_naive_replay_B050,149,True,False,results/frozen/v018_core/runs/E05_UNSW_paired_5seed_v015__paired_naive_replay_B050__seed149/summary.json
v018_core,historical_UNSW_development_pre_four_gate,E05_UNSW_paired_5seed_v015,supported_6class_capture_session_and_prevalence_shift,NF-UNSW-NB15-v3-Historical-Pilot,NF-UNSW-NB15-v3-Future-Session-Aligned-Pilot,paired_naive_replay_B050,23,True,False,results/frozen/v018_core/runs/E05_UNSW_paired_5seed_v015__paired_naive_replay_B050__seed23/summary.json
v018_core,historical_UNSW_development_pre_four_gate,E05_UNSW_paired_5seed_v015,supported_6class_capture_session_and_prevalence_shift,NF-UNSW-NB15-v3-Historical-Pilot,NF-UNSW-NB15-v3-Future-Session-Aligned-Pilot,paired_naive_replay_B050,37,True,False,results/frozen/v018_core/runs/E05_UNSW_paired_5seed_v015__paired_naive_replay_B050__seed37/summary.json
v018_core,historical_UNSW_development_pre_four_gate,E05_UNSW_paired_5seed_v015,supported_6class_capture_session_and_prevalence_shift,NF-UNSW-NB15-v3-Historical-Pilot,NF-UNSW-NB15-v3-Future-Session-Aligned-Pilot,paired_naive_replay_B050,53,True,False,results/frozen/v018_core/runs/E05_UNSW_paired_5seed_v015__paired_naive_replay_B050__seed53/summary.json
v018_core,historical_UNSW_development_pre_four_gate,E05_UNSW_paired_5seed_v015,supported_6class_capture_session_and_prevalence_shift,NF-UNSW-NB15-v3-Historical-Pilot,NF-UNSW-NB15-v3-Future-Session-Aligned-Pilot,paired_naive_replay_B050,71,True,False,results/frozen/v018_core/runs/E05_UNSW_paired_5seed_v015__paired_naive_replay_B050__seed71/summary.json
v018_core,historical_UNSW_development_pre_four_gate,E05_UNSW_paired_5seed_v015,supported_6class_capture_session_and_prevalence_shift,NF-UNSW-NB15-v3-Historical-Pilot,NF-UNSW-NB15-v3-Future-Session-Aligned-Pilot,paired_naive_replay_B050,83,True,False,results/frozen/v018_core/runs/E05_UNSW_paired_5seed_v015__paired_naive_replay_B050__seed83/summary.json
v018_core,historical_UNSW_development_pre_four_gate,E05_UNSW_paired_5seed_v015,supported_6class_capture_session_and_prevalence_shift,NF-UNSW-NB15-v3-Historical-Pilot,NF-UNSW-NB15-v3-Future-Session-Aligned-Pilot,paired_naive_replay_B050,97,True,False,results/frozen/v018_core/runs/E05_UNSW_paired_5seed_v015__paired_naive_replay_B050__seed97/summary.json
v018_core,historical_UNSW_development_pre_four_gate,E05_UNSW_paired_5seed_v015,supported_6class_capture_session_and_prevalence_shift,NF-UNSW-NB15-v3-Historical-Pilot,NF-UNSW-NB15-v3-Future-Session-Aligned-Pilot,paired_naive_replay_B200,109,True,False,results/frozen/v018_core/runs/E05_UNSW_paired_5seed_v015__paired_naive_replay_B200__seed109/summary.json
v018_core,historical_UNSW_development_pre_four_gate,E05_UNSW_paired_5seed_v015,supported_6class_capture_session_and_prevalence_shift,NF-UNSW-NB15-v3-Historical-Pilot,NF-UNSW-NB15-v3-Future-Session-Aligned-Pilot,paired_naive_replay_B200,11,True,False,results/frozen/v018_core/runs/E05_UNSW_paired_5seed_v015__paired_naive_replay_B200__seed11/summary.json
v018_core,historical_UNSW_development_pre_four_gate,E05_UNSW_paired_5seed_v015,supported_6class_capture_session_and_prevalence_shift,NF-UNSW-NB15-v3-Historical-Pilot,NF-UNSW-NB15-v3-Future-Session-Aligned-Pilot,paired_naive_replay_B200,127,True,False,results/frozen/v018_core/runs/E05_UNSW_paired_5seed_v015__paired_naive_replay_B200__seed127/summary.json
v018_core,historical_UNSW_development_pre_four_gate,E05_UNSW_paired_5seed_v015,supported_6class_capture_session_and_prevalence_shift,NF-UNSW-NB15-v3-Historical-Pilot,NF-UNSW-NB15-v3-Future-Session-Aligned-Pilot,paired_naive_replay_B200,149,True,False,results/frozen/v018_core/runs/E05_UNSW_paired_5seed_v015__paired_naive_replay_B200__seed149/summary.json
v018_core,historical_UNSW_development_pre_four_gate,E05_UNSW_paired_5seed_v015,supported_6class_capture_session_and_prevalence_shift,NF-UNSW-NB15-v3-Historical-Pilot,NF-UNSW-NB15-v3-Future-Session-Aligned-Pilot,paired_naive_replay_B200,23,True,False,results/frozen/v018_core/runs/E05_UNSW_paired_5seed_v015__paired_naive_replay_B200__seed23/summary.json
v018_core,historical_UNSW_development_pre_four_gate,E05_UNSW_paired_5seed_v015,supported_6class_capture_session_and_prevalence_shift,NF-UNSW-NB15-v3-Historical-Pilot,NF-UNSW-NB15-v3-Future-Session-Aligned-Pilot,paired_naive_replay_B200,37,True,False,results/frozen/v018_core/runs/E05_UNSW_paired_5seed_v015__paired_naive_replay_B200__seed37/summary.json
v018_core,historical_UNSW_development_pre_four_gate,E05_UNSW_paired_5seed_v015,supported_6class_capture_session_and_prevalence_shift,NF-UNSW-NB15-v3-Historical-Pilot,NF-UNSW-NB15-v3-Future-Session-Aligned-Pilot,paired_naive_replay_B200,53,True,False,results/frozen/v018_core/runs/E05_UNSW_paired_5seed_v015__paired_naive_replay_B200__seed53/summary.json
v018_core,historical_UNSW_development_pre_four_gate,E05_UNSW_paired_5seed_v015,supported_6class_capture_session_and_prevalence_shift,NF-UNSW-NB15-v3-Historical-Pilot,NF-UNSW-NB15-v3-Future-Session-Aligned-Pilot,paired_naive_replay_B200,71,True,False,results/frozen/v018_core/runs/E05_UNSW_paired_5seed_v015__paired_naive_replay_B200__seed71/summary.json
v018_core,historical_UNSW_development_pre_four_gate,E05_UNSW_paired_5seed_v015,supported_6class_capture_session_and_prevalence_shift,NF-UNSW-NB15-v3-Historical-Pilot,NF-UNSW-NB15-v3-Future-Session-Aligned-Pilot,paired_naive_replay_B200,83,True,False,results/frozen/v018_core/runs/E05_UNSW_paired_5seed_v015__paired_naive_replay_B200__seed83/summary.json
v018_core,historical_UNSW_development_pre_four_gate,E05_UNSW_paired_5seed_v015,supported_6class_capture_session_and_prevalence_shift,NF-UNSW-NB15-v3-Historical-Pilot,NF-UNSW-NB15-v3-Future-Session-Aligned-Pilot,paired_naive_replay_B200,97,True,False,results/frozen/v018_core/runs/E05_UNSW_paired_5seed_v015__paired_naive_replay_B200__seed97/summary.json
v018_core,historical_UNSW_development_pre_four_gate,E05_UNSW_paired_5seed_v015,supported_6class_capture_session_and_prevalence_shift,NF-UNSW-NB15-v3-Historical-Pilot,NF-UNSW-NB15-v3-Future-Session-Aligned-Pilot,paired_prototype_static,109,False,False,results/frozen/v018_core/runs/E05_UNSW_paired_5seed_v015__paired_prototype_static__seed109/summary.json
v018_core,historical_UNSW_development_pre_four_gate,E05_UNSW_paired_5seed_v015,supported_6class_capture_session_and_prevalence_shift,NF-UNSW-NB15-v3-Historical-Pilot,NF-UNSW-NB15-v3-Future-Session-Aligned-Pilot,paired_prototype_static,11,False,False,results/frozen/v018_core/runs/E05_UNSW_paired_5seed_v015__paired_prototype_static__seed11/summary.json
v018_core,historical_UNSW_development_pre_four_gate,E05_UNSW_paired_5seed_v015,supported_6class_capture_session_and_prevalence_shift,NF-UNSW-NB15-v3-Historical-Pilot,NF-UNSW-NB15-v3-Future-Session-Aligned-Pilot,paired_prototype_static,127,False,False,results/frozen/v018_core/runs/E05_UNSW_paired_5seed_v015__paired_prototype_static__seed127/summary.json
v018_core,historical_UNSW_development_pre_four_gate,E05_UNSW_paired_5seed_v015,supported_6class_capture_session_and_prevalence_shift,NF-UNSW-NB15-v3-Historical-Pilot,NF-UNSW-NB15-v3-Future-Session-Aligned-Pilot,paired_prototype_static,149,False,False,results/frozen/v018_core/runs/E05_UNSW_paired_5seed_v015__paired_prototype_static__seed149/summary.json
v018_core,historical_UNSW_development_pre_four_gate,E05_UNSW_paired_5seed_v015,supported_6class_capture_session_and_prevalence_shift,NF-UNSW-NB15-v3-Historical-Pilot,NF-UNSW-NB15-v3-Future-Session-Aligned-Pilot,paired_prototype_static,23,False,False,results/frozen/v018_core/runs/E05_UNSW_paired_5seed_v015__paired_prototype_static__seed23/summary.json
v018_core,historical_UNSW_development_pre_four_gate,E05_UNSW_paired_5seed_v015,supported_6class_capture_session_and_prevalence_shift,NF-UNSW-NB15-v3-Historical-Pilot,NF-UNSW-NB15-v3-Future-Session-Aligned-Pilot,paired_prototype_static,37,False,False,results/frozen/v018_core/runs/E05_UNSW_paired_5seed_v015__paired_prototype_static__seed37/summary.json
v018_core,historical_UNSW_development_pre_four_gate,E05_UNSW_paired_5seed_v015,supported_6class_capture_session_and_prevalence_shift,NF-UNSW-NB15-v3-Historical-Pilot,NF-UNSW-NB15-v3-Future-Session-Aligned-Pilot,paired_prototype_static,53,False,False,results/frozen/v018_core/runs/E05_UNSW_paired_5seed_v015__paired_prototype_static__seed53/summary.json
v018_core,historical_UNSW_development_pre_four_gate,E05_UNSW_paired_5seed_v015,supported_6class_capture_session_and_prevalence_shift,NF-UNSW-NB15-v3-Historical-Pilot,NF-UNSW-NB15-v3-Future-Session-Aligned-Pilot,paired_prototype_static,71,False,False,results/frozen/v018_core/runs/E05_UNSW_paired_5seed_v015__paired_prototype_static__seed71/summary.json
v018_core,historical_UNSW_development_pre_four_gate,E05_UNSW_paired_5seed_v015,supported_6class_capture_session_and_prevalence_shift,NF-UNSW-NB15-v3-Historical-Pilot,NF-UNSW-NB15-v3-Future-Session-Aligned-Pilot,paired_prototype_static,83,False,False,results/frozen/v018_core/runs/E05_UNSW_paired_5seed_v015__paired_prototype_static__seed83/summary.json
v018_core,historical_UNSW_development_pre_four_gate,E05_UNSW_paired_5seed_v015,supported_6class_capture_session_and_prevalence_shift,NF-UNSW-NB15-v3-Historical-Pilot,NF-UNSW-NB15-v3-Future-Session-Aligned-Pilot,paired_prototype_static,97,False,False,results/frozen/v018_core/runs/E05_UNSW_paired_5seed_v015__paired_prototype_static__seed97/summary.json
v018_core,historical_UNSW_development_pre_four_gate,E05_UNSW_paired_5seed_v015,supported_6class_capture_session_and_prevalence_shift,NF-UNSW-NB15-v3-Historical-Pilot,NF-UNSW-NB15-v3-Future-Session-Aligned-Pilot,paired_source_anchored_B050,109,True,False,results/frozen/v018_core/runs/E05_UNSW_paired_5seed_v015__paired_source_anchored_B050__seed109/summary.json
v018_core,historical_UNSW_development_pre_four_gate,E05_UNSW_paired_5seed_v015,supported_6class_capture_session_and_prevalence_shift,NF-UNSW-NB15-v3-Historical-Pilot,NF-UNSW-NB15-v3-Future-Session-Aligned-Pilot,paired_source_anchored_B050,11,True,False,results/frozen/v018_core/runs/E05_UNSW_paired_5seed_v015__paired_source_anchored_B050__seed11/summary.json
v018_core,historical_UNSW_development_pre_four_gate,E05_UNSW_paired_5seed_v015,supported_6class_capture_session_and_prevalence_shift,NF-UNSW-NB15-v3-Historical-Pilot,NF-UNSW-NB15-v3-Future-Session-Aligned-Pilot,paired_source_anchored_B050,127,True,False,results/frozen/v018_core/runs/E05_UNSW_paired_5seed_v015__paired_source_anchored_B050__seed127/summary.json
v018_core,historical_UNSW_development_pre_four_gate,E05_UNSW_paired_5seed_v015,supported_6class_capture_session_and_prevalence_shift,NF-UNSW-NB15-v3-Historical-Pilot,NF-UNSW-NB15-v3-Future-Session-Aligned-Pilot,paired_source_anchored_B050,149,True,False,results/frozen/v018_core/runs/E05_UNSW_paired_5seed_v015__paired_source_anchored_B050__seed149/summary.json
v018_core,historical_UNSW_development_pre_four_gate,E05_UNSW_paired_5seed_v015,supported_6class_capture_session_and_prevalence_shift,NF-UNSW-NB15-v3-Historical-Pilot,NF-UNSW-NB15-v3-Future-Session-Aligned-Pilot,paired_source_anchored_B050,23,True,False,results/frozen/v018_core/runs/E05_UNSW_paired_5seed_v015__paired_source_anchored_B050__seed23/summary.json
v018_core,historical_UNSW_development_pre_four_gate,E05_UNSW_paired_5seed_v015,supported_6class_capture_session_and_prevalence_shift,NF-UNSW-NB15-v3-Historical-Pilot,NF-UNSW-NB15-v3-Future-Session-Aligned-Pilot,paired_source_anchored_B050,37,True,False,results/frozen/v018_core/runs/E05_UNSW_paired_5seed_v015__paired_source_anchored_B050__seed37/summary.json
v018_core,historical_UNSW_development_pre_four_gate,E05_UNSW_paired_5seed_v015,supported_6class_capture_session_and_prevalence_shift,NF-UNSW-NB15-v3-Historical-Pilot,NF-UNSW-NB15-v3-Future-Session-Aligned-Pilot,paired_source_anchored_B050,53,True,False,results/frozen/v018_core/runs/E05_UNSW_paired_5seed_v015__paired_source_anchored_B050__seed53/summary.json
v018_core,historical_UNSW_development_pre_four_gate,E05_UNSW_paired_5seed_v015,supported_6class_capture_session_and_prevalence_shift,NF-UNSW-NB15-v3-Historical-Pilot,NF-UNSW-NB15-v3-Future-Session-Aligned-Pilot,paired_source_anchored_B050,71,True,False,results/frozen/v018_core/runs/E05_UNSW_paired_5seed_v015__paired_source_anchored_B050__seed71/summary.json
v018_core,historical_UNSW_development_pre_four_gate,E05_UNSW_paired_5seed_v015,supported_6class_capture_session_and_prevalence_shift,NF-UNSW-NB15-v3-Historical-Pilot,NF-UNSW-NB15-v3-Future-Session-Aligned-Pilot,paired_source_anchored_B050,83,True,False,results/frozen/v018_core/runs/E05_UNSW_paired_5seed_v015__paired_source_anchored_B050__seed83/summary.json
v018_core,historical_UNSW_development_pre_four_gate,E05_UNSW_paired_5seed_v015,supported_6class_capture_session_and_prevalence_shift,NF-UNSW-NB15-v3-Historical-Pilot,NF-UNSW-NB15-v3-Future-Session-Aligned-Pilot,paired_source_anchored_B050,97,True,False,results/frozen/v018_core/runs/E05_UNSW_paired_5seed_v015__paired_source_anchored_B050__seed97/summary.json
v018_core,historical_UNSW_development_pre_four_gate,E05_UNSW_paired_5seed_v015,supported_6class_capture_session_and_prevalence_shift,NF-UNSW-NB15-v3-Historical-Pilot,NF-UNSW-NB15-v3-Future-Session-Aligned-Pilot,paired_source_anchored_B200,109,True,False,results/frozen/v018_core/runs/E05_UNSW_paired_5seed_v015__paired_source_anchored_B200__seed109/summary.json
v018_core,historical_UNSW_development_pre_four_gate,E05_UNSW_paired_5seed_v015,supported_6class_capture_session_and_prevalence_shift,NF-UNSW-NB15-v3-Historical-Pilot,NF-UNSW-NB15-v3-Future-Session-Aligned-Pilot,paired_source_anchored_B200,11,True,False,results/frozen/v018_core/runs/E05_UNSW_paired_5seed_v015__paired_source_anchored_B200__seed11/summary.json
v018_core,historical_UNSW_development_pre_four_gate,E05_UNSW_paired_5seed_v015,supported_6class_capture_session_and_prevalence_shift,NF-UNSW-NB15-v3-Historical-Pilot,NF-UNSW-NB15-v3-Future-Session-Aligned-Pilot,paired_source_anchored_B200,127,True,False,results/frozen/v018_core/runs/E05_UNSW_paired_5seed_v015__paired_source_anchored_B200__seed127/summary.json
v018_core,historical_UNSW_development_pre_four_gate,E05_UNSW_paired_5seed_v015,supported_6class_capture_session_and_prevalence_shift,NF-UNSW-NB15-v3-Historical-Pilot,NF-UNSW-NB15-v3-Future-Session-Aligned-Pilot,paired_source_anchored_B200,149,True,False,results/frozen/v018_core/runs/E05_UNSW_paired_5seed_v015__paired_source_anchored_B200__seed149/summary.json
v018_core,historical_UNSW_development_pre_four_gate,E05_UNSW_paired_5seed_v015,supported_6class_capture_session_and_prevalence_shift,NF-UNSW-NB15-v3-Historical-Pilot,NF-UNSW-NB15-v3-Future-Session-Aligned-Pilot,paired_source_anchored_B200,23,True,False,results/frozen/v018_core/runs/E05_UNSW_paired_5seed_v015__paired_source_anchored_B200__seed23/summary.json
v018_core,historical_UNSW_development_pre_four_gate,E05_UNSW_paired_5seed_v015,supported_6class_capture_session_and_prevalence_shift,NF-UNSW-NB15-v3-Historical-Pilot,NF-UNSW-NB15-v3-Future-Session-Aligned-Pilot,paired_source_anchored_B200,37,True,False,results/frozen/v018_core/runs/E05_UNSW_paired_5seed_v015__paired_source_anchored_B200__seed37/summary.json
v018_core,historical_UNSW_development_pre_four_gate,E05_UNSW_paired_5seed_v015,supported_6class_capture_session_and_prevalence_shift,NF-UNSW-NB15-v3-Historical-Pilot,NF-UNSW-NB15-v3-Future-Session-Aligned-Pilot,paired_source_anchored_B200,53,True,False,results/frozen/v018_core/runs/E05_UNSW_paired_5seed_v015__paired_source_anchored_B200__seed53/summary.json
v018_core,historical_UNSW_development_pre_four_gate,E05_UNSW_paired_5seed_v015,supported_6class_capture_session_and_prevalence_shift,NF-UNSW-NB15-v3-Historical-Pilot,NF-UNSW-NB15-v3-Future-Session-Aligned-Pilot,paired_source_anchored_B200,71,True,False,results/frozen/v018_core/runs/E05_UNSW_paired_5seed_v015__paired_source_anchored_B200__seed71/summary.json
v018_core,historical_UNSW_development_pre_four_gate,E05_UNSW_paired_5seed_v015,supported_6class_capture_session_and_prevalence_shift,NF-UNSW-NB15-v3-Historical-Pilot,NF-UNSW-NB15-v3-Future-Session-Aligned-Pilot,paired_source_anchored_B200,83,True,False,results/frozen/v018_core/runs/E05_UNSW_paired_5seed_v015__paired_source_anchored_B200__seed83/summary.json
v018_core,historical_UNSW_development_pre_four_gate,E05_UNSW_paired_5seed_v015,supported_6class_capture_session_and_prevalence_shift,NF-UNSW-NB15-v3-Historical-Pilot,NF-UNSW-NB15-v3-Future-Session-Aligned-Pilot,paired_source_anchored_B200,97,True,False,results/frozen/v018_core/runs/E05_UNSW_paired_5seed_v015__paired_source_anchored_B200__seed97/summary.json
v018_core,historical_UNSW_development_pre_four_gate,E05_UNSW_source_anchored_budget_025_v015,supported_6class_capture_session_and_prevalence_shift,NF-UNSW-NB15-v3-Historical-Pilot,NF-UNSW-NB15-v3-Future-Session-Aligned-Pilot,source_anchored_prototype_event_025,11,True,False,results/frozen/v018_core/runs/E05_UNSW_source_anchored_budget_025_v015__source_anchored_prototype_event_025__seed11/summary.json
v018_core,historical_UNSW_development_pre_four_gate,E05_UNSW_source_anchored_budget_050_v015,supported_6class_capture_session_and_prevalence_shift,NF-UNSW-NB15-v3-Historical-Pilot,NF-UNSW-NB15-v3-Future-Session-Aligned-Pilot,source_anchored_prototype_event_050,11,True,False,results/frozen/v018_core/runs/E05_UNSW_source_anchored_budget_050_v015__source_anchored_prototype_event_050__seed11/summary.json
v018_core,historical_UNSW_development_pre_four_gate,E05_UNSW_source_anchored_budget_100_v015,supported_6class_capture_session_and_prevalence_shift,NF-UNSW-NB15-v3-Historical-Pilot,NF-UNSW-NB15-v3-Future-Session-Aligned-Pilot,source_anchored_prototype_event_100,11,True,False,results/frozen/v018_core/runs/E05_UNSW_source_anchored_budget_100_v015__source_anchored_prototype_event_100__seed11/summary.json
v018_core,historical_UNSW_development_pre_four_gate,E05_UNSW_source_anchored_budget_200_v015,supported_6class_capture_session_and_prevalence_shift,NF-UNSW-NB15-v3-Historical-Pilot,NF-UNSW-NB15-v3-Future-Session-Aligned-Pilot,source_anchored_prototype_event_200,11,True,False,results/frozen/v018_core/runs/E05_UNSW_source_anchored_budget_200_v015__source_anchored_prototype_event_200__seed11/summary.json
v018_core,core_DDoS_development,E08_CSE_DDoS_static_diagnostic_v016,ddos_first_family_emergence,NF-CICIDS2018-v3-DDoS-Historical-Pilot,NF-CICIDS2018-v3-DDoS-Emergence-Pilot,cse_ddos_prototype_static_open,11,False,False,results/frozen/v018_core/runs/E08_CSE_DDoS_static_diagnostic_v016__cse_ddos_prototype_static_open__seed11/summary.json
v018_core,core_DDoS_development,E09_CSE_DDoS_guard_safe_static_v017,ddos_first_family_emergence,NF-CICIDS2018-v3-DDoS-Historical-Pilot,NF-CICIDS2018-v3-DDoS-Emergence-Pilot,cse_ddos_prototype_static_open_guard_safe,11,False,True,results/frozen/v018_core/runs/E09_CSE_DDoS_guard_safe_static_v017__cse_ddos_prototype_static_open_guard_safe__seed11/summary.json
v018_core,core_DDoS_development,E10_CSE_DDoS_nested_UD_anchored_B050_v017,ddos_first_family_emergence,NF-CICIDS2018-v3-DDoS-Historical-Pilot,NF-CICIDS2018-v3-DDoS-Emergence-Pilot,cse_ddos_anchored_nested_ud_B050,11,True,True,results/frozen/v018_core/runs/E10_CSE_DDoS_nested_UD_anchored_B050_v017__cse_ddos_anchored_nested_ud_B050__seed11/summary.json
v018_core,core_DDoS_development,E10_CSE_DDoS_nested_UD_anchored_B200_v017,ddos_first_family_emergence,NF-CICIDS2018-v3-DDoS-Historical-Pilot,NF-CICIDS2018-v3-DDoS-Emergence-Pilot,cse_ddos_anchored_nested_ud_B200,11,True,True,results/frozen/v018_core/runs/E10_CSE_DDoS_nested_UD_anchored_B200_v017__cse_ddos_anchored_nested_ud_B200__seed11/summary.json
v018_core,core_DDoS_development,E10_CSE_DDoS_nested_UD_naive_B050_v017,ddos_first_family_emergence,NF-CICIDS2018-v3-DDoS-Historical-Pilot,NF-CICIDS2018-v3-DDoS-Emergence-Pilot,cse_ddos_naive_nested_ud_B050,11,True,True,results/frozen/v018_core/runs/E10_CSE_DDoS_nested_UD_naive_B050_v017__cse_ddos_naive_nested_ud_B050__seed11/summary.json
v018_core,core_DDoS_development,E10_CSE_DDoS_nested_UD_naive_B200_v017,ddos_first_family_emergence,NF-CICIDS2018-v3-DDoS-Historical-Pilot,NF-CICIDS2018-v3-DDoS-Emergence-Pilot,cse_ddos_naive_nested_ud_B200,11,True,True,results/frozen/v018_core/runs/E10_CSE_DDoS_nested_UD_naive_B200_v017__cse_ddos_naive_nested_ud_B200__seed11/summary.json
v018_core,core_DDoS_development,E11_CSE_DDoS_nested_random_anchored_B050_v018,ddos_first_family_emergence,NF-CICIDS2018-v3-DDoS-Historical-Pilot,NF-CICIDS2018-v3-DDoS-Emergence-Pilot,cse_ddos_anchored_nested_random_B050,11,True,True,results/frozen/v018_core/runs/E11_CSE_DDoS_nested_random_anchored_B050_v018__cse_ddos_anchored_nested_random_B050__seed11/summary.json
v018_core,core_DDoS_development,E11_CSE_DDoS_nested_random_anchored_B200_v018,ddos_first_family_emergence,NF-CICIDS2018-v3-DDoS-Historical-Pilot,NF-CICIDS2018-v3-DDoS-Emergence-Pilot,cse_ddos_anchored_nested_random_B200,11,True,True,results/frozen/v018_core/runs/E11_CSE_DDoS_nested_random_anchored_B200_v018__cse_ddos_anchored_nested_random_B200__seed11/summary.json
v018_core,core_DDoS_development,E11_CSE_DDoS_nested_random_naive_B050_v018,ddos_first_family_emergence,NF-CICIDS2018-v3-DDoS-Historical-Pilot,NF-CICIDS2018-v3-DDoS-Emergence-Pilot,cse_ddos_naive_nested_random_B050,11,True,True,results/frozen/v018_core/runs/E11_CSE_DDoS_nested_random_naive_B050_v018__cse_ddos_naive_nested_random_B050__seed11/summary.json
v018_core,core_DDoS_development,E11_CSE_DDoS_nested_random_naive_B200_v018,ddos_first_family_emergence,NF-CICIDS2018-v3-DDoS-Historical-Pilot,NF-CICIDS2018-v3-DDoS-Emergence-Pilot,cse_ddos_naive_nested_random_B200,11,True,True,results/frozen/v018_core/runs/E11_CSE_DDoS_nested_random_naive_B200_v018__cse_ddos_naive_nested_random_B200__seed11/summary.json
v018_core,core_DoS_prospective,E12_CSE_DoS_prospective_static_v018,dos_goldeneye_first_family_emergence,NF-CICIDS2018-v3-DoS-Historical-Pilot,NF-CICIDS2018-v3-DoS-Emergence-Pilot,cse_dos_prototype_static_open_guard_safe,11,False,True,results/frozen/v018_core/runs/E12_CSE_DoS_prospective_static_v018__cse_dos_prototype_static_open_guard_safe__seed11/summary.json
v018_core,core_DoS_prospective,E13_CSE_DoS_prospective_random_naive_replay_B050_v018,dos_goldeneye_first_family_emergence,NF-CICIDS2018-v3-DoS-Historical-Pilot,NF-CICIDS2018-v3-DoS-Emergence-Pilot,cse_dos_random_naive_replay_B050,11,True,True,results/frozen/v018_core/runs/E13_CSE_DoS_prospective_random_naive_replay_B050_v018__cse_dos_random_naive_replay_B050__seed11/summary.json
v018_core,core_DoS_prospective,E13_CSE_DoS_prospective_random_naive_replay_B200_v018,dos_goldeneye_first_family_emergence,NF-CICIDS2018-v3-DoS-Historical-Pilot,NF-CICIDS2018-v3-DoS-Emergence-Pilot,cse_dos_random_naive_replay_B200,11,True,True,results/frozen/v018_core/runs/E13_CSE_DoS_prospective_random_naive_replay_B200_v018__cse_dos_random_naive_replay_B200__seed11/summary.json
v018_core,core_DoS_prospective,E13_CSE_DoS_prospective_random_source_anchored_B050_v018,dos_goldeneye_first_family_emergence,NF-CICIDS2018-v3-DoS-Historical-Pilot,NF-CICIDS2018-v3-DoS-Emergence-Pilot,cse_dos_random_source_anchored_B050,11,True,True,results/frozen/v018_core/runs/E13_CSE_DoS_prospective_random_source_anchored_B050_v018__cse_dos_random_source_anchored_B050__seed11/summary.json
v018_core,core_DoS_prospective,E13_CSE_DoS_prospective_random_source_anchored_B200_v018,dos_goldeneye_first_family_emergence,NF-CICIDS2018-v3-DoS-Historical-Pilot,NF-CICIDS2018-v3-DoS-Emergence-Pilot,cse_dos_random_source_anchored_B200,11,True,True,results/frozen/v018_core/runs/E13_CSE_DoS_prospective_random_source_anchored_B200_v018__cse_dos_random_source_anchored_B200__seed11/summary.json
v018_core,core_DoS_prospective,E13_CSE_DoS_prospective_ud_naive_replay_B050_v018,dos_goldeneye_first_family_emergence,NF-CICIDS2018-v3-DoS-Historical-Pilot,NF-CICIDS2018-v3-DoS-Emergence-Pilot,cse_dos_ud_naive_replay_B050,11,True,True,results/frozen/v018_core/runs/E13_CSE_DoS_prospective_ud_naive_replay_B050_v018__cse_dos_ud_naive_replay_B050__seed11/summary.json
v018_core,core_DoS_prospective,E13_CSE_DoS_prospective_ud_naive_replay_B200_v018,dos_goldeneye_first_family_emergence,NF-CICIDS2018-v3-DoS-Historical-Pilot,NF-CICIDS2018-v3-DoS-Emergence-Pilot,cse_dos_ud_naive_replay_B200,11,True,True,results/frozen/v018_core/runs/E13_CSE_DoS_prospective_ud_naive_replay_B200_v018__cse_dos_ud_naive_replay_B200__seed11/summary.json
v018_core,core_DoS_prospective,E13_CSE_DoS_prospective_ud_source_anchored_B050_v018,dos_goldeneye_first_family_emergence,NF-CICIDS2018-v3-DoS-Historical-Pilot,NF-CICIDS2018-v3-DoS-Emergence-Pilot,cse_dos_ud_source_anchored_B050,11,True,True,results/frozen/v018_core/runs/E13_CSE_DoS_prospective_ud_source_anchored_B050_v018__cse_dos_ud_source_anchored_B050__seed11/summary.json
v018_core,core_DoS_prospective,E13_CSE_DoS_prospective_ud_source_anchored_B200_v018,dos_goldeneye_first_family_emergence,NF-CICIDS2018-v3-DoS-Historical-Pilot,NF-CICIDS2018-v3-DoS-Emergence-Pilot,cse_dos_ud_source_anchored_B200,11,True,True,results/frozen/v018_core/runs/E13_CSE_DoS_prospective_ud_source_anchored_B200_v018__cse_dos_ud_source_anchored_B200__seed11/summary.json
v018_core,core_DoS_prospective,R18_CSE_DoS_guard_seed_robustness_s023,dos_goldeneye_first_family_emergence,NF-CICIDS2018-v3-DoS-Historical-Pilot,NF-CICIDS2018-v3-DoS-Emergence-Pilot,cse_dos_prototype_static_open_guard_safe,23,False,True,results/frozen/v018_core/runs/R18_CSE_DoS_guard_seed_robustness_s023__cse_dos_prototype_static_open_guard_safe__seed23/summary.json
v018_core,core_DoS_prospective,R18_CSE_DoS_guard_seed_robustness_s037,dos_goldeneye_first_family_emergence,NF-CICIDS2018-v3-DoS-Historical-Pilot,NF-CICIDS2018-v3-DoS-Emergence-Pilot,cse_dos_prototype_static_open_guard_safe,37,False,True,results/frozen/v018_core/runs/R18_CSE_DoS_guard_seed_robustness_s037__cse_dos_prototype_static_open_guard_safe__seed37/summary.json
v018_core,core_DoS_prospective,R18_CSE_DoS_guard_seed_robustness_s053,dos_goldeneye_first_family_emergence,NF-CICIDS2018-v3-DoS-Historical-Pilot,NF-CICIDS2018-v3-DoS-Emergence-Pilot,cse_dos_prototype_static_open_guard_safe,53,False,True,results/frozen/v018_core/runs/R18_CSE_DoS_guard_seed_robustness_s053__cse_dos_prototype_static_open_guard_safe__seed53/summary.json
v018_core,core_DoS_prospective,R18_CSE_DoS_guard_seed_robustness_s071,dos_goldeneye_first_family_emergence,NF-CICIDS2018-v3-DoS-Historical-Pilot,NF-CICIDS2018-v3-DoS-Emergence-Pilot,cse_dos_prototype_static_open_guard_safe,71,False,True,results/frozen/v018_core/runs/R18_CSE_DoS_guard_seed_robustness_s071__cse_dos_prototype_static_open_guard_safe__seed71/summary.json
v018_core,core_DoS_prospective,R18_CSE_DoS_guard_seed_robustness_s083,dos_goldeneye_first_family_emergence,NF-CICIDS2018-v3-DoS-Historical-Pilot,NF-CICIDS2018-v3-DoS-Emergence-Pilot,cse_dos_prototype_static_open_guard_safe,83,False,True,results/frozen/v018_core/runs/R18_CSE_DoS_guard_seed_robustness_s083__cse_dos_prototype_static_open_guard_safe__seed83/summary.json
v018_core,core_DoS_prospective,R18_CSE_DoS_guard_seed_robustness_s097,dos_goldeneye_first_family_emergence,NF-CICIDS2018-v3-DoS-Historical-Pilot,NF-CICIDS2018-v3-DoS-Emergence-Pilot,cse_dos_prototype_static_open_guard_safe,97,False,True,results/frozen/v018_core/runs/R18_CSE_DoS_guard_seed_robustness_s097__cse_dos_prototype_static_open_guard_safe__seed97/summary.json
v018_core,core_DoS_prospective,R18_CSE_DoS_guard_seed_robustness_s109,dos_goldeneye_first_family_emergence,NF-CICIDS2018-v3-DoS-Historical-Pilot,NF-CICIDS2018-v3-DoS-Emergence-Pilot,cse_dos_prototype_static_open_guard_safe,109,False,True,results/frozen/v018_core/runs/R18_CSE_DoS_guard_seed_robustness_s109__cse_dos_prototype_static_open_guard_safe__seed109/summary.json
v018_core,core_DoS_prospective,R18_CSE_DoS_guard_seed_robustness_s127,dos_goldeneye_first_family_emergence,NF-CICIDS2018-v3-DoS-Historical-Pilot,NF-CICIDS2018-v3-DoS-Emergence-Pilot,cse_dos_prototype_static_open_guard_safe,127,False,True,results/frozen/v018_core/runs/R18_CSE_DoS_guard_seed_robustness_s127__cse_dos_prototype_static_open_guard_safe__seed127/summary.json
v018_core,core_DoS_prospective,R18_CSE_DoS_guard_seed_robustness_s149,dos_goldeneye_first_family_emergence,NF-CICIDS2018-v3-DoS-Historical-Pilot,NF-CICIDS2018-v3-DoS-Emergence-Pilot,cse_dos_prototype_static_open_guard_safe,149,False,True,results/frozen/v018_core/runs/R18_CSE_DoS_guard_seed_robustness_s149__cse_dos_prototype_static_open_guard_safe__seed149/summary.json
v018_core,core_Web_guard_robustness_only,R18_CSE_Web_guard_seed_robustness_s023,web_attacks_sparse_first_family_emergence,NF-CICIDS2018-v3-Web-Attacks-Historical-Pilot,NF-CICIDS2018-v3-Web-Attacks-Emergence-Pilot,cse_web_prototype_static_open_guard_safe,23,False,False,results/frozen/v018_core/runs/R18_CSE_Web_guard_seed_robustness_s023__cse_web_prototype_static_open_guard_safe__seed23/summary.json
v018_core,core_Web_guard_robustness_only,R18_CSE_Web_guard_seed_robustness_s037,web_attacks_sparse_first_family_emergence,NF-CICIDS2018-v3-Web-Attacks-Historical-Pilot,NF-CICIDS2018-v3-Web-Attacks-Emergence-Pilot,cse_web_prototype_static_open_guard_safe,37,False,False,results/frozen/v018_core/runs/R18_CSE_Web_guard_seed_robustness_s037__cse_web_prototype_static_open_guard_safe__seed37/summary.json
v018_core,core_Web_guard_robustness_only,R18_CSE_Web_guard_seed_robustness_s053,web_attacks_sparse_first_family_emergence,NF-CICIDS2018-v3-Web-Attacks-Historical-Pilot,NF-CICIDS2018-v3-Web-Attacks-Emergence-Pilot,cse_web_prototype_static_open_guard_safe,53,False,False,results/frozen/v018_core/runs/R18_CSE_Web_guard_seed_robustness_s053__cse_web_prototype_static_open_guard_safe__seed53/summary.json
v018_core,core_Web_guard_robustness_only,R18_CSE_Web_guard_seed_robustness_s071,web_attacks_sparse_first_family_emergence,NF-CICIDS2018-v3-Web-Attacks-Historical-Pilot,NF-CICIDS2018-v3-Web-Attacks-Emergence-Pilot,cse_web_prototype_static_open_guard_safe,71,False,False,results/frozen/v018_core/runs/R18_CSE_Web_guard_seed_robustness_s071__cse_web_prototype_static_open_guard_safe__seed71/summary.json
v018_core,core_Web_guard_robustness_only,R18_CSE_Web_guard_seed_robustness_s083,web_attacks_sparse_first_family_emergence,NF-CICIDS2018-v3-Web-Attacks-Historical-Pilot,NF-CICIDS2018-v3-Web-Attacks-Emergence-Pilot,cse_web_prototype_static_open_guard_safe,83,False,False,results/frozen/v018_core/runs/R18_CSE_Web_guard_seed_robustness_s083__cse_web_prototype_static_open_guard_safe__seed83/summary.json
v018_core,core_Web_guard_robustness_only,R18_CSE_Web_guard_seed_robustness_s097,web_attacks_sparse_first_family_emergence,NF-CICIDS2018-v3-Web-Attacks-Historical-Pilot,NF-CICIDS2018-v3-Web-Attacks-Emergence-Pilot,cse_web_prototype_static_open_guard_safe,97,False,False,results/frozen/v018_core/runs/R18_CSE_Web_guard_seed_robustness_s097__cse_web_prototype_static_open_guard_safe__seed97/summary.json
v018_core,core_Web_guard_robustness_only,R18_CSE_Web_guard_seed_robustness_s109,web_attacks_sparse_first_family_emergence,NF-CICIDS2018-v3-Web-Attacks-Historical-Pilot,NF-CICIDS2018-v3-Web-Attacks-Emergence-Pilot,cse_web_prototype_static_open_guard_safe,109,False,False,results/frozen/v018_core/runs/R18_CSE_Web_guard_seed_robustness_s109__cse_web_prototype_static_open_guard_safe__seed109/summary.json
v018_core,core_Web_guard_robustness_only,R18_CSE_Web_guard_seed_robustness_s149,web_attacks_sparse_first_family_emergence,NF-CICIDS2018-v3-Web-Attacks-Historical-Pilot,NF-CICIDS2018-v3-Web-Attacks-Emergence-Pilot,cse_web_prototype_static_open_guard_safe,149,False,False,results/frozen/v018_core/runs/R18_CSE_Web_guard_seed_robustness_s149__cse_web_prototype_static_open_guard_safe__seed149/summary.json
v018_core,core_DoS_prospective,R19_DoS_s023_RA200,dos_goldeneye_first_family_emergence,NF-CICIDS2018-v3-DoS-Historical-Pilot,NF-CICIDS2018-v3-DoS-Emergence-Pilot,cse_dos_random_source_anchored_B200,23,True,True,results/frozen/v018_core/runs/R19_DoS_s023_RA200__cse_dos_random_source_anchored_B200__seed23/summary.json
v018_core,core_DoS_prospective,R19_DoS_s023_RA50,dos_goldeneye_first_family_emergence,NF-CICIDS2018-v3-DoS-Historical-Pilot,NF-CICIDS2018-v3-DoS-Emergence-Pilot,cse_dos_random_source_anchored_B050,23,True,True,results/frozen/v018_core/runs/R19_DoS_s023_RA50__cse_dos_random_source_anchored_B050__seed23/summary.json
v018_core,core_DoS_prospective,R19_DoS_s023_RN200,dos_goldeneye_first_family_emergence,NF-CICIDS2018-v3-DoS-Historical-Pilot,NF-CICIDS2018-v3-DoS-Emergence-Pilot,cse_dos_random_naive_replay_B200,23,True,True,results/frozen/v018_core/runs/R19_DoS_s023_RN200__cse_dos_random_naive_replay_B200__seed23/summary.json
v018_core,core_DoS_prospective,R19_DoS_s023_RN50,dos_goldeneye_first_family_emergence,NF-CICIDS2018-v3-DoS-Historical-Pilot,NF-CICIDS2018-v3-DoS-Emergence-Pilot,cse_dos_random_naive_replay_B050,23,True,True,results/frozen/v018_core/runs/R19_DoS_s023_RN50__cse_dos_random_naive_replay_B050__seed23/summary.json
v018_core,core_DoS_prospective,R19_DoS_s023_UA200,dos_goldeneye_first_family_emergence,NF-CICIDS2018-v3-DoS-Historical-Pilot,NF-CICIDS2018-v3-DoS-Emergence-Pilot,cse_dos_ud_source_anchored_B200,23,True,True,results/frozen/v018_core/runs/R19_DoS_s023_UA200__cse_dos_ud_source_anchored_B200__seed23/summary.json
v018_core,core_DoS_prospective,R19_DoS_s023_UA50,dos_goldeneye_first_family_emergence,NF-CICIDS2018-v3-DoS-Historical-Pilot,NF-CICIDS2018-v3-DoS-Emergence-Pilot,cse_dos_ud_source_anchored_B050,23,True,True,results/frozen/v018_core/runs/R19_DoS_s023_UA50__cse_dos_ud_source_anchored_B050__seed23/summary.json
v018_core,core_DoS_prospective,R19_DoS_s023_UN200,dos_goldeneye_first_family_emergence,NF-CICIDS2018-v3-DoS-Historical-Pilot,NF-CICIDS2018-v3-DoS-Emergence-Pilot,cse_dos_ud_naive_replay_B200,23,True,True,results/frozen/v018_core/runs/R19_DoS_s023_UN200__cse_dos_ud_naive_replay_B200__seed23/summary.json
v018_core,core_DoS_prospective,R19_DoS_s023_UN50,dos_goldeneye_first_family_emergence,NF-CICIDS2018-v3-DoS-Historical-Pilot,NF-CICIDS2018-v3-DoS-Emergence-Pilot,cse_dos_ud_naive_replay_B050,23,True,True,results/frozen/v018_core/runs/R19_DoS_s023_UN50__cse_dos_ud_naive_replay_B050__seed23/summary.json
v018_core,core_DoS_prospective,R19_DoS_s037_RA200,dos_goldeneye_first_family_emergence,NF-CICIDS2018-v3-DoS-Historical-Pilot,NF-CICIDS2018-v3-DoS-Emergence-Pilot,cse_dos_random_source_anchored_B200,37,True,True,results/frozen/v018_core/runs/R19_DoS_s037_RA200__cse_dos_random_source_anchored_B200__seed37/summary.json
v018_core,core_DoS_prospective,R19_DoS_s037_RA50,dos_goldeneye_first_family_emergence,NF-CICIDS2018-v3-DoS-Historical-Pilot,NF-CICIDS2018-v3-DoS-Emergence-Pilot,cse_dos_random_source_anchored_B050,37,True,True,results/frozen/v018_core/runs/R19_DoS_s037_RA50__cse_dos_random_source_anchored_B050__seed37/summary.json
v018_core,core_DoS_prospective,R19_DoS_s037_RN200,dos_goldeneye_first_family_emergence,NF-CICIDS2018-v3-DoS-Historical-Pilot,NF-CICIDS2018-v3-DoS-Emergence-Pilot,cse_dos_random_naive_replay_B200,37,True,True,results/frozen/v018_core/runs/R19_DoS_s037_RN200__cse_dos_random_naive_replay_B200__seed37/summary.json
v018_core,core_DoS_prospective,R19_DoS_s037_RN50,dos_goldeneye_first_family_emergence,NF-CICIDS2018-v3-DoS-Historical-Pilot,NF-CICIDS2018-v3-DoS-Emergence-Pilot,cse_dos_random_naive_replay_B050,37,True,True,results/frozen/v018_core/runs/R19_DoS_s037_RN50__cse_dos_random_naive_replay_B050__seed37/summary.json
v018_core,core_DoS_prospective,R19_DoS_s037_UA200,dos_goldeneye_first_family_emergence,NF-CICIDS2018-v3-DoS-Historical-Pilot,NF-CICIDS2018-v3-DoS-Emergence-Pilot,cse_dos_ud_source_anchored_B200,37,True,True,results/frozen/v018_core/runs/R19_DoS_s037_UA200__cse_dos_ud_source_anchored_B200__seed37/summary.json
v018_core,core_DoS_prospective,R19_DoS_s037_UA50,dos_goldeneye_first_family_emergence,NF-CICIDS2018-v3-DoS-Historical-Pilot,NF-CICIDS2018-v3-DoS-Emergence-Pilot,cse_dos_ud_source_anchored_B050,37,True,True,results/frozen/v018_core/runs/R19_DoS_s037_UA50__cse_dos_ud_source_anchored_B050__seed37/summary.json
v018_core,core_DoS_prospective,R19_DoS_s037_UN200,dos_goldeneye_first_family_emergence,NF-CICIDS2018-v3-DoS-Historical-Pilot,NF-CICIDS2018-v3-DoS-Emergence-Pilot,cse_dos_ud_naive_replay_B200,37,True,True,results/frozen/v018_core/runs/R19_DoS_s037_UN200__cse_dos_ud_naive_replay_B200__seed37/summary.json
v018_core,core_DoS_prospective,R19_DoS_s037_UN50,dos_goldeneye_first_family_emergence,NF-CICIDS2018-v3-DoS-Historical-Pilot,NF-CICIDS2018-v3-DoS-Emergence-Pilot,cse_dos_ud_naive_replay_B050,37,True,True,results/frozen/v018_core/runs/R19_DoS_s037_UN50__cse_dos_ud_naive_replay_B050__seed37/summary.json
v018_core,core_DoS_prospective,R19_DoS_s053_RA200,dos_goldeneye_first_family_emergence,NF-CICIDS2018-v3-DoS-Historical-Pilot,NF-CICIDS2018-v3-DoS-Emergence-Pilot,cse_dos_random_source_anchored_B200,53,True,True,results/frozen/v018_core/runs/R19_DoS_s053_RA200__cse_dos_random_source_anchored_B200__seed53/summary.json
v018_core,core_DoS_prospective,R19_DoS_s053_RA50,dos_goldeneye_first_family_emergence,NF-CICIDS2018-v3-DoS-Historical-Pilot,NF-CICIDS2018-v3-DoS-Emergence-Pilot,cse_dos_random_source_anchored_B050,53,True,True,results/frozen/v018_core/runs/R19_DoS_s053_RA50__cse_dos_random_source_anchored_B050__seed53/summary.json
v018_core,core_DoS_prospective,R19_DoS_s053_RN200,dos_goldeneye_first_family_emergence,NF-CICIDS2018-v3-DoS-Historical-Pilot,NF-CICIDS2018-v3-DoS-Emergence-Pilot,cse_dos_random_naive_replay_B200,53,True,True,results/frozen/v018_core/runs/R19_DoS_s053_RN200__cse_dos_random_naive_replay_B200__seed53/summary.json
v018_core,core_DoS_prospective,R19_DoS_s053_RN50,dos_goldeneye_first_family_emergence,NF-CICIDS2018-v3-DoS-Historical-Pilot,NF-CICIDS2018-v3-DoS-Emergence-Pilot,cse_dos_random_naive_replay_B050,53,True,True,results/frozen/v018_core/runs/R19_DoS_s053_RN50__cse_dos_random_naive_replay_B050__seed53/summary.json
v018_core,core_DoS_prospective,R19_DoS_s053_UA200,dos_goldeneye_first_family_emergence,NF-CICIDS2018-v3-DoS-Historical-Pilot,NF-CICIDS2018-v3-DoS-Emergence-Pilot,cse_dos_ud_source_anchored_B200,53,True,True,results/frozen/v018_core/runs/R19_DoS_s053_UA200__cse_dos_ud_source_anchored_B200__seed53/summary.json
v018_core,core_DoS_prospective,R19_DoS_s053_UA50,dos_goldeneye_first_family_emergence,NF-CICIDS2018-v3-DoS-Historical-Pilot,NF-CICIDS2018-v3-DoS-Emergence-Pilot,cse_dos_ud_source_anchored_B050,53,True,True,results/frozen/v018_core/runs/R19_DoS_s053_UA50__cse_dos_ud_source_anchored_B050__seed53/summary.json
v018_core,core_DoS_prospective,R19_DoS_s053_UN200,dos_goldeneye_first_family_emergence,NF-CICIDS2018-v3-DoS-Historical-Pilot,NF-CICIDS2018-v3-DoS-Emergence-Pilot,cse_dos_ud_naive_replay_B200,53,True,True,results/frozen/v018_core/runs/R19_DoS_s053_UN200__cse_dos_ud_naive_replay_B200__seed53/summary.json
v018_core,core_DoS_prospective,R19_DoS_s053_UN50,dos_goldeneye_first_family_emergence,NF-CICIDS2018-v3-DoS-Historical-Pilot,NF-CICIDS2018-v3-DoS-Emergence-Pilot,cse_dos_ud_naive_replay_B050,53,True,True,results/frozen/v018_core/runs/R19_DoS_s053_UN50__cse_dos_ud_naive_replay_B050__seed53/summary.json
v018_core,core_DoS_prospective,R19_DoS_s071_RA200,dos_goldeneye_first_family_emergence,NF-CICIDS2018-v3-DoS-Historical-Pilot,NF-CICIDS2018-v3-DoS-Emergence-Pilot,cse_dos_random_source_anchored_B200,71,True,True,results/frozen/v018_core/runs/R19_DoS_s071_RA200__cse_dos_random_source_anchored_B200__seed71/summary.json
v018_core,core_DoS_prospective,R19_DoS_s071_RA50,dos_goldeneye_first_family_emergence,NF-CICIDS2018-v3-DoS-Historical-Pilot,NF-CICIDS2018-v3-DoS-Emergence-Pilot,cse_dos_random_source_anchored_B050,71,True,True,results/frozen/v018_core/runs/R19_DoS_s071_RA50__cse_dos_random_source_anchored_B050__seed71/summary.json
v018_core,core_DoS_prospective,R19_DoS_s071_RN200,dos_goldeneye_first_family_emergence,NF-CICIDS2018-v3-DoS-Historical-Pilot,NF-CICIDS2018-v3-DoS-Emergence-Pilot,cse_dos_random_naive_replay_B200,71,True,True,results/frozen/v018_core/runs/R19_DoS_s071_RN200__cse_dos_random_naive_replay_B200__seed71/summary.json
v018_core,core_DoS_prospective,R19_DoS_s071_RN50,dos_goldeneye_first_family_emergence,NF-CICIDS2018-v3-DoS-Historical-Pilot,NF-CICIDS2018-v3-DoS-Emergence-Pilot,cse_dos_random_naive_replay_B050,71,True,True,results/frozen/v018_core/runs/R19_DoS_s071_RN50__cse_dos_random_naive_replay_B050__seed71/summary.json
v018_core,core_DoS_prospective,R19_DoS_s071_UA200,dos_goldeneye_first_family_emergence,NF-CICIDS2018-v3-DoS-Historical-Pilot,NF-CICIDS2018-v3-DoS-Emergence-Pilot,cse_dos_ud_source_anchored_B200,71,True,True,results/frozen/v018_core/runs/R19_DoS_s071_UA200__cse_dos_ud_source_anchored_B200__seed71/summary.json
v018_core,core_DoS_prospective,R19_DoS_s071_UA50,dos_goldeneye_first_family_emergence,NF-CICIDS2018-v3-DoS-Historical-Pilot,NF-CICIDS2018-v3-DoS-Emergence-Pilot,cse_dos_ud_source_anchored_B050,71,True,True,results/frozen/v018_core/runs/R19_DoS_s071_UA50__cse_dos_ud_source_anchored_B050__seed71/summary.json
v018_core,core_DoS_prospective,R19_DoS_s071_UN200,dos_goldeneye_first_family_emergence,NF-CICIDS2018-v3-DoS-Historical-Pilot,NF-CICIDS2018-v3-DoS-Emergence-Pilot,cse_dos_ud_naive_replay_B200,71,True,True,results/frozen/v018_core/runs/R19_DoS_s071_UN200__cse_dos_ud_naive_replay_B200__seed71/summary.json
v018_core,core_DoS_prospective,R19_DoS_s071_UN50,dos_goldeneye_first_family_emergence,NF-CICIDS2018-v3-DoS-Historical-Pilot,NF-CICIDS2018-v3-DoS-Emergence-Pilot,cse_dos_ud_naive_replay_B050,71,True,True,results/frozen/v018_core/runs/R19_DoS_s071_UN50__cse_dos_ud_naive_replay_B050__seed71/summary.json
v018_core,core_DoS_prospective,R19_DoS_s083_RA200,dos_goldeneye_first_family_emergence,NF-CICIDS2018-v3-DoS-Historical-Pilot,NF-CICIDS2018-v3-DoS-Emergence-Pilot,cse_dos_random_source_anchored_B200,83,True,True,results/frozen/v018_core/runs/R19_DoS_s083_RA200__cse_dos_random_source_anchored_B200__seed83/summary.json
v018_core,core_DoS_prospective,R19_DoS_s083_RA50,dos_goldeneye_first_family_emergence,NF-CICIDS2018-v3-DoS-Historical-Pilot,NF-CICIDS2018-v3-DoS-Emergence-Pilot,cse_dos_random_source_anchored_B050,83,True,True,results/frozen/v018_core/runs/R19_DoS_s083_RA50__cse_dos_random_source_anchored_B050__seed83/summary.json
v018_core,core_DoS_prospective,R19_DoS_s083_RN200,dos_goldeneye_first_family_emergence,NF-CICIDS2018-v3-DoS-Historical-Pilot,NF-CICIDS2018-v3-DoS-Emergence-Pilot,cse_dos_random_naive_replay_B200,83,True,True,results/frozen/v018_core/runs/R19_DoS_s083_RN200__cse_dos_random_naive_replay_B200__seed83/summary.json
v018_core,core_DoS_prospective,R19_DoS_s083_RN50,dos_goldeneye_first_family_emergence,NF-CICIDS2018-v3-DoS-Historical-Pilot,NF-CICIDS2018-v3-DoS-Emergence-Pilot,cse_dos_random_naive_replay_B050,83,True,True,results/frozen/v018_core/runs/R19_DoS_s083_RN50__cse_dos_random_naive_replay_B050__seed83/summary.json
v018_core,core_DoS_prospective,R19_DoS_s083_UA200,dos_goldeneye_first_family_emergence,NF-CICIDS2018-v3-DoS-Historical-Pilot,NF-CICIDS2018-v3-DoS-Emergence-Pilot,cse_dos_ud_source_anchored_B200,83,True,True,results/frozen/v018_core/runs/R19_DoS_s083_UA200__cse_dos_ud_source_anchored_B200__seed83/summary.json
v018_core,core_DoS_prospective,R19_DoS_s083_UA50,dos_goldeneye_first_family_emergence,NF-CICIDS2018-v3-DoS-Historical-Pilot,NF-CICIDS2018-v3-DoS-Emergence-Pilot,cse_dos_ud_source_anchored_B050,83,True,True,results/frozen/v018_core/runs/R19_DoS_s083_UA50__cse_dos_ud_source_anchored_B050__seed83/summary.json
v018_core,core_DoS_prospective,R19_DoS_s083_UN200,dos_goldeneye_first_family_emergence,NF-CICIDS2018-v3-DoS-Historical-Pilot,NF-CICIDS2018-v3-DoS-Emergence-Pilot,cse_dos_ud_naive_replay_B200,83,True,True,results/frozen/v018_core/runs/R19_DoS_s083_UN200__cse_dos_ud_naive_replay_B200__seed83/summary.json
v018_core,core_DoS_prospective,R19_DoS_s083_UN50,dos_goldeneye_first_family_emergence,NF-CICIDS2018-v3-DoS-Historical-Pilot,NF-CICIDS2018-v3-DoS-Emergence-Pilot,cse_dos_ud_naive_replay_B050,83,True,True,results/frozen/v018_core/runs/R19_DoS_s083_UN50__cse_dos_ud_naive_replay_B050__seed83/summary.json
v018_core,core_DoS_prospective,R19_DoS_s097_RA200,dos_goldeneye_first_family_emergence,NF-CICIDS2018-v3-DoS-Historical-Pilot,NF-CICIDS2018-v3-DoS-Emergence-Pilot,cse_dos_random_source_anchored_B200,97,True,True,results/frozen/v018_core/runs/R19_DoS_s097_RA200__cse_dos_random_source_anchored_B200__seed97/summary.json
v018_core,core_DoS_prospective,R19_DoS_s097_RA50,dos_goldeneye_first_family_emergence,NF-CICIDS2018-v3-DoS-Historical-Pilot,NF-CICIDS2018-v3-DoS-Emergence-Pilot,cse_dos_random_source_anchored_B050,97,True,True,results/frozen/v018_core/runs/R19_DoS_s097_RA50__cse_dos_random_source_anchored_B050__seed97/summary.json
v018_core,core_DoS_prospective,R19_DoS_s097_RN200,dos_goldeneye_first_family_emergence,NF-CICIDS2018-v3-DoS-Historical-Pilot,NF-CICIDS2018-v3-DoS-Emergence-Pilot,cse_dos_random_naive_replay_B200,97,True,True,results/frozen/v018_core/runs/R19_DoS_s097_RN200__cse_dos_random_naive_replay_B200__seed97/summary.json
v018_core,core_DoS_prospective,R19_DoS_s097_RN50,dos_goldeneye_first_family_emergence,NF-CICIDS2018-v3-DoS-Historical-Pilot,NF-CICIDS2018-v3-DoS-Emergence-Pilot,cse_dos_random_naive_replay_B050,97,True,True,results/frozen/v018_core/runs/R19_DoS_s097_RN50__cse_dos_random_naive_replay_B050__seed97/summary.json
v018_core,core_DoS_prospective,R19_DoS_s097_UA200,dos_goldeneye_first_family_emergence,NF-CICIDS2018-v3-DoS-Historical-Pilot,NF-CICIDS2018-v3-DoS-Emergence-Pilot,cse_dos_ud_source_anchored_B200,97,True,True,results/frozen/v018_core/runs/R19_DoS_s097_UA200__cse_dos_ud_source_anchored_B200__seed97/summary.json
v018_core,core_DoS_prospective,R19_DoS_s097_UA50,dos_goldeneye_first_family_emergence,NF-CICIDS2018-v3-DoS-Historical-Pilot,NF-CICIDS2018-v3-DoS-Emergence-Pilot,cse_dos_ud_source_anchored_B050,97,True,True,results/frozen/v018_core/runs/R19_DoS_s097_UA50__cse_dos_ud_source_anchored_B050__seed97/summary.json
v018_core,core_DoS_prospective,R19_DoS_s097_UN200,dos_goldeneye_first_family_emergence,NF-CICIDS2018-v3-DoS-Historical-Pilot,NF-CICIDS2018-v3-DoS-Emergence-Pilot,cse_dos_ud_naive_replay_B200,97,True,True,results/frozen/v018_core/runs/R19_DoS_s097_UN200__cse_dos_ud_naive_replay_B200__seed97/summary.json
v018_core,core_DoS_prospective,R19_DoS_s097_UN50,dos_goldeneye_first_family_emergence,NF-CICIDS2018-v3-DoS-Historical-Pilot,NF-CICIDS2018-v3-DoS-Emergence-Pilot,cse_dos_ud_naive_replay_B050,97,True,True,results/frozen/v018_core/runs/R19_DoS_s097_UN50__cse_dos_ud_naive_replay_B050__seed97/summary.json
v018_core,core_DoS_prospective,R19_DoS_s109_RA200,dos_goldeneye_first_family_emergence,NF-CICIDS2018-v3-DoS-Historical-Pilot,NF-CICIDS2018-v3-DoS-Emergence-Pilot,cse_dos_random_source_anchored_B200,109,True,True,results/frozen/v018_core/runs/R19_DoS_s109_RA200__cse_dos_random_source_anchored_B200__seed109/summary.json
v018_core,core_DoS_prospective,R19_DoS_s109_RA50,dos_goldeneye_first_family_emergence,NF-CICIDS2018-v3-DoS-Historical-Pilot,NF-CICIDS2018-v3-DoS-Emergence-Pilot,cse_dos_random_source_anchored_B050,109,True,True,results/frozen/v018_core/runs/R19_DoS_s109_RA50__cse_dos_random_source_anchored_B050__seed109/summary.json
v018_core,core_DoS_prospective,R19_DoS_s109_RN200,dos_goldeneye_first_family_emergence,NF-CICIDS2018-v3-DoS-Historical-Pilot,NF-CICIDS2018-v3-DoS-Emergence-Pilot,cse_dos_random_naive_replay_B200,109,True,True,results/frozen/v018_core/runs/R19_DoS_s109_RN200__cse_dos_random_naive_replay_B200__seed109/summary.json
v018_core,core_DoS_prospective,R19_DoS_s109_RN50,dos_goldeneye_first_family_emergence,NF-CICIDS2018-v3-DoS-Historical-Pilot,NF-CICIDS2018-v3-DoS-Emergence-Pilot,cse_dos_random_naive_replay_B050,109,True,True,results/frozen/v018_core/runs/R19_DoS_s109_RN50__cse_dos_random_naive_replay_B050__seed109/summary.json
v018_core,core_DoS_prospective,R19_DoS_s109_UA200,dos_goldeneye_first_family_emergence,NF-CICIDS2018-v3-DoS-Historical-Pilot,NF-CICIDS2018-v3-DoS-Emergence-Pilot,cse_dos_ud_source_anchored_B200,109,True,True,results/frozen/v018_core/runs/R19_DoS_s109_UA200__cse_dos_ud_source_anchored_B200__seed109/summary.json
v018_core,core_DoS_prospective,R19_DoS_s109_UA50,dos_goldeneye_first_family_emergence,NF-CICIDS2018-v3-DoS-Historical-Pilot,NF-CICIDS2018-v3-DoS-Emergence-Pilot,cse_dos_ud_source_anchored_B050,109,True,True,results/frozen/v018_core/runs/R19_DoS_s109_UA50__cse_dos_ud_source_anchored_B050__seed109/summary.json
v018_core,core_DoS_prospective,R19_DoS_s109_UN200,dos_goldeneye_first_family_emergence,NF-CICIDS2018-v3-DoS-Historical-Pilot,NF-CICIDS2018-v3-DoS-Emergence-Pilot,cse_dos_ud_naive_replay_B200,109,True,True,results/frozen/v018_core/runs/R19_DoS_s109_UN200__cse_dos_ud_naive_replay_B200__seed109/summary.json
v018_core,core_DoS_prospective,R19_DoS_s109_UN50,dos_goldeneye_first_family_emergence,NF-CICIDS2018-v3-DoS-Historical-Pilot,NF-CICIDS2018-v3-DoS-Emergence-Pilot,cse_dos_ud_naive_replay_B050,109,True,True,results/frozen/v018_core/runs/R19_DoS_s109_UN50__cse_dos_ud_naive_replay_B050__seed109/summary.json
v018_core,core_DoS_prospective,R19_DoS_s127_RA200,dos_goldeneye_first_family_emergence,NF-CICIDS2018-v3-DoS-Historical-Pilot,NF-CICIDS2018-v3-DoS-Emergence-Pilot,cse_dos_random_source_anchored_B200,127,True,True,results/frozen/v018_core/runs/R19_DoS_s127_RA200__cse_dos_random_source_anchored_B200__seed127/summary.json
v018_core,core_DoS_prospective,R19_DoS_s127_RA50,dos_goldeneye_first_family_emergence,NF-CICIDS2018-v3-DoS-Historical-Pilot,NF-CICIDS2018-v3-DoS-Emergence-Pilot,cse_dos_random_source_anchored_B050,127,True,True,results/frozen/v018_core/runs/R19_DoS_s127_RA50__cse_dos_random_source_anchored_B050__seed127/summary.json
v018_core,core_DoS_prospective,R19_DoS_s127_RN200,dos_goldeneye_first_family_emergence,NF-CICIDS2018-v3-DoS-Historical-Pilot,NF-CICIDS2018-v3-DoS-Emergence-Pilot,cse_dos_random_naive_replay_B200,127,True,True,results/frozen/v018_core/runs/R19_DoS_s127_RN200__cse_dos_random_naive_replay_B200__seed127/summary.json
v018_core,core_DoS_prospective,R19_DoS_s127_RN50,dos_goldeneye_first_family_emergence,NF-CICIDS2018-v3-DoS-Historical-Pilot,NF-CICIDS2018-v3-DoS-Emergence-Pilot,cse_dos_random_naive_replay_B050,127,True,True,results/frozen/v018_core/runs/R19_DoS_s127_RN50__cse_dos_random_naive_replay_B050__seed127/summary.json
v018_core,core_DoS_prospective,R19_DoS_s127_UA200,dos_goldeneye_first_family_emergence,NF-CICIDS2018-v3-DoS-Historical-Pilot,NF-CICIDS2018-v3-DoS-Emergence-Pilot,cse_dos_ud_source_anchored_B200,127,True,True,results/frozen/v018_core/runs/R19_DoS_s127_UA200__cse_dos_ud_source_anchored_B200__seed127/summary.json
v018_core,core_DoS_prospective,R19_DoS_s127_UA50,dos_goldeneye_first_family_emergence,NF-CICIDS2018-v3-DoS-Historical-Pilot,NF-CICIDS2018-v3-DoS-Emergence-Pilot,cse_dos_ud_source_anchored_B050,127,True,True,results/frozen/v018_core/runs/R19_DoS_s127_UA50__cse_dos_ud_source_anchored_B050__seed127/summary.json
v018_core,core_DoS_prospective,R19_DoS_s127_UN200,dos_goldeneye_first_family_emergence,NF-CICIDS2018-v3-DoS-Historical-Pilot,NF-CICIDS2018-v3-DoS-Emergence-Pilot,cse_dos_ud_naive_replay_B200,127,True,True,results/frozen/v018_core/runs/R19_DoS_s127_UN200__cse_dos_ud_naive_replay_B200__seed127/summary.json
v018_core,core_DoS_prospective,R19_DoS_s127_UN50,dos_goldeneye_first_family_emergence,NF-CICIDS2018-v3-DoS-Historical-Pilot,NF-CICIDS2018-v3-DoS-Emergence-Pilot,cse_dos_ud_naive_replay_B050,127,True,True,results/frozen/v018_core/runs/R19_DoS_s127_UN50__cse_dos_ud_naive_replay_B050__seed127/summary.json
v018_core,core_DoS_prospective,R19_DoS_s149_RA200,dos_goldeneye_first_family_emergence,NF-CICIDS2018-v3-DoS-Historical-Pilot,NF-CICIDS2018-v3-DoS-Emergence-Pilot,cse_dos_random_source_anchored_B200,149,True,True,results/frozen/v018_core/runs/R19_DoS_s149_RA200__cse_dos_random_source_anchored_B200__seed149/summary.json
v018_core,core_DoS_prospective,R19_DoS_s149_RA50,dos_goldeneye_first_family_emergence,NF-CICIDS2018-v3-DoS-Historical-Pilot,NF-CICIDS2018-v3-DoS-Emergence-Pilot,cse_dos_random_source_anchored_B050,149,True,True,results/frozen/v018_core/runs/R19_DoS_s149_RA50__cse_dos_random_source_anchored_B050__seed149/summary.json
v018_core,core_DoS_prospective,R19_DoS_s149_RN200,dos_goldeneye_first_family_emergence,NF-CICIDS2018-v3-DoS-Historical-Pilot,NF-CICIDS2018-v3-DoS-Emergence-Pilot,cse_dos_random_naive_replay_B200,149,True,True,results/frozen/v018_core/runs/R19_DoS_s149_RN200__cse_dos_random_naive_replay_B200__seed149/summary.json
v018_core,core_DoS_prospective,R19_DoS_s149_RN50,dos_goldeneye_first_family_emergence,NF-CICIDS2018-v3-DoS-Historical-Pilot,NF-CICIDS2018-v3-DoS-Emergence-Pilot,cse_dos_random_naive_replay_B050,149,True,True,results/frozen/v018_core/runs/R19_DoS_s149_RN50__cse_dos_random_naive_replay_B050__seed149/summary.json
v018_core,core_DoS_prospective,R19_DoS_s149_UA200,dos_goldeneye_first_family_emergence,NF-CICIDS2018-v3-DoS-Historical-Pilot,NF-CICIDS2018-v3-DoS-Emergence-Pilot,cse_dos_ud_source_anchored_B200,149,True,True,results/frozen/v018_core/runs/R19_DoS_s149_UA200__cse_dos_ud_source_anchored_B200__seed149/summary.json
v018_core,core_DoS_prospective,R19_DoS_s149_UA50,dos_goldeneye_first_family_emergence,NF-CICIDS2018-v3-DoS-Historical-Pilot,NF-CICIDS2018-v3-DoS-Emergence-Pilot,cse_dos_ud_source_anchored_B050,149,True,True,results/frozen/v018_core/runs/R19_DoS_s149_UA50__cse_dos_ud_source_anchored_B050__seed149/summary.json
v018_core,core_DoS_prospective,R19_DoS_s149_UN200,dos_goldeneye_first_family_emergence,NF-CICIDS2018-v3-DoS-Historical-Pilot,NF-CICIDS2018-v3-DoS-Emergence-Pilot,cse_dos_ud_naive_replay_B200,149,True,True,results/frozen/v018_core/runs/R19_DoS_s149_UN200__cse_dos_ud_naive_replay_B200__seed149/summary.json
v018_core,core_DoS_prospective,R19_DoS_s149_UN50,dos_goldeneye_first_family_emergence,NF-CICIDS2018-v3-DoS-Historical-Pilot,NF-CICIDS2018-v3-DoS-Emergence-Pilot,cse_dos_ud_naive_replay_B050,149,True,True,results/frozen/v018_core/runs/R19_DoS_s149_UN50__cse_dos_ud_naive_replay_B050__seed149/summary.json
v018_core,core_DoS_prospective,R20_DoS_random_query_seed_q023_B050,dos_goldeneye_first_family_emergence,NF-CICIDS2018-v3-DoS-Historical-Pilot,NF-CICIDS2018-v3-DoS-Emergence-Pilot,cse_dos_random_naive_replay_B050,11,True,True,results/frozen/v018_core/runs/R20_DoS_random_query_seed_q023_B050__cse_dos_random_naive_replay_B050__seed11/summary.json
v018_core,core_DoS_prospective,R20_DoS_random_query_seed_q023_B200,dos_goldeneye_first_family_emergence,NF-CICIDS2018-v3-DoS-Historical-Pilot,NF-CICIDS2018-v3-DoS-Emergence-Pilot,cse_dos_random_naive_replay_B200,11,True,True,results/frozen/v018_core/runs/R20_DoS_random_query_seed_q023_B200__cse_dos_random_naive_replay_B200__seed11/summary.json
v018_core,core_DoS_prospective,R20_DoS_random_query_seed_q037_B050,dos_goldeneye_first_family_emergence,NF-CICIDS2018-v3-DoS-Historical-Pilot,NF-CICIDS2018-v3-DoS-Emergence-Pilot,cse_dos_random_naive_replay_B050,11,True,True,results/frozen/v018_core/runs/R20_DoS_random_query_seed_q037_B050__cse_dos_random_naive_replay_B050__seed11/summary.json
v018_core,core_DoS_prospective,R20_DoS_random_query_seed_q037_B200,dos_goldeneye_first_family_emergence,NF-CICIDS2018-v3-DoS-Historical-Pilot,NF-CICIDS2018-v3-DoS-Emergence-Pilot,cse_dos_random_naive_replay_B200,11,True,True,results/frozen/v018_core/runs/R20_DoS_random_query_seed_q037_B200__cse_dos_random_naive_replay_B200__seed11/summary.json
v018_core,core_DoS_prospective,R20_DoS_random_query_seed_q053_B050,dos_goldeneye_first_family_emergence,NF-CICIDS2018-v3-DoS-Historical-Pilot,NF-CICIDS2018-v3-DoS-Emergence-Pilot,cse_dos_random_naive_replay_B050,11,True,True,results/frozen/v018_core/runs/R20_DoS_random_query_seed_q053_B050__cse_dos_random_naive_replay_B050__seed11/summary.json
v018_core,core_DoS_prospective,R20_DoS_random_query_seed_q053_B200,dos_goldeneye_first_family_emergence,NF-CICIDS2018-v3-DoS-Historical-Pilot,NF-CICIDS2018-v3-DoS-Emergence-Pilot,cse_dos_random_naive_replay_B200,11,True,True,results/frozen/v018_core/runs/R20_DoS_random_query_seed_q053_B200__cse_dos_random_naive_replay_B200__seed11/summary.json
v018_core,core_DoS_prospective,R20_DoS_random_query_seed_q071_B050,dos_goldeneye_first_family_emergence,NF-CICIDS2018-v3-DoS-Historical-Pilot,NF-CICIDS2018-v3-DoS-Emergence-Pilot,cse_dos_random_naive_replay_B050,11,True,True,results/frozen/v018_core/runs/R20_DoS_random_query_seed_q071_B050__cse_dos_random_naive_replay_B050__seed11/summary.json
v018_core,core_DoS_prospective,R20_DoS_random_query_seed_q071_B200,dos_goldeneye_first_family_emergence,NF-CICIDS2018-v3-DoS-Historical-Pilot,NF-CICIDS2018-v3-DoS-Emergence-Pilot,cse_dos_random_naive_replay_B200,11,True,True,results/frozen/v018_core/runs/R20_DoS_random_query_seed_q071_B200__cse_dos_random_naive_replay_B200__seed11/summary.json
v018_core,core_DoS_prospective,R20_DoS_random_query_seed_q083_B050,dos_goldeneye_first_family_emergence,NF-CICIDS2018-v3-DoS-Historical-Pilot,NF-CICIDS2018-v3-DoS-Emergence-Pilot,cse_dos_random_naive_replay_B050,11,True,True,results/frozen/v018_core/runs/R20_DoS_random_query_seed_q083_B050__cse_dos_random_naive_replay_B050__seed11/summary.json
v018_core,core_DoS_prospective,R20_DoS_random_query_seed_q083_B200,dos_goldeneye_first_family_emergence,NF-CICIDS2018-v3-DoS-Historical-Pilot,NF-CICIDS2018-v3-DoS-Emergence-Pilot,cse_dos_random_naive_replay_B200,11,True,True,results/frozen/v018_core/runs/R20_DoS_random_query_seed_q083_B200__cse_dos_random_naive_replay_B200__seed11/summary.json
v018_core,core_DoS_prospective,R20_DoS_random_query_seed_q097_B050,dos_goldeneye_first_family_emergence,NF-CICIDS2018-v3-DoS-Historical-Pilot,NF-CICIDS2018-v3-DoS-Emergence-Pilot,cse_dos_random_naive_replay_B050,11,True,True,results/frozen/v018_core/runs/R20_DoS_random_query_seed_q097_B050__cse_dos_random_naive_replay_B050__seed11/summary.json
v018_core,core_DoS_prospective,R20_DoS_random_query_seed_q097_B200,dos_goldeneye_first_family_emergence,NF-CICIDS2018-v3-DoS-Historical-Pilot,NF-CICIDS2018-v3-DoS-Emergence-Pilot,cse_dos_random_naive_replay_B200,11,True,True,results/frozen/v018_core/runs/R20_DoS_random_query_seed_q097_B200__cse_dos_random_naive_replay_B200__seed11/summary.json
v018_core,core_DoS_prospective,R20_DoS_random_query_seed_q109_B050,dos_goldeneye_first_family_emergence,NF-CICIDS2018-v3-DoS-Historical-Pilot,NF-CICIDS2018-v3-DoS-Emergence-Pilot,cse_dos_random_naive_replay_B050,11,True,True,results/frozen/v018_core/runs/R20_DoS_random_query_seed_q109_B050__cse_dos_random_naive_replay_B050__seed11/summary.json
v018_core,core_DoS_prospective,R20_DoS_random_query_seed_q109_B200,dos_goldeneye_first_family_emergence,NF-CICIDS2018-v3-DoS-Historical-Pilot,NF-CICIDS2018-v3-DoS-Emergence-Pilot,cse_dos_random_naive_replay_B200,11,True,True,results/frozen/v018_core/runs/R20_DoS_random_query_seed_q109_B200__cse_dos_random_naive_replay_B200__seed11/summary.json
v018_core,core_DoS_prospective,R20_DoS_random_query_seed_q127_B050,dos_goldeneye_first_family_emergence,NF-CICIDS2018-v3-DoS-Historical-Pilot,NF-CICIDS2018-v3-DoS-Emergence-Pilot,cse_dos_random_naive_replay_B050,11,True,True,results/frozen/v018_core/runs/R20_DoS_random_query_seed_q127_B050__cse_dos_random_naive_replay_B050__seed11/summary.json
v018_core,core_DoS_prospective,R20_DoS_random_query_seed_q127_B200,dos_goldeneye_first_family_emergence,NF-CICIDS2018-v3-DoS-Historical-Pilot,NF-CICIDS2018-v3-DoS-Emergence-Pilot,cse_dos_random_naive_replay_B200,11,True,True,results/frozen/v018_core/runs/R20_DoS_random_query_seed_q127_B200__cse_dos_random_naive_replay_B200__seed11/summary.json
v018_core,core_DoS_prospective,R20_DoS_random_query_seed_q149_B050,dos_goldeneye_first_family_emergence,NF-CICIDS2018-v3-DoS-Historical-Pilot,NF-CICIDS2018-v3-DoS-Emergence-Pilot,cse_dos_random_naive_replay_B050,11,True,True,results/frozen/v018_core/runs/R20_DoS_random_query_seed_q149_B050__cse_dos_random_naive_replay_B050__seed11/summary.json
v018_core,core_DoS_prospective,R20_DoS_random_query_seed_q149_B200,dos_goldeneye_first_family_emergence,NF-CICIDS2018-v3-DoS-Historical-Pilot,NF-CICIDS2018-v3-DoS-Emergence-Pilot,cse_dos_random_naive_replay_B200,11,True,True,results/frozen/v018_core/runs/R20_DoS_random_query_seed_q149_B200__cse_dos_random_naive_replay_B200__seed11/summary.json
v020_diagnostic_excluded,external_target_reference_score_diagnostic_excluded,E12_v020_external_guard_amendment_exploits,NF-UNSW-NB15-v3-Exploits-v020-heldout-family,NF-UNSW-NB15-v3-Exploits-V020-Historical-Source,NF-UNSW-NB15-v3-Exploits-V020-Heldout-Target,,11,,False,reproducibility/v020_diagnostic_excluded/scoring_excluded/runs/E12_v020_external_guard_amendment_exploits__NF-UNSW-NB15-v3-Exploits-v020-heldout-family__seed11/summary.json
v020_diagnostic_excluded,external_target_reference_score_diagnostic_excluded,E12_v020_external_guard_amendment_reconnaissance,NF-UNSW-NB15-v3-Reconnaissance-v020-heldout-family,NF-UNSW-NB15-v3-Reconnaissance-V020-Historical-Source,NF-UNSW-NB15-v3-Reconnaissance-V020-Heldout-Target,,11,,False,reproducibility/v020_diagnostic_excluded/scoring_excluded/runs/E12_v020_external_guard_amendment_reconnaissance__NF-UNSW-NB15-v3-Reconnaissance-v020-heldout-family__seed11/summary.json
v021_external_validation,external_source_anchored_gate2_gate3_only,E12_v021_source_anchored_exploits_development,NF-UNSW-NB15-v3-Exploits-v021-source-anchored,NF-UNSW-NB15-v3-Exploits-V020-Historical-Source,NF-UNSW-NB15-v3-Exploits-V020-Heldout-Target,,11,,False,results/frozen/v021_external_validation/development/runs/E12_v021_source_anchored_exploits_development__NF-UNSW-NB15-v3-Exploits-v021-source-anchored__seed11/summary.json
v021_external_validation,external_source_anchored_gate2_gate3_only,E12_v021_source_anchored_reconnaissance_development,NF-UNSW-NB15-v3-Reconnaissance-v021-source-anchored,NF-UNSW-NB15-v3-Reconnaissance-V020-Historical-Source,NF-UNSW-NB15-v3-Reconnaissance-V020-Heldout-Target,,11,,False,results/frozen/v021_external_validation/development/runs/E12_v021_source_anchored_reconnaissance_development__NF-UNSW-NB15-v3-Reconnaissance-v021-source-anchored__seed11/summary.json
v021_external_validation,external_source_anchored_gate2_gate3_only,E12_v021_source_anchored_exploits_evaluation,NF-UNSW-NB15-v3-Exploits-v021-source-anchored,NF-UNSW-NB15-v3-Exploits-V020-Historical-Source,NF-UNSW-NB15-v3-Exploits-V020-Heldout-Target,,110,,False,results/frozen/v021_external_validation/evaluation/runs/E12_v021_source_anchored_exploits_evaluation__NF-UNSW-NB15-v3-Exploits-v021-source-anchored__seed110/summary.json
v021_external_validation,external_source_anchored_gate2_gate3_only,E12_v021_source_anchored_exploits_evaluation,NF-UNSW-NB15-v3-Exploits-v021-source-anchored,NF-UNSW-NB15-v3-Exploits-V020-Historical-Source,NF-UNSW-NB15-v3-Exploits-V020-Heldout-Target,,121,,False,results/frozen/v021_external_validation/evaluation/runs/E12_v021_source_anchored_exploits_evaluation__NF-UNSW-NB15-v3-Exploits-v021-source-anchored__seed121/summary.json
v021_external_validation,external_source_anchored_gate2_gate3_only,E12_v021_source_anchored_exploits_evaluation,NF-UNSW-NB15-v3-Exploits-v021-source-anchored,NF-UNSW-NB15-v3-Exploits-V020-Historical-Source,NF-UNSW-NB15-v3-Exploits-V020-Heldout-Target,,22,,False,results/frozen/v021_external_validation/evaluation/runs/E12_v021_source_anchored_exploits_evaluation__NF-UNSW-NB15-v3-Exploits-v021-source-anchored__seed22/summary.json
v021_external_validation,external_source_anchored_gate2_gate3_only,E12_v021_source_anchored_exploits_evaluation,NF-UNSW-NB15-v3-Exploits-v021-source-anchored,NF-UNSW-NB15-v3-Exploits-V020-Historical-Source,NF-UNSW-NB15-v3-Exploits-V020-Heldout-Target,,33,,False,results/frozen/v021_external_validation/evaluation/runs/E12_v021_source_anchored_exploits_evaluation__NF-UNSW-NB15-v3-Exploits-v021-source-anchored__seed33/summary.json
v021_external_validation,external_source_anchored_gate2_gate3_only,E12_v021_source_anchored_exploits_evaluation,NF-UNSW-NB15-v3-Exploits-v021-source-anchored,NF-UNSW-NB15-v3-Exploits-V020-Historical-Source,NF-UNSW-NB15-v3-Exploits-V020-Heldout-Target,,44,,False,results/frozen/v021_external_validation/evaluation/runs/E12_v021_source_anchored_exploits_evaluation__NF-UNSW-NB15-v3-Exploits-v021-source-anchored__seed44/summary.json
v021_external_validation,external_source_anchored_gate2_gate3_only,E12_v021_source_anchored_exploits_evaluation,NF-UNSW-NB15-v3-Exploits-v021-source-anchored,NF-UNSW-NB15-v3-Exploits-V020-Historical-Source,NF-UNSW-NB15-v3-Exploits-V020-Heldout-Target,,55,,False,results/frozen/v021_external_validation/evaluation/runs/E12_v021_source_anchored_exploits_evaluation__NF-UNSW-NB15-v3-Exploits-v021-source-anchored__seed55/summary.json
v021_external_validation,external_source_anchored_gate2_gate3_only,E12_v021_source_anchored_exploits_evaluation,NF-UNSW-NB15-v3-Exploits-v021-source-anchored,NF-UNSW-NB15-v3-Exploits-V020-Historical-Source,NF-UNSW-NB15-v3-Exploits-V020-Heldout-Target,,66,,False,results/frozen/v021_external_validation/evaluation/runs/E12_v021_source_anchored_exploits_evaluation__NF-UNSW-NB15-v3-Exploits-v021-source-anchored__seed66/summary.json
v021_external_validation,external_source_anchored_gate2_gate3_only,E12_v021_source_anchored_exploits_evaluation,NF-UNSW-NB15-v3-Exploits-v021-source-anchored,NF-UNSW-NB15-v3-Exploits-V020-Historical-Source,NF-UNSW-NB15-v3-Exploits-V020-Heldout-Target,,77,,False,results/frozen/v021_external_validation/evaluation/runs/E12_v021_source_anchored_exploits_evaluation__NF-UNSW-NB15-v3-Exploits-v021-source-anchored__seed77/summary.json
v021_external_validation,external_source_anchored_gate2_gate3_only,E12_v021_source_anchored_exploits_evaluation,NF-UNSW-NB15-v3-Exploits-v021-source-anchored,NF-UNSW-NB15-v3-Exploits-V020-Historical-Source,NF-UNSW-NB15-v3-Exploits-V020-Heldout-Target,,88,,False,results/frozen/v021_external_validation/evaluation/runs/E12_v021_source_anchored_exploits_evaluation__NF-UNSW-NB15-v3-Exploits-v021-source-anchored__seed88/summary.json
v021_external_validation,external_source_anchored_gate2_gate3_only,E12_v021_source_anchored_exploits_evaluation,NF-UNSW-NB15-v3-Exploits-v021-source-anchored,NF-UNSW-NB15-v3-Exploits-V020-Historical-Source,NF-UNSW-NB15-v3-Exploits-V020-Heldout-Target,,99,,False,results/frozen/v021_external_validation/evaluation/runs/E12_v021_source_anchored_exploits_evaluation__NF-UNSW-NB15-v3-Exploits-v021-source-anchored__seed99/summary.json
v021_external_validation,external_source_anchored_gate2_gate3_only,E12_v021_source_anchored_reconnaissance_evaluation,NF-UNSW-NB15-v3-Reconnaissance-v021-source-anchored,NF-UNSW-NB15-v3-Reconnaissance-V020-Historical-Source,NF-UNSW-NB15-v3-Reconnaissance-V020-Heldout-Target,,110,,False,results/frozen/v021_external_validation/evaluation/runs/E12_v021_source_anchored_reconnaissance_evaluation__NF-UNSW-NB15-v3-Reconnaissance-v021-source-anchored__seed110/summary.json
v021_external_validation,external_source_anchored_gate2_gate3_only,E12_v021_source_anchored_reconnaissance_evaluation,NF-UNSW-NB15-v3-Reconnaissance-v021-source-anchored,NF-UNSW-NB15-v3-Reconnaissance-V020-Historical-Source,NF-UNSW-NB15-v3-Reconnaissance-V020-Heldout-Target,,121,,False,results/frozen/v021_external_validation/evaluation/runs/E12_v021_source_anchored_reconnaissance_evaluation__NF-UNSW-NB15-v3-Reconnaissance-v021-source-anchored__seed121/summary.json
v021_external_validation,external_source_anchored_gate2_gate3_only,E12_v021_source_anchored_reconnaissance_evaluation,NF-UNSW-NB15-v3-Reconnaissance-v021-source-anchored,NF-UNSW-NB15-v3-Reconnaissance-V020-Historical-Source,NF-UNSW-NB15-v3-Reconnaissance-V020-Heldout-Target,,22,,False,results/frozen/v021_external_validation/evaluation/runs/E12_v021_source_anchored_reconnaissance_evaluation__NF-UNSW-NB15-v3-Reconnaissance-v021-source-anchored__seed22/summary.json
v021_external_validation,external_source_anchored_gate2_gate3_only,E12_v021_source_anchored_reconnaissance_evaluation,NF-UNSW-NB15-v3-Reconnaissance-v021-source-anchored,NF-UNSW-NB15-v3-Reconnaissance-V020-Historical-Source,NF-UNSW-NB15-v3-Reconnaissance-V020-Heldout-Target,,33,,False,results/frozen/v021_external_validation/evaluation/runs/E12_v021_source_anchored_reconnaissance_evaluation__NF-UNSW-NB15-v3-Reconnaissance-v021-source-anchored__seed33/summary.json
v021_external_validation,external_source_anchored_gate2_gate3_only,E12_v021_source_anchored_reconnaissance_evaluation,NF-UNSW-NB15-v3-Reconnaissance-v021-source-anchored,NF-UNSW-NB15-v3-Reconnaissance-V020-Historical-Source,NF-UNSW-NB15-v3-Reconnaissance-V020-Heldout-Target,,44,,False,results/frozen/v021_external_validation/evaluation/runs/E12_v021_source_anchored_reconnaissance_evaluation__NF-UNSW-NB15-v3-Reconnaissance-v021-source-anchored__seed44/summary.json
v021_external_validation,external_source_anchored_gate2_gate3_only,E12_v021_source_anchored_reconnaissance_evaluation,NF-UNSW-NB15-v3-Reconnaissance-v021-source-anchored,NF-UNSW-NB15-v3-Reconnaissance-V020-Historical-Source,NF-UNSW-NB15-v3-Reconnaissance-V020-Heldout-Target,,55,,False,results/frozen/v021_external_validation/evaluation/runs/E12_v021_source_anchored_reconnaissance_evaluation__NF-UNSW-NB15-v3-Reconnaissance-v021-source-anchored__seed55/summary.json
v021_external_validation,external_source_anchored_gate2_gate3_only,E12_v021_source_anchored_reconnaissance_evaluation,NF-UNSW-NB15-v3-Reconnaissance-v021-source-anchored,NF-UNSW-NB15-v3-Reconnaissance-V020-Historical-Source,NF-UNSW-NB15-v3-Reconnaissance-V020-Heldout-Target,,66,,False,results/frozen/v021_external_validation/evaluation/runs/E12_v021_source_anchored_reconnaissance_evaluation__NF-UNSW-NB15-v3-Reconnaissance-v021-source-anchored__seed66/summary.json
v021_external_validation,external_source_anchored_gate2_gate3_only,E12_v021_source_anchored_reconnaissance_evaluation,NF-UNSW-NB15-v3-Reconnaissance-v021-source-anchored,NF-UNSW-NB15-v3-Reconnaissance-V020-Historical-Source,NF-UNSW-NB15-v3-Reconnaissance-V020-Heldout-Target,,77,,False,results/frozen/v021_external_validation/evaluation/runs/E12_v021_source_anchored_reconnaissance_evaluation__NF-UNSW-NB15-v3-Reconnaissance-v021-source-anchored__seed77/summary.json
v021_external_validation,external_source_anchored_gate2_gate3_only,E12_v021_source_anchored_reconnaissance_evaluation,NF-UNSW-NB15-v3-Reconnaissance-v021-source-anchored,NF-UNSW-NB15-v3-Reconnaissance-V020-Historical-Source,NF-UNSW-NB15-v3-Reconnaissance-V020-Heldout-Target,,88,,False,results/frozen/v021_external_validation/evaluation/runs/E12_v021_source_anchored_reconnaissance_evaluation__NF-UNSW-NB15-v3-Reconnaissance-v021-source-anchored__seed88/summary.json
v021_external_validation,external_source_anchored_gate2_gate3_only,E12_v021_source_anchored_reconnaissance_evaluation,NF-UNSW-NB15-v3-Reconnaissance-v021-source-anchored,NF-UNSW-NB15-v3-Reconnaissance-V020-Historical-Source,NF-UNSW-NB15-v3-Reconnaissance-V020-Heldout-Target,,99,,False,results/frozen/v021_external_validation/evaluation/runs/E12_v021_source_anchored_reconnaissance_evaluation__NF-UNSW-NB15-v3-Reconnaissance-v021-source-anchored__seed99/summary.json
