window,start_row,stop_row,n_rows,shift_score,dominant_shift_feature,dominant_shift_contribution_percent,maximum_absolute_standardized_change,predicted_unknown_rate,novel_prevalence_posthoc,labels_present_posthoc,phase,normalized_shift_score
0,0,500,500,0.05955935672214795,pca_component_25,16.602973212646724,0.1372833667210443,0.064,0.0,Backdoor|Benign,pre_change,-0.26306571420594177
1,500,1000,500,0.056672708090146524,pca_component_20,28.574725864426338,0.17137204974011086,0.06,0.0,Backdoor|Benign,pre_change,-0.373827467833576
2,1000,1500,500,0.043083707130240116,pca_component_2,12.068070162888937,0.08466559551277517,0.058,0.0,Backdoor|Benign,pre_change,-0.8952423569478303
3,1500,2000,500,0.10425238426338762,pca_component_4,16.354786778511556,0.2384972789781146,0.098,0.0,Backdoor|Benign,pre_change,1.4518219415056002
4,2000,2500,500,0.0462926642512421,pca_component_21,29.71650640989879,0.1427532619193079,0.058,0.0,Backdoor|Benign,pre_change,-0.7721135098488917
5,2500,3000,500,0.04634257565082338,pca_component_15,12.093382913717289,0.09116519364869395,0.084,0.0,Backdoor|Benign,pre_change,-0.7701983913677765
6,3000,3500,500,0.05993951386046942,pca_component_16,16.117813545051316,0.13612605829844837,0.092,0.0,Backdoor|Benign,pre_change,-0.2484789471059383
7,3500,4000,500,0.044291535891791356,pca_component_20,27.550786804739577,0.13151119761846897,0.054,0.0,Backdoor|Benign,pre_change,-0.8488975298607341
8,4000,4500,500,0.05518188771975319,pca_component_23,23.349672537171653,0.1508384078005759,0.038,0.0,Backdoor|Benign,pre_change,-0.4310307854587198
9,4500,5000,500,0.04609742208461659,pca_component_2,14.643392370202042,0.09978665802484439,0.044,0.0,Backdoor|Benign,pre_change,-0.7796050225040037
10,5000,5500,500,0.04783535017159961,pca_component_5,21.802773748781423,0.1263513308543922,0.074,0.0,Backdoor|Benign,pre_change,-0.7129200922845977
11,5500,6000,500,0.045158116766432825,pca_component_21,12.545471536092087,0.09048035712423555,0.028,0.0,Backdoor|Benign,pre_change,-0.8156465078030517
12,6000,6500,500,0.049838423928482985,pca_component_25,14.791958091750983,0.10843066540807096,0.052,0.0,Backdoor|Benign,pre_change,-0.6360614266685927
13,6500,7000,500,0.0571055544045369,pca_component_5,37.46906587217723,0.19773783478680151,0.052,0.0,Backdoor|Benign,pre_change,-0.3572189979624454
14,7000,7500,500,0.0442962362343705,pca_component_5,16.632733997282394,0.10219358549922951,0.068,0.0,Backdoor|Benign,pre_change,-0.8487171760133885
15,7500,8000,500,0.06942143242960683,pca_component_5,22.476826481757083,0.18618129904711467,0.078,0.0,Backdoor|Benign,pre_change,0.11534570298454355
16,8000,8500,500,0.06340920339164936,pca_component_5,38.03213709683556,0.22120892809205775,0.05,0.0,Backdoor|Benign,pre_change,-0.1153457029845441
17,8500,9000,500,0.2516888401817539,pca_component_12,38.379280812013306,0.8820381399832643,0.086,0.0,Backdoor|Benign,pre_change,7.109012160337041
18,9000,9500,500,0.07746205753192979,pca_component_5,57.27290650619803,0.3316184074329313,0.052,0.0,Backdoor|Benign,pre_change,0.4238674006801108
19,9500,10000,500,0.05811483663254877,pca_component_5,43.939508840465265,0.21791624633793788,0.026,0.0,Backdoor|Benign,pre_change,-0.3184924732858717
20,10000,10500,500,0.06261424582511078,pca_component_5,24.558345739128598,0.17552852271077174,0.07,0.0,Backdoor|Benign,pre_change,-0.1458485127665301
21,10500,11000,500,0.06175273813129392,pca_component_5,50.64438823598677,0.24859756643336095,0.048,0.0,Backdoor|Benign,pre_change,-0.17890487503833688
22,11000,11500,500,0.3900449781572432,pca_component_12,40.13511851253376,1.3978222680515386,0.038,0.0,Backdoor|Benign,pre_change,8.0
23,11500,12000,500,0.05602229475185765,pca_component_25,22.06741904288713,0.1488715308735546,0.046,0.0,Backdoor|Benign,pre_change,-0.39878406322001564
24,12000,12500,500,0.07045791337457323,pca_component_5,30.412523362786636,0.21980167328612304,0.058,0.0,Backdoor|Benign,pre_change,0.1551158522827313
25,12500,13000,500,0.08999843099717543,pca_component_21,59.97832300403349,0.39428212330638457,0.042,0.0,Backdoor|Benign,pre_change,0.9048925915357124
26,13000,13500,500,0.08796654927928681,pca_component_21,55.29400708240638,0.3700254342934307,0.04,0.0,Backdoor|Benign,pre_change,0.826928554020958
27,13500,14000,500,0.11489691531836822,pca_component_5,25.95184045246762,0.3311062965037669,0.082,0.0,Backdoor|Benign,pre_change,1.8602564538057724
28,14000,14500,500,0.11582924369880791,pca_component_5,38.311687551305745,0.40556348931293046,0.022,0.0,Backdoor|Benign,pre_change,1.8960302314763555
29,14500,15000,500,0.10119907364865624,pca_component_5,43.26040959012986,0.3765276205257676,0.046,0.0,Backdoor|Benign,pre_change,1.3346653072313979
30,15000,15500,500,0.059628635706913284,pca_component_5,23.612839645759106,0.16390944167564697,0.04,0.0,Backdoor|Benign,pre_change,-0.26040745446588126
31,15500,16000,500,0.0819673586568827,pca_component_25,27.86998134001882,0.24478469964622673,0.014,0.0,Backdoor|Benign,pre_change,0.5967374367794995
32,16000,16500,500,0.10039342848940104,pca_component_5,30.377521867143408,0.313008726878367,0.06,0.0,Backdoor|Benign,pre_change,1.3037524106455565
33,16500,17000,500,0.08927968920450294,pca_component_5,33.47526156686488,0.29220634935753054,0.04,0.0,Backdoor|Benign,pre_change,0.8773142086042649
34,17000,17500,500,0.07068206999450576,pca_component_25,23.289284736210476,0.19295779348655107,0.066,0.0,Backdoor|Benign,pre_change,0.16371682298478568
35,17500,18000,500,0.08248153283125334,pca_component_5,31.531637447268512,0.2620022220470179,0.034,0.0,Backdoor|Benign,pre_change,0.6164664860970973
36,18000,18500,500,0.08300125857073638,pca_component_25,24.410757351342227,0.2319798662949381,0.052,0.0,Backdoor|Benign,pre_change,0.6364085509789768
37,18500,19000,500,0.05469692031272497,pca_component_1,12.67961147993687,0.11017697305206768,0.014,0.0,Backdoor|Benign,pre_change,-0.4496391605339536
38,19000,19500,500,0.05859938032854778,pca_component_5,24.45119800422317,0.16391476822068957,0.04,0.0,Backdoor|Benign,pre_change,-0.2999003561563081
39,19500,20000,500,0.10162314638517939,pca_component_4,20.81461160842333,0.2622719118261002,0.026,0.0,Backdoor|Benign|Exploits,pre_change,1.3509371317417493
40,20000,20500,500,0.0804290103155777,pca_component_20,27.520018167893955,0.23867782522782435,0.046,0.012,Benign|DoS|Exploits|Reconnaissance,post_change,0.5377104536946318
41,20500,21000,500,0.22742550857608812,pca_component_21,37.13189581605387,0.7839488463573504,0.094,0.028,Backdoor|Benign|DoS|Exploits|Generic|Reconnaissance|Shellcode,post_change,6.1780193378302615
42,21000,21500,500,0.058868552796968336,pca_component_2,24.23677657684212,0.16394409483226852,0.034,0.018,Benign|Exploits|Generic|Reconnaissance|Shellcode,post_change,-0.2895721110418798
43,21500,22000,500,0.07425395361333069,pca_component_23,15.35337100879941,0.1645873466233357,0.046,0.01,Benign|DoS|Exploits|Generic|Reconnaissance,post_change,0.30077129126642244
44,22000,22500,500,0.05755455780815292,pca_component_20,18.60875770173348,0.14044730216287318,0.052,0.008,Benign|Exploits|Fuzzers|Generic|Reconnaissance|Shellcode,post_change,-0.33999057472521704
45,22500,23000,500,0.05755312331688742,pca_component_16,32.30846212706661,0.18505551369653064,0.062,0.002,Benign|DoS|Exploits|Fuzzers|Generic|Reconnaissance,post_change,-0.3400456166746837
46,23000,23500,500,0.23162304665612193,pca_component_16,47.16733397354079,0.8998651311712155,0.172,0.012,Backdoor|Benign|DoS|Exploits|Fuzzers|Generic|Reconnaissance|Shellcode|Worms,post_change,6.339080394416482
47,23500,24000,500,0.7948279096401843,pca_component_14,48.01117648784717,3.1154391406502806,0.066,0.006,Benign|DoS|Exploits|Generic|Reconnaissance|Shellcode,post_change,8.0
48,24000,24500,500,0.05638502487638922,pca_component_2,27.5464631851729,0.16740625784446606,0.042,0.012,Benign|DoS|Exploits|Generic|Reconnaissance|Shellcode,post_change,-0.3848659769516394
49,24500,25000,500,0.05773103653437602,pca_component_5,22.46554818143603,0.1547899836693347,0.05,0.002,Benign|DoS|Exploits|Generic|Reconnaissance,post_change,-0.33321902207494203
50,25000,25500,500,0.060932255798844745,pca_component_24,20.523657043690665,0.15615274397145212,0.082,0.002,Benign|DoS|Exploits|Fuzzers|Generic|Reconnaissance,post_change,-0.21038707933403358
51,25500,26000,500,0.048235359413536606,pca_component_5,31.871718820549965,0.1540434549963579,0.046,0.014,Benign|Exploits|Generic|Reconnaissance,post_change,-0.6975715927779281
52,26000,26500,500,0.0523337131884215,pca_component_2,27.484398692416207,0.15520283822932887,0.052,0.01,Benign|DoS|Exploits|Generic|Reconnaissance|Shellcode,post_change,-0.5403162739073561
53,26500,27000,500,0.05555934946317045,pca_component_5,26.938357847068716,0.16312393904075018,0.048,0.004,Benign|DoS|Exploits|Generic|Reconnaissance|Shellcode,post_change,-0.41654744163753166
54,27000,27500,500,0.06215841142662972,pca_component_2,28.758998236829296,0.18856529852063939,0.062,0.006,Benign|DoS|Exploits|Generic|Reconnaissance|Shellcode,post_change,-0.16333904375109065
55,27500,28000,500,0.05887992979669159,pca_component_1,26.922608470672373,0.17282272171276006,0.042,0.01,Benign|DoS|Exploits|Reconnaissance,post_change,-0.28913557144145907
56,28000,28500,500,0.04921835877379996,pca_component_5,21.351015111789888,0.1286504710870189,0.032,0.012,Benign|DoS|Exploits|Reconnaissance|Shellcode,post_change,-0.6598535512571901
57,28500,29000,500,0.05688021982804673,pca_component_1,33.81171811439566,0.18709831451210313,0.038,0.008,Benign|DoS|Exploits|Reconnaissance,post_change,-0.3658651672843024
58,29000,29500,500,0.060918496052876074,pca_component_1,26.661310721279136,0.17793644532890257,0.054,0.012,Benign|DoS|Exploits|Generic|Reconnaissance,post_change,-0.21091504577098233
59,29500,30000,500,0.055387590965021695,pca_component_2,19.7082206516786,0.13909488937512896,0.062,0.014,Benign|DoS|Exploits|Reconnaissance,post_change,-0.42313787742680686
60,30000,30500,500,0.055805872412360374,pca_component_5,31.791991859551572,0.1779974416611484,0.018,0.006,Benign|DoS|Exploits|Generic|Reconnaissance|Shellcode,post_change,-0.40708826678021603
61,30500,31000,500,0.048020858971428985,pca_component_2,18.522284090410423,0.1169101408906183,0.048,0.006,Benign|DoS|Exploits|Fuzzers|Generic|Reconnaissance,post_change,-0.7058020524391271
62,31000,31500,500,0.04917769867642105,pca_component_4,19.61856141884894,0.12321874183857288,0.07,0.006,Benign|DoS|Exploits|Fuzzers|Reconnaissance,post_change,-0.6614136939217429
63,31500,32000,500,0.05418256931424997,pca_component_1,39.29895384351904,0.1921432264725461,0.026,0.012,Benign|Exploits|Fuzzers|Generic|Reconnaissance,post_change,-0.46937499465648586
64,32000,32500,500,0.06117326457261865,pca_component_1,26.009745408408637,0.17648373950586072,0.034,0.01,Benign|DoS|Exploits|Generic|Reconnaissance,post_change,-0.20113948538480558
65,32500,33000,500,0.0504482145724759,pca_component_1,40.611168322439866,0.18186265691178208,0.028,0.052,Backdoor|Benign|Exploits|Fuzzers|Generic|Reconnaissance,post_change,-0.6126635387768646
66,33000,33500,500,0.060278738236519934,pca_component_2,21.20438545830344,0.15701892052698602,0.05,0.024,Benign|DoS|Exploits|Generic|Reconnaissance|Shellcode,post_change,-0.23546278492116132
67,33500,34000,500,0.05429169149913742,pca_component_7,14.458021768785645,0.11677847484379643,0.046,0.046,Benign|Exploits|Fuzzers|Generic|Reconnaissance|Shellcode,post_change,-0.4651879368955167
68,34000,34500,500,0.052090074874929726,pca_component_5,23.782334826052832,0.14370014800165823,0.032,0.008,Benign|Exploits|Reconnaissance|Shellcode|Worms,post_change,-0.5496647642480449
69,34500,35000,500,0.05063001538119789,pca_component_5,20.086089421660382,0.12836030618934877,0.05,0.012,Benign|Exploits|Generic|Reconnaissance,post_change,-0.6056877758933131
70,35000,35500,500,0.09964470689880994,pca_component_19,14.394107816828248,0.21385607851365915,0.104,0.042,Benign|DoS|Exploits|Fuzzers|Reconnaissance|Shellcode,post_change,1.2750236920085247
71,35500,36000,500,0.12760264057980977,pca_component_20,19.80342050879094,0.32122161077509026,0.11,0.032,Benign|DoS|Exploits|Fuzzers|Reconnaissance|Shellcode,post_change,2.34777973442495
72,36000,36500,500,0.0683765191138095,pca_component_20,13.20339175382388,0.14054802005122435,0.094,0.038,Benign|DoS|Exploits|Fuzzers|Reconnaissance,post_change,0.07525200056315352
73,36500,37000,500,0.053857436132361165,pca_component_5,21.48437307553329,0.14121538256375113,0.042,0.008,Benign|Exploits|Reconnaissance,post_change,-0.4818504726170883
74,37000,37500,500,0.06269656976942618,pca_component_1,24.366820206100495,0.1750726070952467,0.036,0.01,Benign|DoS|Exploits|Generic|Reconnaissance,post_change,-0.1426897132033165
75,37500,38000,500,0.05247902928484786,pca_component_5,30.580193086348924,0.1641651220917129,0.054,0.01,Benign|DoS|Exploits|Reconnaissance,post_change,-0.5347404426502813
76,38000,38500,500,0.054620191907054846,pca_component_2,33.415596525060536,0.1786087866049549,0.052,0.014,Benign|DoS|Exploits|Generic|Reconnaissance,post_change,-0.4525832572525011
77,38500,39000,500,0.0585862233435076,pca_component_1,23.336110505615274,0.1600975656665317,0.052,0.008,Benign|DoS|Exploits|Generic|Reconnaissance|Shellcode,post_change,-0.3004051944380953
78,39000,39500,500,0.06209859644295665,pca_component_1,21.1734006450688,0.1616412056756523,0.036,0.006,Benign|DoS|Exploits|Generic|Reconnaissance,post_change,-0.1656341663411387
79,39500,40000,500,0.05720320350722099,pca_component_1,30.57871179499761,0.17893896991942104,0.056,0.008,Benign|Exploits|Fuzzers|Reconnaissance,post_change,-0.353472166521462
80,40000,40500,500,0.05739737421472885,pca_component_1,51.0339658538706,0.23195122659889514,0.032,0.008,Benign|DoS|Exploits|Fuzzers|Generic|Reconnaissance,post_change,-0.34602176614080415
81,40500,41000,500,0.05132753995080162,pca_component_10,18.80739974232449,0.1259185797395581,0.058,0.008,Benign|DoS|Exploits|Fuzzers|Generic|Reconnaissance|Shellcode,post_change,-0.5789235054964331
82,41000,41500,500,0.04793465079296438,pca_component_20,15.261372560742423,0.10593058099536454,0.05,0.006,Benign|DoS|Exploits|Fuzzers|Generic|Reconnaissance|Shellcode,post_change,-0.7091098914736145
83,41500,42000,500,0.05550993739637065,pca_component_1,20.94149878445642,0.1436976305886211,0.046,0.014,Benign|Exploits|Fuzzers|Generic|Reconnaissance,post_change,-0.4184434005389505
84,42000,42500,500,0.05894988738850438,pca_component_2,31.11562046882665,0.18601467242071337,0.06,0.01,Benign|DoS|Exploits|Fuzzers|Generic|Reconnaissance,post_change,-0.2864512733031788
85,42500,43000,500,0.06049288180449853,pca_component_2,34.66952982970581,0.2014898805537565,0.062,0.016,Benign|Exploits|Generic|Reconnaissance|Shellcode,post_change,-0.22724601864956198
86,43000,43500,500,0.0675258407428718,pca_component_2,32.24830856726958,0.21691943254725768,0.068,0.01,Benign|DoS|Exploits|Generic|Reconnaissance,post_change,0.0426111633328769
87,43500,44000,500,0.060433333950481095,pca_component_1,16.43961156806615,0.13861087941898775,0.034,0.01,Backdoor|Benign|DoS|Exploits|Reconnaissance|Shellcode,post_change,-0.229530891377962
88,44000,44500,500,0.06365090264202801,pca_component_2,27.734007665374957,0.18962075507120568,0.074,0.008,Backdoor|Benign|DoS|Exploits|Generic|Reconnaissance,post_change,-0.106071615197884
89,44500,45000,500,0.05067876805150543,pca_component_5,25.04523265944703,0.14347081767924996,0.044,0.01,Benign|Exploits|Generic|Reconnaissance,post_change,-0.6038171182741526
90,45000,45500,500,0.05695961837029296,pca_component_2,26.00711189474889,0.16431912859078823,0.078,0.004,Benign|DoS|Exploits|Generic|Reconnaissance,post_change,-0.3628186164581381
91,45500,46000,500,0.05967776605869835,pca_component_2,32.62389774927381,0.19282150596417083,0.054,0.008,Benign|DoS|Exploits|Generic|Reconnaissance,post_change,-0.25852230507162205
92,46000,46500,500,0.058400989630714044,pca_component_5,23.810375074106318,0.16120492801435116,0.044,0.006,Benign|DoS|Exploits|Generic|Reconnaissance,post_change,-0.3075126790943579
93,46500,47000,500,0.047214104905413,pca_component_5,28.196701755692725,0.1418227509467441,0.042,0.01,Benign|DoS|Exploits|Reconnaissance,post_change,-0.736757498179054
94,47000,47500,500,0.20382978555942752,pca_component_16,39.577657667933366,0.7253835132697012,0.172,0.094,Benign|DoS|Exploits|Fuzzers|Reconnaissance,post_change,5.272642898708464
95,47500,48000,500,0.3199045495809827,pca_component_16,43.671181396307105,1.195894520568766,0.24,0.208,Benign|DoS|Exploits|Fuzzers|Reconnaissance|Shellcode,post_change,8.0
96,48000,48500,500,0.21019424429933112,pca_component_16,46.68087007562335,0.8123913300693054,0.2,0.128,Benign|Exploits|Fuzzers|Generic|Reconnaissance|Shellcode,post_change,5.516849485927804
97,48500,49000,500,0.05648035365564757,pca_component_16,23.120848322758857,0.15362938036276902,0.066,0.02,Benign|DoS|Exploits|Generic|Reconnaissance,post_change,-0.3812081771609819
98,49000,49500,500,0.056326039045483695,pca_component_2,18.697202023159196,0.13777566355710835,0.064,0.008,Benign|DoS|Exploits|Generic|Reconnaissance|Shellcode,post_change,-0.3871292846496563
99,49500,50000,500,0.05485022675739153,pca_component_2,20.309693186464376,0.13983152620783929,0.07,0.012,Benign|DoS|Exploits|Generic|Reconnaissance,post_change,-0.4437567367205941
100,50000,50500,500,0.05441236779159885,pca_component_5,26.513489945426866,0.1584915317656891,0.054,0.008,Benign|Exploits|Reconnaissance,post_change,-0.4605575438417414
101,50500,51000,500,0.05838216715648253,pca_component_5,23.83290196771709,0.16122918716577755,0.034,0.004,Benign|Exploits|Generic|Reconnaissance|Shellcode,post_change,-0.30823490424860134
102,51000,51500,500,0.057434674275532636,pca_component_1,14.100606806546377,0.12200230975774146,0.048,0.008,Benign|DoS|Exploits|Fuzzers|Reconnaissance,post_change,-0.34459054929672966
103,51500,52000,500,0.055370931538389366,pca_component_15,14.810264591766138,0.12054195419373454,0.058,0.004,Benign|DoS|Exploits|Fuzzers|Generic|Reconnaissance,post_change,-0.42377710566115845
104,52000,52500,500,0.07768794924720188,pca_component_11,12.160121143378783,0.15324898166631792,0.034,0.0,Backdoor|Benign|DoS|Exploits|Generic|Worms,post_change,0.4325349476188398
105,52500,53000,500,0.05792947227426702,pca_component_5,23.785537977003344,0.1598199721581216,0.038,0.008,Benign|Exploits|Generic|Reconnaissance,post_change,-0.3256049708568396
106,53000,53500,500,0.059813419762357684,pca_component_5,18.700418335728255,0.14631851458119163,0.05,0.01,Backdoor|Benign|DoS|Exploits|Reconnaissance,post_change,-0.2533172233249831
107,53500,54000,500,0.05687873866932949,pca_component_1,23.97349210133764,0.15753991117414598,0.058,0.012,Benign|Exploits|Fuzzers|Generic|Reconnaissance,post_change,-0.3659219998807963
108,54000,54500,500,0.05915665897418591,pca_component_2,18.35226709251522,0.143358513091332,0.06,0.006,Benign|DoS|Exploits|Generic|Reconnaissance,post_change,-0.2785173726626377
109,54500,55000,500,0.05626939436159053,pca_component_2,28.883639785106826,0.1710697379145458,0.054,0.008,Benign|DoS|Exploits|Reconnaissance,post_change,-0.3893027616887859
110,55000,55500,500,0.058596164270570274,pca_component_5,19.00207125647985,0.1444922813806228,0.038,0.006,Benign|Exploits|Fuzzers|Generic|Reconnaissance,post_change,-0.3000237574658432
111,55500,56000,500,0.03880330794768847,pca_component_4,26.71472268571179,0.11345380733256254,0.048,0.004,Benign|DoS|Exploits|Fuzzers|Reconnaissance|Shellcode,post_change,-1.0594828240520642
112,56000,56500,500,0.13092355064155373,pca_component_24,20.46926515050516,0.33507643784049523,0.104,0.026,Benign|DoS|Exploits|Fuzzers|Generic|Reconnaissance,post_change,2.475204256412368
113,56500,57000,500,0.05818561063907298,pca_component_17,20.333695583767685,0.14842215887732688,0.06,0.038,Benign|DoS|Exploits|Fuzzers|Generic|Reconnaissance|Shellcode,post_change,-0.3157768490193881
114,57000,57500,500,0.056870469761101654,pca_component_20,14.34686154161073,0.1218541314032024,0.07,0.01,Backdoor|Benign|Exploits|Fuzzers|Generic|Reconnaissance,post_change,-0.3662392808847079
115,57500,58000,500,0.1058932261147976,pca_component_24,24.565606208525498,0.29689775360396403,0.09,0.004,Benign|DoS|Exploits|Fuzzers|Generic|Reconnaissance,post_change,1.5147816376989582
116,58000,58500,500,0.04423069109529224,pca_component_1,18.728617009458468,0.1082808281491242,0.042,0.008,Benign|DoS|Exploits|Fuzzers|Generic|Reconnaissance,post_change,-0.8512321667419418
117,58500,59000,500,0.05587174053158854,pca_component_1,17.92978991165713,0.13383040443863892,0.054,0.01,Benign|DoS|Exploits|Fuzzers|Generic|Reconnaissance,post_change,-0.404560883186319
118,59000,59500,500,0.07785897695964723,pca_component_16,24.39605013616018,0.21754216216588296,0.116,0.012,Backdoor|Benign|DoS|Exploits|Fuzzers|Generic|Reconnaissance|Shellcode,post_change,0.4390973428959665
119,59500,60000,500,0.06597140825724293,pca_component_26,16.50229292929015,0.15160128761555336,0.058,0.008,Benign|DoS|Exploits|Fuzzers|Generic|Reconnaissance,post_change,-0.017032974195784475
120,60000,60500,500,0.0489029398801449,pca_component_2,16.551417689237148,0.1125453501539017,0.054,0.01,Benign|DoS|Exploits|Fuzzers|Generic|Reconnaissance|Shellcode|Worms,post_change,-0.6719562884595006
121,60500,61000,500,0.10453293368896148,pca_component_4,28.716263716791985,0.3168780045843314,0.006,0.002,Benign|Exploits|Fuzzers|Reconnaissance,post_change,1.4625867245870245
122,61000,61500,500,0.0902782975383537,pca_component_20,15.443807389498794,0.20069453103833787,0.064,0.004,Benign|DoS|Exploits|Generic|Reconnaissance|Shellcode,post_change,0.9156311720955201
123,61500,62000,500,0.09686805461978862,pca_component_19,18.61012823531279,0.23639062559697477,0.02,0.01,Benign|Exploits|Generic|Reconnaissance,post_change,1.168482538288221
124,62000,62500,500,0.08183834006483093,pca_component_22,14.324391653146973,0.17521443983545562,0.048,0.008,Benign|DoS|Exploits|Generic|Reconnaissance|Shellcode,post_change,0.591786946668649
125,62500,63000,500,0.0823223998422597,pca_component_5,24.775816576552703,0.23179656727370723,0.072,0.01,Benign|DoS|Exploits|Generic|Reconnaissance|Shellcode,post_change,0.610360495667385
126,63000,63500,500,0.08482687442612219,pca_component_5,24.550389276349996,0.237759372353,0.064,0.004,Benign|DoS|Exploits|Fuzzers|Generic|Reconnaissance|Shellcode|Worms,post_change,0.7064580926347432
127,63500,64000,500,0.10489404541660988,pca_component_5,20.079494658206244,0.2658901282761642,0.088,0.006,Benign|DoS|Exploits|Fuzzers|Generic|Reconnaissance|Shellcode,post_change,1.476442712380769
128,64000,64500,500,0.15406130472526863,pca_component_23,28.44405611505566,0.46479807857749056,0.13,0.016,Benign|DoS|Exploits|Fuzzers|Generic|Reconnaissance|Shellcode,post_change,3.3630082616890133
129,64500,65000,500,0.20817665307030508,pca_component_25,33.766597141133744,0.6843064906866806,0.146,0.022,Benign|Exploits|Fuzzers|Generic|Reconnaissance,post_change,5.4394337796470875
130,65000,65500,500,0.2555977042632878,pca_component_25,49.993736375395954,1.0223267763246868,0.124,0.018,Benign|Exploits|Fuzzers|Generic|Reconnaissance|Shellcode,post_change,7.258996691035738
131,65500,66000,500,0.3027311027494146,pca_component_25,61.459001415592475,1.3425324194474293,0.116,0.004,Benign|DoS|Exploits|Fuzzers|Generic|Reconnaissance|Shellcode|Worms,post_change,8.0
132,66000,66500,500,0.4573820920791386,pca_component_25,63.34425321691875,2.0592437476626713,0.148,0.008,Benign|DoS|Exploits|Fuzzers|Generic|Reconnaissance|Worms,post_change,8.0
133,66500,67000,500,1.0664131310714013,pca_component_25,68.22317685525348,4.9827195358692125,0.204,0.01,Benign|DoS|Exploits|Fuzzers|Generic|Reconnaissance|Shellcode|Worms,post_change,8.0
134,67000,67500,500,0.40312654077806004,pca_component_25,62.62870746333182,1.8046920510330176,0.126,0.03,Benign|DoS|Exploits|Fuzzers|Generic|Reconnaissance|Shellcode,post_change,8.0
135,67500,68000,500,0.150919774739896,pca_component_25,41.824763239427625,0.5521255985378133,0.144,0.024,Benign|Exploits|Fuzzers|Generic|Reconnaissance|Shellcode,post_change,3.242466618208001
136,68000,68500,500,0.09161194182785497,pca_component_25,37.4314840208152,0.31706302634811845,0.122,0.022,Benign|DoS|Exploits|Fuzzers|Generic|Reconnaissance|Shellcode,post_change,0.9668035865636511
137,68500,69000,500,0.08819317169720829,pca_component_25,31.00941309933479,0.2778156608835563,0.074,0.02,Benign|Exploits|Fuzzers|Generic|Reconnaissance|Shellcode,post_change,0.8356241382850237
138,69000,69500,500,0.10512012700240411,pca_component_25,24.95004664662076,0.29702742280208144,0.078,0.006,Benign|DoS|Exploits|Fuzzers|Generic|Reconnaissance,post_change,1.485117544720209
139,69500,70000,500,0.1086969915246155,pca_component_25,33.230551392924134,0.3544551469031208,0.106,0.006,Benign|Exploits|Fuzzers|Generic|Reconnaissance|Shellcode,post_change,1.6223631320689942
140,70000,70500,500,0.12496834153044507,pca_component_25,39.18530087809864,0.4425237544197192,0.102,0.006,Benign|Exploits|Fuzzers|Generic|Reconnaissance|Shellcode,post_change,2.2467007256905402
141,70500,71000,500,0.10033148133521848,pca_component_25,38.27110291962986,0.3511136411725608,0.07,0.01,Benign|DoS|Exploits|Fuzzers|Generic|Reconnaissance,post_change,1.3013754759007328
142,71000,71500,500,0.21306073868413403,pca_component_25,37.585483229274146,0.7389047981154897,0.138,0.008,Benign|DoS|Exploits|Fuzzers|Generic|Reconnaissance|Shellcode,post_change,5.626837913790049
143,71500,72000,500,0.3198718105724646,pca_component_25,36.270321445319254,1.0897494537881338,0.186,0.01,Benign|DoS|Exploits|Generic|Reconnaissance,post_change,8.0
144,72000,72500,500,0.38063867686128744,pca_component_25,37.59915292084278,1.3203131068155776,0.2,0.004,Benign|DoS|Exploits|Generic|Reconnaissance,post_change,8.0
145,72500,73000,500,0.2815967722871768,pca_component_25,37.97180041997974,0.9815970769885042,0.144,0.008,Benign|DoS|Exploits|Generic|Reconnaissance,post_change,8.0
146,73000,73500,500,0.24928327183162094,pca_component_25,37.12375363068234,0.8591996000727469,0.134,0.006,Benign|Exploits|Generic|Reconnaissance,post_change,7.016709631384245
147,73500,74000,500,0.2736567805996164,pca_component_25,36.13729959871253,0.9305914343746011,0.172,0.004,Benign|Exploits|Generic|Reconnaissance|Shellcode,post_change,7.9519299915185915
148,74000,74500,500,0.19290653195458585,pca_component_25,31.642850787317652,0.6138464156024673,0.132,0.028,Backdoor|Benign|DoS|Exploits|Fuzzers|Generic|Reconnaissance|Shellcode,post_change,4.8535137012097085
149,74500,75000,500,0.15140311750804727,pca_component_25,29.618298942790066,0.46611154821031286,0.12,0.018,Benign|Exploits|Fuzzers|Generic|Reconnaissance|Shellcode,post_change,3.26101265530104
150,75000,75500,500,0.10241094254526086,pca_component_25,37.13626310950605,0.3530371857177358,0.062,0.008,Benign|DoS|Exploits|Fuzzers|Generic|Reconnaissance,post_change,1.381165155763932
151,75500,76000,500,0.08093955408342406,pca_component_25,28.757718197163562,0.24553477422412612,0.074,0.01,Benign|Exploits|Fuzzers|Generic|Reconnaissance|Shellcode,post_change,0.5573002029988673
152,76000,76500,500,0.09065427044957869,pca_component_5,40.90708533875239,0.3279914515048941,0.056,0.028,Benign|DoS|Exploits|Fuzzers|Generic|Reconnaissance,post_change,0.930057388886198
153,76500,77000,500,0.23343698695299483,pca_component_11,39.665736882997585,0.8316726534768442,0.078,0.012,Benign|DoS|Exploits|Fuzzers|Generic|Reconnaissance,post_change,6.408681940662923
154,77000,77500,500,0.12003343454026501,pca_component_25,36.87469175495091,0.4123266649442877,0.088,0.01,Benign|DoS|Exploits|Fuzzers|Generic|Reconnaissance,post_change,2.057346556928187
155,77500,78000,500,20.64548983795864,pca_component_12,42.58541340131261,76.21327325976537,0.076,0.014,Benign|DoS|Exploits|Fuzzers|Generic|Reconnaissance,post_change,8.0
156,78000,78500,500,0.20184761348597577,pca_component_25,33.55186238839311,0.6613889337038139,0.132,0.008,Benign|Exploits|Fuzzers|Generic|Reconnaissance|Shellcode,post_change,5.196586238256853
157,78500,79000,500,0.15972597986312792,pca_component_25,38.86597277765418,0.5632942541871934,0.108,0.008,Backdoor|Benign|DoS|Exploits|Fuzzers|Generic|Reconnaissance|Shellcode,post_change,3.580363898618449
158,79000,79500,500,0.15443404494549437,pca_component_25,40.60688797779026,0.5566957291666086,0.1,0.006,Benign|DoS|Exploits|Fuzzers|Generic|Reconnaissance|Worms,post_change,3.377310438955087
159,79500,80000,500,0.1362160620912881,pca_component_25,42.00280992685136,0.49939303693475534,0.106,0.008,Benign|Exploits|Fuzzers|Generic|Reconnaissance,post_change,2.6782798378212727
160,80000,80500,500,0.32655584899555534,pca_component_12,36.04919174215572,1.1091243039468097,0.086,0.004,Benign|DoS|Exploits|Fuzzers|Generic|Reconnaissance|Shellcode,post_change,8.0
161,80500,81000,500,0.12655358565650518,pca_component_25,42.006498174450485,0.46398899825349993,0.1,0.006,Benign|DoS|Exploits|Fuzzers|Generic|Reconnaissance,post_change,2.3075271170233105
162,81000,81500,500,0.10240889341952561,pca_component_25,39.567755208484876,0.36440419562831905,0.068,0.024,Backdoor|Benign|DoS|Exploits|Generic|Reconnaissance,post_change,1.381086530067225
163,81500,82000,500,0.15615320219430265,pca_component_25,42.02900489949482,0.5726647319763934,0.112,0.052,Benign|Exploits|Fuzzers|Generic|Reconnaissance|Shellcode,post_change,3.443275125314452
164,82000,82500,500,0.09513459617219978,pca_component_25,27.36201734078075,0.28150591526344426,0.07,0.016,Benign|DoS|Exploits|Fuzzers|Generic|Reconnaissance,post_change,1.1019691097513873
165,82500,83000,500,0.07761681796478165,pca_component_25,38.65516829598213,0.27298237474931303,0.072,0.012,Backdoor|Benign|DoS|Exploits|Fuzzers|Generic|Reconnaissance,post_change,0.42980561454681143
166,83000,83500,500,0.09021104822542937,pca_component_25,25.493890395627698,0.2576634251085734,0.08,0.026,Benign|Exploits|Fuzzers|Generic|Reconnaissance|Shellcode,post_change,0.9130507915991977
167,83500,84000,500,0.13433736712704925,pca_component_25,30.560561314661083,0.4200998097692134,0.082,0.022,Benign|Exploits|Fuzzers|Generic|Reconnaissance,post_change,2.6061936315322085
168,84000,84500,500,0.10986078981593084,pca_component_25,40.8872057352329,0.39738495608078134,0.074,0.016,Benign|Exploits|Fuzzers|Generic|Reconnaissance,post_change,1.66701849406418
169,84500,85000,500,0.12186354853504407,pca_component_25,41.280673961453786,0.4429168462233091,0.088,0.008,Benign|Exploits|Fuzzers|Generic|Reconnaissance,post_change,2.1275686938218135
170,85000,85500,500,0.09128190212552696,pca_component_25,33.21063222712608,0.2975762332361993,0.098,0.006,Benign|DoS|Exploits|Fuzzers|Generic|Reconnaissance,post_change,0.9541398436365299
171,85500,86000,500,0.1191215735972975,pca_component_25,38.99389074221534,0.4207883391910402,0.1,0.006,Benign|DoS|Exploits|Fuzzers|Generic|Reconnaissance,post_change,2.0223581222472395
172,86000,86500,500,0.1357107259030513,pca_component_25,35.72204318580376,0.45883581320111483,0.108,0.01,Benign|Exploits|Fuzzers|Generic|Reconnaissance|Worms,post_change,2.6588899052329746
173,86500,87000,500,0.11151364396390699,pca_component_25,41.35117742426552,0.40564575619088633,0.106,0.008,Benign|DoS|Exploits|Fuzzers|Generic|Reconnaissance,post_change,1.7304391064279425
174,87000,87500,500,0.15132912249131095,pca_component_25,35.27861618513302,0.5084558794973273,0.124,0.008,Benign|Exploits|Fuzzers|Generic|Reconnaissance,post_change,3.2581734397059856
175,87500,88000,500,0.07638316307710227,pca_component_25,16.33330566797403,0.1746263082891262,0.086,0.002,Benign|DoS|Exploits|Fuzzers|Generic|Reconnaissance,post_change,0.3824698296452973
176,88000,88500,500,0.07206272179723003,pca_component_1,24.5172225319672,0.20184652871766776,0.064,0.008,Benign|DoS|Exploits|Fuzzers|Generic|Reconnaissance,post_change,0.21669293276260337
177,88500,89000,500,0.06070681628407268,pca_component_25,31.23358357029591,0.19192137846378002,0.06,0.0,Benign|DoS|Exploits|Fuzzers|Generic|Shellcode,post_change,-0.21903727517577837
178,89000,89500,500,0.0745447301827766,pca_component_11,14.82651321989821,0.162372116195127,0.066,0.006,Backdoor|Benign|DoS|Exploits|Fuzzers|Generic|Reconnaissance|Shellcode,post_change,0.31192849356274993
179,89500,90000,500,0.08205389851040566,pca_component_23,19.502447627573662,0.2049834362675054,0.072,0.03,Benign|DoS|Exploits|Fuzzers|Generic|Reconnaissance|Shellcode,post_change,0.6000580023061169
180,90000,90500,500,0.08023752529208168,pca_component_25,24.19740383854648,0.223273356410315,0.072,0.008,Analysis|Benign|DoS|Exploits|Fuzzers|Generic|Reconnaissance,post_change,0.5303631039823316
181,90500,91000,500,0.07634161727668289,pca_component_25,25.912155270643577,0.21983058416540388,0.05,0.012,Benign|DoS|Exploits|Fuzzers|Generic|Reconnaissance,post_change,0.3808757022342571
182,91000,91500,500,0.06633384376964038,pca_component_5,27.257910293501833,0.1959099219973917,0.06,0.01,Benign|Exploits|Fuzzers|Generic|Reconnaissance|Shellcode,post_change,-0.0031261923017101246
183,91500,92000,500,35.683489798625814,pca_component_12,42.557914064926194,131.6838383651,0.062,0.004,Benign|DoS|Exploits|Fuzzers|Generic|Reconnaissance,post_change,8.0
184,92000,92500,500,0.06453062670521789,pca_component_25,24.798495278551023,0.1817831131905229,0.056,0.004,Backdoor|Benign|DoS|Exploits|Fuzzers|Generic|Reconnaissance|Shellcode|Worms,post_change,-0.07231628423480098
185,92500,93000,500,72.07700922187782,pca_component_12,42.57875777876812,266.0530489319999,0.092,0.002,Benign|Exploits|Fuzzers|Generic|Reconnaissance,post_change,8.0
186,93000,93500,500,0.05486261488475127,pca_component_7,13.136070338610804,0.11248230958393642,0.066,0.01,Benign|Exploits|Fuzzers|Generic|Reconnaissance,post_change,-0.44328139978650544
187,93500,94000,500,0.05799559051302563,pca_component_25,24.48264995592922,0.16233014462173168,0.062,0.008,Benign|Exploits|Fuzzers|Generic|Reconnaissance,post_change,-0.3230679900859599
188,94000,94500,500,0.09089428394192701,pca_component_25,34.388422314289315,0.30152108525551846,0.058,0.01,Benign|Exploits|Fuzzers|Generic|Reconnaissance|Shellcode,post_change,0.9392667935266101
189,94500,95000,500,0.08180278579595085,pca_component_25,37.77303634925782,0.28440290706301796,0.064,0.04,Backdoor|Benign|DoS|Exploits|Fuzzers|Generic|Reconnaissance|Shellcode,post_change,0.5904227164930577
190,95000,95500,500,0.08681140956391487,pca_component_25,34.980381994231514,0.2904451113407046,0.076,0.042,Benign|Exploits|Fuzzers|Generic|Reconnaissance|Shellcode,post_change,0.7826054247210775
191,95500,96000,500,0.06835779784719549,pca_component_25,41.57916402106474,0.24934515232013202,0.06,0.024,Benign|Exploits|Fuzzers|Generic|Reconnaissance|Shellcode,post_change,0.0745336587818539
192,96000,96500,500,0.07207354585021376,pca_component_25,36.43362729473822,0.2460945997144444,0.072,0.012,Benign|DoS|Exploits|Fuzzers|Generic|Reconnaissance,post_change,0.21710825559633726
193,96500,97000,500,0.08344639770771642,pca_component_25,40.76348603101935,0.3013826457542745,0.08,0.008,Benign|Exploits|Fuzzers|Generic|Reconnaissance|Shellcode,post_change,0.6534887009056464
194,97000,97500,500,0.0992039920353833,pca_component_25,34.52455365826681,0.32973737350450655,0.098,0.014,Benign|DoS|Exploits|Fuzzers|Generic|Reconnaissance,post_change,1.2581133030606835
195,97500,98000,500,0.4921787100726679,pca_component_12,30.82069622147622,1.5456780348669843,0.148,0.008,Benign|DoS|Exploits|Fuzzers|Generic|Reconnaissance|Shellcode,post_change,8.0
196,98000,98500,500,0.2705439992069775,pca_component_25,33.53090714794602,0.8862077551425314,0.138,0.01,Benign|DoS|Exploits|Fuzzers|Generic|Reconnaissance|Shellcode,post_change,7.832491441954247
197,98500,99000,500,0.2592556539860872,pca_component_25,36.463875643686976,0.8855939460147624,0.122,0.008,Benign|DoS|Exploits|Fuzzers|Generic|Reconnaissance|Shellcode,post_change,7.39935354690221
198,99000,99500,500,0.22520463304000793,pca_component_25,20.914057504244973,0.5826013127747893,0.144,0.012,Benign|DoS|Exploits|Generic|Reconnaissance,post_change,6.092803539053117
199,99500,100000,500,0.2000297939396823,pca_component_25,25.113273740693796,0.567049983339175,0.096,0.004,Benign|DoS|Exploits|Generic|Reconnaissance|Shellcode,post_change,5.126835843804981
200,100000,100500,500,0.1816595246498314,pca_component_25,27.553230092858534,0.5394105323228243,0.088,0.006,Benign|DoS|Exploits|Generic|Reconnaissance|Shellcode,post_change,4.421961956973454
201,100500,101000,500,0.1376807580927327,pca_component_25,24.089137698690564,0.3822600082679514,0.066,0.01,Benign|Exploits|Generic|Reconnaissance|Shellcode,post_change,2.734480753946942
202,101000,101500,500,0.11876329105343755,pca_component_25,29.843139914103485,0.3670113291217359,0.092,0.008,Benign|Exploits|Fuzzers|Generic|Reconnaissance|Shellcode,post_change,2.00861069126026
203,101500,102000,500,0.10422917252105716,pca_component_25,31.237721249595847,0.32953682390990074,0.052,0.002,Benign|DoS|Exploits|Fuzzers|Generic|Reconnaissance|Shellcode,post_change,1.4509312985444955
204,102000,102500,500,0.09706292571110262,pca_component_26,17.67486796868301,0.23083754994980832,0.102,0.004,Benign|Exploits|Fuzzers|Generic|Reconnaissance|Shellcode,post_change,1.1759598126492172
205,102500,103000,500,0.07757742023110258,pca_component_25,27.2246014553428,0.22897659240200957,0.054,0.012,Benign|DoS|Exploits|Fuzzers|Generic|Reconnaissance,post_change,0.4282939092346817
206,103000,103500,500,0.13513750806422362,pca_component_25,25.1329366691516,0.38324148460934027,0.1,0.006,Benign|Exploits|Fuzzers|Generic|Reconnaissance,post_change,2.636895329123039
207,103500,104000,500,0.12461314668139314,pca_component_25,27.633773174353195,0.3705603485234134,0.096,0.008,Benign|Exploits|Fuzzers|Generic|Reconnaissance|Shellcode,post_change,2.2330717706717866
208,104000,104500,500,0.16043699305103934,pca_component_25,30.48212886667992,0.5010743252052399,0.094,0.004,Benign|DoS|Exploits|Generic|Reconnaissance,post_change,3.6076457321857167
209,104500,105000,500,0.18940147447676636,pca_component_25,34.601568468815174,0.6302403977732947,0.15,0.008,Benign|Exploits|Generic|Reconnaissance|Shellcode,post_change,4.719023376164583
210,105000,105500,500,0.157076100195737,pca_component_23,32.505831357514985,0.5066006449963287,0.116,0.006,Benign|Exploits|Generic|Reconnaissance|Shellcode,post_change,3.478687055926677
211,105500,106000,500,0.17733077217114782,pca_component_25,37.84639324747679,0.6171224463913196,0.104,0.006,Benign|DoS|Exploits|Fuzzers|Generic|Reconnaissance,post_change,4.255866156381841
212,106000,106500,500,0.1945407730569752,pca_component_25,37.55039601163818,0.6743616851346762,0.128,0.012,Benign|DoS|Exploits|Generic|Reconnaissance,post_change,4.9162201242721855
213,106500,107000,500,0.1981383362117273,pca_component_25,31.806519687712665,0.6321229763692443,0.16,0.024,Benign|DoS|Exploits|Fuzzers|Generic|Reconnaissance,post_change,5.054259925649131
214,107000,107500,500,0.1274852078057259,pca_component_25,42.010800924934145,0.46742858332333426,0.084,0.022,Benign|DoS|Exploits|Fuzzers|Generic|Reconnaissance,post_change,2.3432737963462063
215,107500,108000,500,0.12709660823906332,pca_component_25,33.125903254213895,0.41380221845406956,0.142,0.026,Benign|Exploits|Fuzzers|Generic|Reconnaissance|Worms,post_change,2.328363090212692
216,108000,108500,500,0.10726101214414795,pca_component_25,41.869626511019035,0.39261457999329163,0.076,0.01,Benign|Exploits|Fuzzers|Generic|Reconnaissance,post_change,1.5672640830921074
217,108500,109000,500,0.10525009790338416,pca_component_25,33.154199773970966,0.3428204910550949,0.064,0.016,Benign|Exploits|Fuzzers|Generic|Reconnaissance|Shellcode,post_change,1.4901045752695878
218,109000,109500,500,0.14426863911844004,pca_component_25,29.629163925153335,0.4442287095674955,0.14,0.034,Backdoor|Benign|DoS|Exploits|Fuzzers|Generic|Reconnaissance|Shellcode,post_change,2.9872601352018204
219,109500,110000,500,0.1241402272939755,pca_component_25,34.41710239140054,0.41197861885762177,0.104,0.018,Benign|DoS|Exploits|Fuzzers|Generic|Reconnaissance|Shellcode,post_change,2.214925682473111
220,110000,110500,500,0.15088893799154687,pca_component_25,37.78016905655751,0.5246435517869426,0.102,0.008,Benign|Exploits|Generic|Reconnaissance,post_change,3.2412834010039884
221,110500,111000,500,0.1997360185313071,pca_component_25,39.07219794265929,0.706261120214512,0.136,0.008,Benign|DoS|Exploits|Generic|Reconnaissance|Worms,post_change,5.115563574972682
222,111000,111500,500,0.15549844207586427,pca_component_25,28.78404905813504,0.4719293357345423,0.096,0.006,Benign|Exploits|Generic|Reconnaissance,post_change,3.418151742399161
223,111500,112000,500,0.11089331924253064,pca_component_11,13.833012425366368,0.23331290201264518,0.082,0.004,Benign|DoS|Exploits|Generic|Reconnaissance|Shellcode,post_change,1.7066370221713003
224,112000,112500,500,0.13853546343120385,pca_component_22,22.677822778961534,0.37319569865757884,0.104,0.006,Benign|Exploits|Generic|Reconnaissance|Shellcode,post_change,2.767276107380147
225,112500,113000,500,0.1963893715000077,pca_component_25,27.677255075073813,0.5844595745055478,0.126,0.008,Backdoor|Benign|DoS|Exploits|Generic|Reconnaissance|Shellcode,post_change,4.987151516140836
226,113000,113500,500,0.21988493150079436,pca_component_26,14.881255283047683,0.47983314190013177,0.106,0.004,Benign|Exploits|Generic|Reconnaissance,post_change,5.888684664061951
227,113500,114000,500,0.17994335977953224,pca_component_25,30.51566366727936,0.5623053609439416,0.114,0.0,Benign|DoS|Exploits|Generic,post_change,4.3561120892614
228,114000,114500,500,0.12287670322023486,pca_component_25,20.607463422027095,0.31554173467444,0.108,0.004,Benign|DoS|Exploits|Generic|Reconnaissance,post_change,2.1664438060830453
229,114500,115000,500,0.15787535945905912,pca_component_25,25.110315480541125,0.4475230677575716,0.126,0.0,Benign|DoS|Exploits|Fuzzers|Generic|Worms,post_change,3.509354923372431
230,115000,115500,500,0.27791449689550285,pca_component_25,23.961337871030086,0.76955864665641,0.112,0.008,Benign|DoS|Exploits|Fuzzers|Generic|Reconnaissance,post_change,8.0
231,115500,116000,500,0.15751032950036306,pca_component_25,27.73352797330496,0.46923088402888874,0.102,0.006,Benign|DoS|Exploits|Fuzzers|Generic|Reconnaissance|Shellcode,post_change,3.4953485916341047
232,116000,116500,500,0.1448061212418897,pca_component_25,21.64294424095655,0.3810834428849542,0.114,0.006,Benign|DoS|Exploits|Fuzzers|Generic|Reconnaissance,post_change,3.007883518968314
233,116500,117000,500,0.11784518284991886,pca_component_25,22.308658096884106,0.3148643908761875,0.07,0.004,Benign|DoS|Exploits|Generic|Reconnaissance,post_change,1.9733825469290465
234,117000,117500,500,0.14649700946990826,pca_component_25,30.492458268822247,0.4576147006340854,0.104,0.004,Backdoor|Benign|DoS|Exploits|Generic|Reconnaissance|Shellcode,post_change,3.072763512760217
235,117500,118000,500,0.17287053591887275,pca_component_25,31.24181329057929,0.5465930229950973,0.128,0.012,Benign|DoS|Exploits|Generic|Reconnaissance,post_change,4.084725275770746
236,118000,118500,500,0.15752496911035485,pca_component_23,19.25465828406665,0.39101399346627774,0.122,0.016,Benign|DoS|Exploits|Generic|Reconnaissance,post_change,3.4959103187723297
237,118500,119000,500,0.12637333708224993,pca_component_25,24.520548442916464,0.35399369989000207,0.088,0.002,Benign|DoS|Exploits|Generic|Reconnaissance,post_change,2.300610913938507
238,119000,119500,500,0.10631596285541499,pca_component_25,29.73194884246165,0.32793302438031247,0.078,0.01,Benign|DoS|Exploits|Generic|Reconnaissance,post_change,1.5310021995624743
239,119500,120000,500,0.11690108726447536,pca_component_23,21.532649124561594,0.3068614065693528,0.09,0.004,Benign|DoS|Exploits|Fuzzers|Generic|Reconnaissance|Shellcode,post_change,1.9371572573400853
